14 [140461835342528] INFO perfrun.launcher <> - Launcher main begin
17 [140461835342528] INFO perfrun.launcher <> - MessageCatalogInit finished
17 [140461835342528] INFO perfrun.launcher <> - Launcher instance created
17 [140461835342528] INFO perfrun.launcher <> - argc = 7; cmdline = /home/intel/oneapi/vtune/2021.1.1/bin64/amplxe-runss --ui-output-format xml --ui-output-fd 5 --option-file /home/users/phffleck/trabalho-1-openmp/experimentos_hype/vtune/resultados/20260928_221203_grande_p20_g500/hpc/config/runsa.options 
31 [140461835342528] INFO perfrun.launcher <> - plugin remoteplug has been added successfully
31 [140461835342528] INFO perfrun.launcher <> - plugin system has been added successfully
31 [140461835342528] INFO perfrun.launcher <> - plugin vdso has been added successfully
31 [140461835342528] INFO perfrun.launcher <> - plugin itt has been added successfully
31 [140461835342528] INFO perfrun.launcher <> - plugin ptracecollector has been added successfully
31 [140461835342528] INFO perfrun.launcher <> - plugin gpu has been added successfully
31 [140461835342528] INFO perfrun.launcher <> - plugin  has been added successfully
31 [140461835342528] INFO perfrun.launcher <> - plugin  has been added successfully
31 [140461835342528] INFO perfrun.launcher <> - plugin  has been added successfully
31 [140461835342528] INFO perfrun.launcher <> - plugin mrte has been added successfully
32 [140461835342528] INFO perfrun.launcher <> - plugin emon has been added successfully
32 [140461835342528] INFO perfrun.launcher <> - plugin cuscol has been added successfully
32 [140461835342528] INFO perfrun.launcher <> - plugin stdsrc has been added successfully
32 [140461835342528] INFO perfrun.launcher <> - plugin sep has been added successfully
32 [140461835342528] INFO perfrun.launcher <> - plugin vtsspp has been added successfully
32 [140461835342528] INFO perfrun.sdk <> - Reading value (-1) from file: /proc/sys/kernel/perf_event_paranoid
32 [140461835342528] INFO perfrun.perfcollector <> - checking access to: /home/intel/oneapi/vtune/2021.1.1/bin64/amplxe-perf-priv
36 [140461835342528] INFO perfrun.perfcollector <> - cpu: family = 6 model = 63
36 [140461835342528] INFO perfrun.perfcollector <> - dir found : /sys/bus/event_source/devices/software
36 [140461835342528] WARN perfrun.perfcollector <> - format subdir doesn't exist, at file: vcs/perfrun1/plugins/perfcollector/src/controller.cpp:725
36 [140461835342528] WARN perfrun.perfcollector <> - pmu hwInfo is not set, at file: vcs/perfrun1/plugins/perfcollector/src/controller.cpp:819
36 [140461835342528] INFO perfrun.perfcollector <> - pmu added : family : software , id : 0
36 [140461835342528] INFO perfrun.perfcollector <> - dir found : /sys/bus/event_source/devices/uncore_imc_5
36 [140461835342528] INFO perfrun.perfcollector <> - format: event config:0-7 mask:0-7
36 [140461835342528] INFO perfrun.perfcollector <> - format: edge config:18 mask:18
36 [140461835342528] INFO perfrun.perfcollector <> - format: inv config:23 mask:23
36 [140461835342528] INFO perfrun.perfcollector <> - format: umask config:8-15 mask:8-15
36 [140461835342528] INFO perfrun.perfcollector <> - format: thresh config:24-31 mask:24-31
36 [140461835342528] INFO perfrun.perfcollector <> - hwInfo : PERF_IMC_PMU_DETAILS
36 [140461835342528] INFO perfrun.perfcollector <> - pmu added : family : uncore_imc , id : 5
36 [140461835342528] INFO perfrun.perfcollector <> - dir found : /sys/bus/event_source/devices/uncore_sbox_2
36 [140461835342528] INFO perfrun.perfcollector <> - format: event config:0-7 mask:0-7
36 [140461835342528] INFO perfrun.perfcollector <> - format: edge config:18 mask:18
36 [140461835342528] INFO perfrun.perfcollector <> - format: inv config:23 mask:23
36 [140461835342528] INFO perfrun.perfcollector <> - format: umask config:8-15 mask:8-15
36 [140461835342528] INFO perfrun.perfcollector <> - format: tid_en config:19 mask:19
36 [140461835342528] INFO perfrun.perfcollector <> - format: thresh config:24-31 mask:24-31
36 [140461835342528] WARN perfrun.perfcollector <> - pmu hwInfo is not set, at file: vcs/perfrun1/plugins/perfcollector/src/controller.cpp:819
36 [140461835342528] INFO perfrun.perfcollector <> - pmu added : family : uncore_sbox , id : 2
36 [140461835342528] INFO perfrun.perfcollector <> - dir found : /sys/bus/event_source/devices/uncore_cbox_8
36 [140461835342528] INFO perfrun.perfcollector <> - format: event config:0-7 mask:0-7
36 [140461835342528] INFO perfrun.perfcollector <> - format: filter_link config1:6-8 mask:6-8
36 [140461835342528] INFO perfrun.perfcollector <> - format: filter_c6 config1:61 mask:61
36 [140461835342528] INFO perfrun.perfcollector <> - format: edge config:18 mask:18
36 [140461835342528] INFO perfrun.perfcollector <> - format: filter_isoc config1:63 mask:63
36 [140461835342528] INFO perfrun.perfcollector <> - format: filter_tid config1:0-5 mask:0-5
36 [140461835342528] INFO perfrun.perfcollector <> - format: filter_nid config1:32-47 mask:32-47
36 [140461835342528] INFO perfrun.perfcollector <> - format: filter_nc config1:62 mask:62
36 [140461835342528] INFO perfrun.perfcollector <> - format: umask config:8-15 mask:8-15
36 [140461835342528] INFO perfrun.perfcollector <> - format: tid_en config:19 mask:19
36 [140461835342528] INFO perfrun.perfcollector <> - format: thresh config:24-31 mask:24-31
37 [140461835342528] INFO perfrun.perfcollector <> - format: filter_state config1:17-23 mask:17-23
37 [140461835342528] INFO perfrun.perfcollector <> - format: filter_opc config1:52-60 mask:52-60
37 [140461835342528] WARN perfrun.perfcollector <> - pmu hwInfo is not set, at file: vcs/perfrun1/plugins/perfcollector/src/controller.cpp:819
37 [140461835342528] INFO perfrun.perfcollector <> - pmu added : family : uncore_cbox , id : 8
37 [140461835342528] INFO perfrun.perfcollector <> - dir found : /sys/bus/event_source/devices/uncore_r2pcie
37 [140461835342528] INFO perfrun.perfcollector <> - format: event config:0-7 mask:0-7
37 [140461835342528] INFO perfrun.perfcollector <> - format: edge config:18 mask:18
37 [140461835342528] INFO perfrun.perfcollector <> - format: inv config:23 mask:23
37 [140461835342528] INFO perfrun.perfcollector <> - format: umask config:8-15 mask:8-15
37 [140461835342528] INFO perfrun.perfcollector <> - format: thresh config:24-31 mask:24-31
37 [140461835342528] WARN perfrun.perfcollector <> - pmu hwInfo is not set, at file: vcs/perfrun1/plugins/perfcollector/src/controller.cpp:819
37 [140461835342528] INFO perfrun.perfcollector <> - pmu added : family : uncore_r2pcie , id : 0
37 [140461835342528] INFO perfrun.perfcollector <> - dir found : /sys/bus/event_source/devices/uncore_sbox_0
37 [140461835342528] INFO perfrun.perfcollector <> - format: event config:0-7 mask:0-7
37 [140461835342528] INFO perfrun.perfcollector <> - format: edge config:18 mask:18
37 [140461835342528] INFO perfrun.perfcollector <> - format: inv config:23 mask:23
37 [140461835342528] INFO perfrun.perfcollector <> - format: umask config:8-15 mask:8-15
37 [140461835342528] INFO perfrun.perfcollector <> - format: tid_en config:19 mask:19
37 [140461835342528] INFO perfrun.perfcollector <> - format: thresh config:24-31 mask:24-31
37 [140461835342528] WARN perfrun.perfcollector <> - pmu hwInfo is not set, at file: vcs/perfrun1/plugins/perfcollector/src/controller.cpp:819
37 [140461835342528] INFO perfrun.perfcollector <> - pmu added : family : uncore_sbox , id : 0
37 [140461835342528] INFO perfrun.perfcollector <> - dir found : /sys/bus/event_source/devices/uncore_cbox_6
37 [140461835342528] INFO perfrun.perfcollector <> - format: event config:0-7 mask:0-7
37 [140461835342528] INFO perfrun.perfcollector <> - format: filter_link config1:6-8 mask:6-8
37 [140461835342528] INFO perfrun.perfcollector <> - format: filter_c6 config1:61 mask:61
37 [140461835342528] INFO perfrun.perfcollector <> - format: edge config:18 mask:18
37 [140461835342528] INFO perfrun.perfcollector <> - format: filter_isoc config1:63 mask:63
37 [140461835342528] INFO perfrun.perfcollector <> - format: filter_tid config1:0-5 mask:0-5
37 [140461835342528] INFO perfrun.perfcollector <> - format: filter_nid config1:32-47 mask:32-47
37 [140461835342528] INFO perfrun.perfcollector <> - format: filter_nc config1:62 mask:62
37 [140461835342528] INFO perfrun.perfcollector <> - format: umask config:8-15 mask:8-15
37 [140461835342528] INFO perfrun.perfcollector <> - format: tid_en config:19 mask:19
37 [140461835342528] INFO perfrun.perfcollector <> - format: thresh config:24-31 mask:24-31
37 [140461835342528] INFO perfrun.perfcollector <> - format: filter_state config1:17-23 mask:17-23
37 [140461835342528] INFO perfrun.perfcollector <> - format: filter_opc config1:52-60 mask:52-60
37 [140461835342528] WARN perfrun.perfcollector <> - pmu hwInfo is not set, at file: vcs/perfrun1/plugins/perfcollector/src/controller.cpp:819
37 [140461835342528] INFO perfrun.perfcollector <> - pmu added : family : uncore_cbox , id : 6
37 [140461835342528] INFO perfrun.perfcollector <> - dir found : /sys/bus/event_source/devices/uncore_imc_1
38 [140461835342528] INFO perfrun.perfcollector <> - format: event config:0-7 mask:0-7
38 [140461835342528] INFO perfrun.perfcollector <> - format: edge config:18 mask:18
38 [140461835342528] INFO perfrun.perfcollector <> - format: inv config:23 mask:23
38 [140461835342528] INFO perfrun.perfcollector <> - format: umask config:8-15 mask:8-15
38 [140461835342528] INFO perfrun.perfcollector <> - format: thresh config:24-31 mask:24-31
38 [140461835342528] INFO perfrun.perfcollector <> - hwInfo : PERF_IMC_PMU_DETAILS
38 [140461835342528] INFO perfrun.perfcollector <> - pmu added : family : uncore_imc , id : 1
38 [140461835342528] INFO perfrun.perfcollector <> - dir found : /sys/bus/event_source/devices/power
38 [140461835342528] INFO perfrun.perfcollector <> - format: event config:0-7 mask:0-7
38 [140461835342528] WARN perfrun.perfcollector <> - pmu hwInfo is not set, at file: vcs/perfrun1/plugins/perfcollector/src/controller.cpp:819
38 [140461835342528] INFO perfrun.perfcollector <> - pmu added : family : power , id : 0
38 [140461835342528] INFO perfrun.perfcollector <> - dir found : /sys/bus/event_source/devices/uncore_cbox_4
38 [140461835342528] INFO perfrun.perfcollector <> - format: event config:0-7 mask:0-7
38 [140461835342528] INFO perfrun.perfcollector <> - format: filter_link config1:6-8 mask:6-8
38 [140461835342528] INFO perfrun.perfcollector <> - format: filter_c6 config1:61 mask:61
38 [140461835342528] INFO perfrun.perfcollector <> - format: edge config:18 mask:18
38 [140461835342528] INFO perfrun.perfcollector <> - format: filter_isoc config1:63 mask:63
38 [140461835342528] INFO perfrun.perfcollector <> - format: filter_tid config1:0-5 mask:0-5
38 [140461835342528] INFO perfrun.perfcollector <> - format: filter_nid config1:32-47 mask:32-47
38 [140461835342528] INFO perfrun.perfcollector <> - format: filter_nc config1:62 mask:62
38 [140461835342528] INFO perfrun.perfcollector <> - format: umask config:8-15 mask:8-15
38 [140461835342528] INFO perfrun.perfcollector <> - format: tid_en config:19 mask:19
38 [140461835342528] INFO perfrun.perfcollector <> - format: thresh config:24-31 mask:24-31
38 [140461835342528] INFO perfrun.perfcollector <> - format: filter_state config1:17-23 mask:17-23
38 [140461835342528] INFO perfrun.perfcollector <> - format: filter_opc config1:52-60 mask:52-60
38 [140461835342528] WARN perfrun.perfcollector <> - pmu hwInfo is not set, at file: vcs/perfrun1/plugins/perfcollector/src/controller.cpp:819
38 [140461835342528] INFO perfrun.perfcollector <> - pmu added : family : uncore_cbox , id : 4
38 [140461835342528] INFO perfrun.perfcollector <> - dir found : /sys/bus/event_source/devices/uprobe
38 [140461835342528] INFO perfrun.perfcollector <> - format: ref_ctr_offset config:32-63 mask:32-63
38 [140461835342528] INFO perfrun.perfcollector <> - format: retprobe config:0 mask:0
38 [140461835342528] WARN perfrun.perfcollector <> - pmu hwInfo is not set, at file: vcs/perfrun1/plugins/perfcollector/src/controller.cpp:819
38 [140461835342528] INFO perfrun.perfcollector <> - pmu added : family : uprobe , id : 0
38 [140461835342528] INFO perfrun.perfcollector <> - dir found : /sys/bus/event_source/devices/cpu
38 [140461835342528] INFO perfrun.perfcollector <> - format: event config:0-7 mask:0-7
38 [140461835342528] INFO perfrun.perfcollector <> - format: pc config:19 mask:19
38 [140461835342528] INFO perfrun.perfcollector <> - format: edge config:18 mask:18
38 [140461835342528] INFO perfrun.perfcollector <> - format: any config:21 mask:21
38 [140461835342528] INFO perfrun.perfcollector <> - format: offcore_rsp config1:0-63 mask:0-63
38 [140461835342528] INFO perfrun.perfcollector <> - format: ldlat config1:0-15 mask:0-15
38 [140461835342528] INFO perfrun.perfcollector <> - format: inv config:23 mask:23
38 [140461835342528] INFO perfrun.perfcollector <> - format: umask config:8-15 mask:8-15
38 [140461835342528] INFO perfrun.perfcollector <> - format: cmask config:24-31 mask:24-31
38 [140461835342528] INFO perfrun.perfcollector <> - hwInfo : PERF_CPU_PMU_DETAILS
39 [140461835342528] INFO perfrun.perfcollector <> - pmu added : family : cpu , id : 0
39 [140461835342528] INFO perfrun.perfcollector <> - dir found : /sys/bus/event_source/devices/uncore_r3qpi_0
39 [140461835342528] INFO perfrun.perfcollector <> - format: event config:0-7 mask:0-7
39 [140461835342528] INFO perfrun.perfcollector <> - format: edge config:18 mask:18
39 [140461835342528] INFO perfrun.perfcollector <> - format: inv config:23 mask:23
39 [140461835342528] INFO perfrun.perfcollector <> - format: umask config:8-15 mask:8-15
39 [140461835342528] INFO perfrun.perfcollector <> - format: thresh config:24-31 mask:24-31
39 [140461835342528] WARN perfrun.perfcollector <> - pmu hwInfo is not set, at file: vcs/perfrun1/plugins/perfcollector/src/controller.cpp:819
39 [140461835342528] INFO perfrun.perfcollector <> - pmu added : family : uncore_r3qpi , id : 0
39 [140461835342528] INFO perfrun.perfcollector <> - dir found : /sys/bus/event_source/devices/cstate_core
39 [140461835342528] INFO perfrun.perfcollector <> - format: event config:0-63 mask:0-63
39 [140461835342528] WARN perfrun.perfcollector <> - pmu hwInfo is not set, at file: vcs/perfrun1/plugins/perfcollector/src/controller.cpp:819
39 [140461835342528] INFO perfrun.perfcollector <> - pmu added : family : cstate_core , id : 0
39 [140461835342528] INFO perfrun.perfcollector <> - dir found : /sys/bus/event_source/devices/uncore_cbox_2
39 [140461835342528] INFO perfrun.perfcollector <> - format: event config:0-7 mask:0-7
39 [140461835342528] INFO perfrun.perfcollector <> - format: filter_link config1:6-8 mask:6-8
39 [140461835342528] INFO perfrun.perfcollector <> - format: filter_c6 config1:61 mask:61
39 [140461835342528] INFO perfrun.perfcollector <> - format: edge config:18 mask:18
39 [140461835342528] INFO perfrun.perfcollector <> - format: filter_isoc config1:63 mask:63
39 [140461835342528] INFO perfrun.perfcollector <> - format: filter_tid config1:0-5 mask:0-5
39 [140461835342528] INFO perfrun.perfcollector <> - format: filter_nid config1:32-47 mask:32-47
39 [140461835342528] INFO perfrun.perfcollector <> - format: filter_nc config1:62 mask:62
39 [140461835342528] INFO perfrun.perfcollector <> - format: umask config:8-15 mask:8-15
39 [140461835342528] INFO perfrun.perfcollector <> - format: tid_en config:19 mask:19
39 [140461835342528] INFO perfrun.perfcollector <> - format: thresh config:24-31 mask:24-31
39 [140461835342528] INFO perfrun.perfcollector <> - format: filter_state config1:17-23 mask:17-23
39 [140461835342528] INFO perfrun.perfcollector <> - format: filter_opc config1:52-60 mask:52-60
39 [140461835342528] WARN perfrun.perfcollector <> - pmu hwInfo is not set, at file: vcs/perfrun1/plugins/perfcollector/src/controller.cpp:819
39 [140461835342528] INFO perfrun.perfcollector <> - pmu added : family : uncore_cbox , id : 2
39 [140461835342528] INFO perfrun.perfcollector <> - dir found : /sys/bus/event_source/devices/breakpoint
39 [140461835342528] WARN perfrun.perfcollector <> - format subdir doesn't exist, at file: vcs/perfrun1/plugins/perfcollector/src/controller.cpp:725
39 [140461835342528] WARN perfrun.perfcollector <> - pmu hwInfo is not set, at file: vcs/perfrun1/plugins/perfcollector/src/controller.cpp:819
39 [140461835342528] INFO perfrun.perfcollector <> - pmu added : family : breakpoint , id : 0
39 [140461835342528] INFO perfrun.perfcollector <> - dir found : /sys/bus/event_source/devices/uncore_ha_0
39 [140461835342528] INFO perfrun.perfcollector <> - format: event config:0-7 mask:0-7
39 [140461835342528] INFO perfrun.perfcollector <> - format: edge config:18 mask:18
39 [140461835342528] INFO perfrun.perfcollector <> - format: inv config:23 mask:23
39 [140461835342528] INFO perfrun.perfcollector <> - format: umask config:8-15 mask:8-15
39 [140461835342528] INFO perfrun.perfcollector <> - format: thresh config:24-31 mask:24-31
39 [140461835342528] WARN perfrun.perfcollector <> - pmu hwInfo is not set, at file: vcs/perfrun1/plugins/perfcollector/src/controller.cpp:819
39 [140461835342528] INFO perfrun.perfcollector <> - pmu added : family : uncore_ha , id : 0
39 [140461835342528] INFO perfrun.perfcollector <> - dir found : /sys/bus/event_source/devices/uncore_cbox_0
39 [140461835342528] INFO perfrun.perfcollector <> - format: event config:0-7 mask:0-7
39 [140461835342528] INFO perfrun.perfcollector <> - format: filter_link config1:6-8 mask:6-8
39 [140461835342528] INFO perfrun.perfcollector <> - format: filter_c6 config1:61 mask:61
40 [140461835342528] INFO perfrun.perfcollector <> - format: edge config:18 mask:18
40 [140461835342528] INFO perfrun.perfcollector <> - format: filter_isoc config1:63 mask:63
40 [140461835342528] INFO perfrun.perfcollector <> - format: filter_tid config1:0-5 mask:0-5
40 [140461835342528] INFO perfrun.perfcollector <> - format: filter_nid config1:32-47 mask:32-47
40 [140461835342528] INFO perfrun.perfcollector <> - format: filter_nc config1:62 mask:62
40 [140461835342528] INFO perfrun.perfcollector <> - format: umask config:8-15 mask:8-15
40 [140461835342528] INFO perfrun.perfcollector <> - format: tid_en config:19 mask:19
40 [140461835342528] INFO perfrun.perfcollector <> - format: thresh config:24-31 mask:24-31
40 [140461835342528] INFO perfrun.perfcollector <> - format: filter_state config1:17-23 mask:17-23
40 [140461835342528] INFO perfrun.perfcollector <> - format: filter_opc config1:52-60 mask:52-60
40 [140461835342528] WARN perfrun.perfcollector <> - pmu hwInfo is not set, at file: vcs/perfrun1/plugins/perfcollector/src/controller.cpp:819
40 [140461835342528] INFO perfrun.perfcollector <> - pmu added : family : uncore_cbox , id : 0
40 [140461835342528] INFO perfrun.perfcollector <> - dir found : /sys/bus/event_source/devices/tracepoint
40 [140461835342528] WARN perfrun.perfcollector <> - format subdir doesn't exist, at file: vcs/perfrun1/plugins/perfcollector/src/controller.cpp:725
40 [140461835342528] WARN perfrun.perfcollector <> - pmu hwInfo is not set, at file: vcs/perfrun1/plugins/perfcollector/src/controller.cpp:819
40 [140461835342528] INFO perfrun.perfcollector <> - pmu added : family : tracepoint , id : 0
40 [140461835342528] INFO perfrun.perfcollector <> - dir found : /sys/bus/event_source/devices/uncore_sbox_3
40 [140461835342528] INFO perfrun.perfcollector <> - format: event config:0-7 mask:0-7
40 [140461835342528] INFO perfrun.perfcollector <> - format: edge config:18 mask:18
40 [140461835342528] INFO perfrun.perfcollector <> - format: inv config:23 mask:23
40 [140461835342528] INFO perfrun.perfcollector <> - format: umask config:8-15 mask:8-15
40 [140461835342528] INFO perfrun.perfcollector <> - format: tid_en config:19 mask:19
40 [140461835342528] INFO perfrun.perfcollector <> - format: thresh config:24-31 mask:24-31
40 [140461835342528] WARN perfrun.perfcollector <> - pmu hwInfo is not set, at file: vcs/perfrun1/plugins/perfcollector/src/controller.cpp:819
40 [140461835342528] INFO perfrun.perfcollector <> - pmu added : family : uncore_sbox , id : 3
40 [140461835342528] INFO perfrun.perfcollector <> - dir found : /sys/bus/event_source/devices/uncore_cbox_9
40 [140461835342528] INFO perfrun.perfcollector <> - format: event config:0-7 mask:0-7
40 [140461835342528] INFO perfrun.perfcollector <> - format: filter_link config1:6-8 mask:6-8
40 [140461835342528] INFO perfrun.perfcollector <> - format: filter_c6 config1:61 mask:61
40 [140461835342528] INFO perfrun.perfcollector <> - format: edge config:18 mask:18
40 [140461835342528] INFO perfrun.perfcollector <> - format: filter_isoc config1:63 mask:63
40 [140461835342528] INFO perfrun.perfcollector <> - format: filter_tid config1:0-5 mask:0-5
40 [140461835342528] INFO perfrun.perfcollector <> - format: filter_nid config1:32-47 mask:32-47
40 [140461835342528] INFO perfrun.perfcollector <> - format: filter_nc config1:62 mask:62
40 [140461835342528] INFO perfrun.perfcollector <> - format: umask config:8-15 mask:8-15
40 [140461835342528] INFO perfrun.perfcollector <> - format: tid_en config:19 mask:19
40 [140461835342528] INFO perfrun.perfcollector <> - format: thresh config:24-31 mask:24-31
40 [140461835342528] INFO perfrun.perfcollector <> - format: filter_state config1:17-23 mask:17-23
40 [140461835342528] INFO perfrun.perfcollector <> - format: filter_opc config1:52-60 mask:52-60
40 [140461835342528] WARN perfrun.perfcollector <> - pmu hwInfo is not set, at file: vcs/perfrun1/plugins/perfcollector/src/controller.cpp:819
40 [140461835342528] INFO perfrun.perfcollector <> - pmu added : family : uncore_cbox , id : 9
40 [140461835342528] INFO perfrun.perfcollector <> - dir found : /sys/bus/event_source/devices/cstate_pkg
40 [140461835342528] INFO perfrun.perfcollector <> - format: event config:0-63 mask:0-63
40 [140461835342528] WARN perfrun.perfcollector <> - pmu hwInfo is not set, at file: vcs/perfrun1/plugins/perfcollector/src/controller.cpp:819
41 [140461835342528] INFO perfrun.perfcollector <> - pmu added : family : cstate_pkg , id : 0
41 [140461835342528] INFO perfrun.perfcollector <> - dir found : /sys/bus/event_source/devices/uncore_imc_4
41 [140461835342528] INFO perfrun.perfcollector <> - format: event config:0-7 mask:0-7
41 [140461835342528] INFO perfrun.perfcollector <> - format: edge config:18 mask:18
41 [140461835342528] INFO perfrun.perfcollector <> - format: inv config:23 mask:23
41 [140461835342528] INFO perfrun.perfcollector <> - format: umask config:8-15 mask:8-15
41 [140461835342528] INFO perfrun.perfcollector <> - format: thresh config:24-31 mask:24-31
41 [140461835342528] INFO perfrun.perfcollector <> - hwInfo : PERF_IMC_PMU_DETAILS
41 [140461835342528] INFO perfrun.perfcollector <> - pmu added : family : uncore_imc , id : 4
41 [140461835342528] INFO perfrun.perfcollector <> - dir found : /sys/bus/event_source/devices/uncore_ubox
41 [140461835342528] INFO perfrun.perfcollector <> - format: event config:0-7 mask:0-7
41 [140461835342528] INFO perfrun.perfcollector <> - format: edge config:18 mask:18
41 [140461835342528] INFO perfrun.perfcollector <> - format: filter_tid config1:0 mask:0
41 [140461835342528] INFO perfrun.perfcollector <> - format: inv config:23 mask:23
41 [140461835342528] INFO perfrun.perfcollector <> - format: umask config:8-15 mask:8-15
41 [140461835342528] INFO perfrun.perfcollector <> - format: thresh config:24-28 mask:24-28
41 [140461835342528] INFO perfrun.perfcollector <> - format: filter_cid config1:5 mask:5
41 [140461835342528] WARN perfrun.perfcollector <> - pmu hwInfo is not set, at file: vcs/perfrun1/plugins/perfcollector/src/controller.cpp:819
41 [140461835342528] INFO perfrun.perfcollector <> - pmu added : family : uncore_ubox , id : 0
41 [140461835342528] INFO perfrun.perfcollector <> - dir found : /sys/bus/event_source/devices/uncore_sbox_1
41 [140461835342528] INFO perfrun.perfcollector <> - format: event config:0-7 mask:0-7
41 [140461835342528] INFO perfrun.perfcollector <> - format: edge config:18 mask:18
41 [140461835342528] INFO perfrun.perfcollector <> - format: inv config:23 mask:23
41 [140461835342528] INFO perfrun.perfcollector <> - format: umask config:8-15 mask:8-15
41 [140461835342528] INFO perfrun.perfcollector <> - format: tid_en config:19 mask:19
41 [140461835342528] INFO perfrun.perfcollector <> - format: thresh config:24-31 mask:24-31
41 [140461835342528] WARN perfrun.perfcollector <> - pmu hwInfo is not set, at file: vcs/perfrun1/plugins/perfcollector/src/controller.cpp:819
41 [140461835342528] INFO perfrun.perfcollector <> - pmu added : family : uncore_sbox , id : 1
41 [140461835342528] INFO perfrun.perfcollector <> - dir found : /sys/bus/event_source/devices/uncore_cbox_7
41 [140461835342528] INFO perfrun.perfcollector <> - format: event config:0-7 mask:0-7
41 [140461835342528] INFO perfrun.perfcollector <> - format: filter_link config1:6-8 mask:6-8
41 [140461835342528] INFO perfrun.perfcollector <> - format: filter_c6 config1:61 mask:61
41 [140461835342528] INFO perfrun.perfcollector <> - format: edge config:18 mask:18
41 [140461835342528] INFO perfrun.perfcollector <> - format: filter_isoc config1:63 mask:63
41 [140461835342528] INFO perfrun.perfcollector <> - format: filter_tid config1:0-5 mask:0-5
41 [140461835342528] INFO perfrun.perfcollector <> - format: filter_nid config1:32-47 mask:32-47
41 [140461835342528] INFO perfrun.perfcollector <> - format: filter_nc config1:62 mask:62
41 [140461835342528] INFO perfrun.perfcollector <> - format: umask config:8-15 mask:8-15
41 [140461835342528] INFO perfrun.perfcollector <> - format: tid_en config:19 mask:19
41 [140461835342528] INFO perfrun.perfcollector <> - format: thresh config:24-31 mask:24-31
41 [140461835342528] INFO perfrun.perfcollector <> - format: filter_state config1:17-23 mask:17-23
41 [140461835342528] INFO perfrun.perfcollector <> - format: filter_opc config1:52-60 mask:52-60
41 [140461835342528] WARN perfrun.perfcollector <> - pmu hwInfo is not set, at file: vcs/perfrun1/plugins/perfcollector/src/controller.cpp:819
42 [140461835342528] INFO perfrun.perfcollector <> - pmu added : family : uncore_cbox , id : 7
42 [140461835342528] INFO perfrun.perfcollector <> - dir found : /sys/bus/event_source/devices/kprobe
42 [140461835342528] INFO perfrun.perfcollector <> - format: retprobe config:0 mask:0
42 [140461835342528] WARN perfrun.perfcollector <> - pmu hwInfo is not set, at file: vcs/perfrun1/plugins/perfcollector/src/controller.cpp:819
42 [140461835342528] INFO perfrun.perfcollector <> - pmu added : family : kprobe , id : 0
42 [140461835342528] INFO perfrun.perfcollector <> - dir found : /sys/bus/event_source/devices/uncore_cbox_5
42 [140461835342528] INFO perfrun.perfcollector <> - format: event config:0-7 mask:0-7
42 [140461835342528] INFO perfrun.perfcollector <> - format: filter_link config1:6-8 mask:6-8
42 [140461835342528] INFO perfrun.perfcollector <> - format: filter_c6 config1:61 mask:61
42 [140461835342528] INFO perfrun.perfcollector <> - format: edge config:18 mask:18
42 [140461835342528] INFO perfrun.perfcollector <> - format: filter_isoc config1:63 mask:63
42 [140461835342528] INFO perfrun.perfcollector <> - format: filter_tid config1:0-5 mask:0-5
42 [140461835342528] INFO perfrun.perfcollector <> - format: filter_nid config1:32-47 mask:32-47
42 [140461835342528] INFO perfrun.perfcollector <> - format: filter_nc config1:62 mask:62
42 [140461835342528] INFO perfrun.perfcollector <> - format: umask config:8-15 mask:8-15
42 [140461835342528] INFO perfrun.perfcollector <> - format: tid_en config:19 mask:19
42 [140461835342528] INFO perfrun.perfcollector <> - format: thresh config:24-31 mask:24-31
42 [140461835342528] INFO perfrun.perfcollector <> - format: filter_state config1:17-23 mask:17-23
42 [140461835342528] INFO perfrun.perfcollector <> - format: filter_opc config1:52-60 mask:52-60
42 [140461835342528] WARN perfrun.perfcollector <> - pmu hwInfo is not set, at file: vcs/perfrun1/plugins/perfcollector/src/controller.cpp:819
42 [140461835342528] INFO perfrun.perfcollector <> - pmu added : family : uncore_cbox , id : 5
42 [140461835342528] INFO perfrun.perfcollector <> - dir found : /sys/bus/event_source/devices/uncore_imc_0
42 [140461835342528] INFO perfrun.perfcollector <> - format: event config:0-7 mask:0-7
42 [140461835342528] INFO perfrun.perfcollector <> - format: edge config:18 mask:18
42 [140461835342528] INFO perfrun.perfcollector <> - format: inv config:23 mask:23
42 [140461835342528] INFO perfrun.perfcollector <> - format: umask config:8-15 mask:8-15
42 [140461835342528] INFO perfrun.perfcollector <> - format: thresh config:24-31 mask:24-31
42 [140461835342528] INFO perfrun.perfcollector <> - hwInfo : PERF_IMC_PMU_DETAILS
42 [140461835342528] INFO perfrun.perfcollector <> - pmu added : family : uncore_imc , id : 0
42 [140461835342528] INFO perfrun.perfcollector <> - dir found : /sys/bus/event_source/devices/uncore_pcu
42 [140461835342528] INFO perfrun.perfcollector <> - format: filter_band2 config1:16-23 mask:16-23
42 [140461835342528] INFO perfrun.perfcollector <> - format: event config:0-7 mask:0-7
42 [140461835342528] INFO perfrun.perfcollector <> - format: filter_band0 config1:0-7 mask:0-7
42 [140461835342528] INFO perfrun.perfcollector <> - format: edge config:18 mask:18
42 [140461835342528] INFO perfrun.perfcollector <> - format: occ_invert config:30 mask:30
42 [140461835342528] INFO perfrun.perfcollector <> - format: occ_edge config:14-51 mask:14-51
42 [140461835342528] INFO perfrun.perfcollector <> - format: filter_band3 config1:24-31 mask:24-31
42 [140461835342528] INFO perfrun.perfcollector <> - format: filter_band1 config1:8-15 mask:8-15
42 [140461835342528] INFO perfrun.perfcollector <> - format: inv config:23 mask:23
42 [140461835342528] INFO perfrun.perfcollector <> - format: thresh config:24-28 mask:24-28
42 [140461835342528] INFO perfrun.perfcollector <> - format: occ_sel config:14-15 mask:14-15
42 [140461835342528] WARN perfrun.perfcollector <> - pmu hwInfo is not set, at file: vcs/perfrun1/plugins/perfcollector/src/controller.cpp:819
43 [140461835342528] INFO perfrun.perfcollector <> - pmu added : family : uncore_pcu , id : 0
43 [140461835342528] INFO perfrun.perfcollector <> - dir found : /sys/bus/event_source/devices/uncore_r3qpi_1
43 [140461835342528] INFO perfrun.perfcollector <> - format: event config:0-7 mask:0-7
43 [140461835342528] INFO perfrun.perfcollector <> - format: edge config:18 mask:18
43 [140461835342528] INFO perfrun.perfcollector <> - format: inv config:23 mask:23
43 [140461835342528] INFO perfrun.perfcollector <> - format: umask config:8-15 mask:8-15
43 [140461835342528] INFO perfrun.perfcollector <> - format: thresh config:24-31 mask:24-31
43 [140461835342528] WARN perfrun.perfcollector <> - pmu hwInfo is not set, at file: vcs/perfrun1/plugins/perfcollector/src/controller.cpp:819
43 [140461835342528] INFO perfrun.perfcollector <> - pmu added : family : uncore_r3qpi , id : 1
43 [140461835342528] INFO perfrun.perfcollector <> - dir found : /sys/bus/event_source/devices/msr
43 [140461835342528] INFO perfrun.perfcollector <> - format: event config:0-63 mask:0-63
43 [140461835342528] WARN perfrun.perfcollector <> - pmu hwInfo is not set, at file: vcs/perfrun1/plugins/perfcollector/src/controller.cpp:819
43 [140461835342528] INFO perfrun.perfcollector <> - pmu added : family : msr , id : 0
43 [140461835342528] INFO perfrun.perfcollector <> - dir found : /sys/bus/event_source/devices/uncore_cbox_3
43 [140461835342528] INFO perfrun.perfcollector <> - format: event config:0-7 mask:0-7
43 [140461835342528] INFO perfrun.perfcollector <> - format: filter_link config1:6-8 mask:6-8
43 [140461835342528] INFO perfrun.perfcollector <> - format: filter_c6 config1:61 mask:61
43 [140461835342528] INFO perfrun.perfcollector <> - format: edge config:18 mask:18
43 [140461835342528] INFO perfrun.perfcollector <> - format: filter_isoc config1:63 mask:63
43 [140461835342528] INFO perfrun.perfcollector <> - format: filter_tid config1:0-5 mask:0-5
43 [140461835342528] INFO perfrun.perfcollector <> - format: filter_nid config1:32-47 mask:32-47
43 [140461835342528] INFO perfrun.perfcollector <> - format: filter_nc config1:62 mask:62
43 [140461835342528] INFO perfrun.perfcollector <> - format: umask config:8-15 mask:8-15
43 [140461835342528] INFO perfrun.perfcollector <> - format: tid_en config:19 mask:19
43 [140461835342528] INFO perfrun.perfcollector <> - format: thresh config:24-31 mask:24-31
43 [140461835342528] INFO perfrun.perfcollector <> - format: filter_state config1:17-23 mask:17-23
43 [140461835342528] INFO perfrun.perfcollector <> - format: filter_opc config1:52-60 mask:52-60
43 [140461835342528] WARN perfrun.perfcollector <> - pmu hwInfo is not set, at file: vcs/perfrun1/plugins/perfcollector/src/controller.cpp:819
43 [140461835342528] INFO perfrun.perfcollector <> - pmu added : family : uncore_cbox , id : 3
43 [140461835342528] INFO perfrun.perfcollector <> - dir found : /sys/bus/event_source/devices/uncore_ha_1
43 [140461835342528] INFO perfrun.perfcollector <> - format: event config:0-7 mask:0-7
43 [140461835342528] INFO perfrun.perfcollector <> - format: edge config:18 mask:18
43 [140461835342528] INFO perfrun.perfcollector <> - format: inv config:23 mask:23
43 [140461835342528] INFO perfrun.perfcollector <> - format: umask config:8-15 mask:8-15
43 [140461835342528] INFO perfrun.perfcollector <> - format: thresh config:24-31 mask:24-31
43 [140461835342528] WARN perfrun.perfcollector <> - pmu hwInfo is not set, at file: vcs/perfrun1/plugins/perfcollector/src/controller.cpp:819
43 [140461835342528] INFO perfrun.perfcollector <> - pmu added : family : uncore_ha , id : 1
43 [140461835342528] INFO perfrun.perfcollector <> - dir found : /sys/bus/event_source/devices/uncore_cbox_1
43 [140461835342528] INFO perfrun.perfcollector <> - format: event config:0-7 mask:0-7
43 [140461835342528] INFO perfrun.perfcollector <> - format: filter_link config1:6-8 mask:6-8
43 [140461835342528] INFO perfrun.perfcollector <> - format: filter_c6 config1:61 mask:61
43 [140461835342528] INFO perfrun.perfcollector <> - format: edge config:18 mask:18
44 [140461835342528] INFO perfrun.perfcollector <> - format: filter_isoc config1:63 mask:63
44 [140461835342528] INFO perfrun.perfcollector <> - format: filter_tid config1:0-5 mask:0-5
44 [140461835342528] INFO perfrun.perfcollector <> - format: filter_nid config1:32-47 mask:32-47
44 [140461835342528] INFO perfrun.perfcollector <> - format: filter_nc config1:62 mask:62
44 [140461835342528] INFO perfrun.perfcollector <> - format: umask config:8-15 mask:8-15
44 [140461835342528] INFO perfrun.perfcollector <> - format: tid_en config:19 mask:19
44 [140461835342528] INFO perfrun.perfcollector <> - format: thresh config:24-31 mask:24-31
44 [140461835342528] INFO perfrun.perfcollector <> - format: filter_state config1:17-23 mask:17-23
44 [140461835342528] INFO perfrun.perfcollector <> - format: filter_opc config1:52-60 mask:52-60
44 [140461835342528] WARN perfrun.perfcollector <> - pmu hwInfo is not set, at file: vcs/perfrun1/plugins/perfcollector/src/controller.cpp:819
44 [140461835342528] INFO perfrun.perfcollector <> - pmu added : family : uncore_cbox , id : 1
44 [140461835342528] INFO perfrun.launcher <> - plugin perf has been added successfully
44 [140461835342528] INFO perfrun.launcher <> - plugin aoclprofile has been added successfully
44 [140461835342528] INFO perfrun.launcher <> - plugin tpss has been added successfully
44 [140461835342528] INFO perfrun.launcher <> - plugin exprof has been added successfully
44 [140461835342528] INFO perfrun.launcher <> - plugin media has been added successfully
44 [140461835342528] INFO perfrun.launcher <> - plugin ice has been added successfully
44 [140461835342528] INFO perfrun.launcher <> - plugin  has been added successfully
44 [140461835342528] INFO perfrun.launcher <> - plugin  has been added successfully
44 [140461835342528] INFO perfrun.launcher <> - plugin parallelfs has been added successfully
44 [140461835342528] INFO perfrun.launcher <> - plugin power has been added successfully
44 [140461835342528] INFO perfrun.launcher <> - plugin hwloc has been added successfully
44 [140461835342528] INFO perfrun.launcher <> - plugin ipmwatch has been added successfully
44 [140461835342528] INFO perfrun.launcher <> - plugin os_counters has been added successfully
45 [140461835342528] INFO perfrun.launcher <> - the option was added --interval: Specify an interval of data collection (for example, sampling) in milliseconds.
45 [140461835342528] INFO perfrun.launcher <> - the option was added --follow-child: Profile process with or without children.
45 [140461835342528] INFO perfrun.launcher <> - the option was added --gelding: BADMSG: perfrun1.launcher.plugin_manager::gelding
45 [140461835342528] INFO perfrun.launcher <> - the option was added --time-source: Specify time source for measurement. Possible values: sys - wall clock time; tsc - time stamp counter; ext - time from an external source; auto - auto select accurate time source.
45 [140461835342528] INFO perfrun.launcher <> - the option was added --stack: Enable or disable collection of stacks.
45 [140461835342528] INFO perfrun.launcher <> - the option was added --stack-stitching: Enable or disable the stack stitching algorithm for Intel TBB-based applications.
45 [140461835342528] INFO perfrun.launcher <> - the option was added --type: Specify type of data to be collected. For example, --type cpu:counters,waiting:nostack,io.
45 [140461835342528] INFO perfrun.launcher <> - the option was added --mrte-mode: Specify Java/.NET/other managed runtime collection mode. Possible values: native - collect information only for native code; managed - collect information only for managed code; mixed - collect information for both managed and native code; auto - choose the mode based on binary type.
45 [140461835342528] INFO perfrun.launcher <> - the option was added --mrte-mode-list: List supported Java/.NET/other managed runtime collection modes.
45 [140461835342528] INFO perfrun.launcher <> - the option was added --mrte-type: Specify which managed runtimes to collect. Possible values: java - collect information for Java; dotnet - collect information for .NET; python - collect information for CPython. You can specify several values separated by comma.
45 [140461835342528] INFO perfrun.launcher <> - the option was added --mrte-type-list: List supported Java/.NET/other managed runtime types.
45 [140461835342528] INFO perfrun.launcher <> - the option was added --trace-strategy: Specify how to profile a process tree. <string> can be "<process>:trace:notrace" - profile the process but do not profile its children. Shorthand parameters: t - trace, nt - notrace. For example, "vtunedemo.exe:t:t".
45 [140461835342528] INFO perfrun.launcher <> - the option was added --collector: BADMSG: perfrun1.launcher.plugin_manager::collector
45 [140461835342528] INFO perfrun.launcher <> - the option was added --system-wide: Enable system-wide profiling. This mode may require additional permissions.
45 [140461835342528] INFO perfrun.launcher <> - the option was added --kvm-guest: Enable KVM guest OS profiling.
45 [140461835342528] INFO perfrun.launcher <> - the option was added --kvm-guest-kallsyms: Specify a local path to the /proc/kallsyms file copied from the guest OS for proper symbol resolution.
45 [140461835342528] INFO perfrun.launcher <> - the option was added --kvm-guest-modules: Specify a local path to the /proc/modules file copied from the guest OS for proper symbol resolution.
45 [140461835342528] INFO perfrun.launcher <> - the option was added --bandwidth-limits: Measure bandwidth limits
45 [140461835342528] INFO perfrun.launcher <> - the option was added --acrn-map-info: Collect map info for ACRN
45 [140461835342528] INFO perfrun.launcher <> - the option was added --bandwidth-strategy: Bandwidth limits determination specific properties (example: --bandwidth-strategy array-size=0,duration=500).
45 [140461835342528] INFO perfrun.launcher <> - the option was added --bandwidth-config: List of benchmarks to run.
45 [140461835342528] INFO perfrun.launcher <> - the option was added --target-gpu: target-gpu
45 [140461835342528] INFO perfrun.launcher <> - the option was added --dump-vdso: Dump [vdso] to result directory
45 [140461835342528] INFO perfrun.launcher <> - the option was added --system-collector-config: Specify subcollectors. Possible values: all, container, device-info, none. Specify subcollectors. Possible values: all, vdso.
45 [140461835342528] INFO perfrun.launcher <> - the option was added --itt-config: Specify a sub-set of ITT API to collect.
45 [140461835342528] INFO perfrun.launcher <> - the option was added --itt-debug: Set pseudo-breakpoint at ITT API collector's start to enable the debugger to attach early.
45 [140461835342528] INFO perfrun.launcher <> - the option was added --ptrace: Ptrace collector.
45 [140461835342528] INFO perfrun.launcher <> - the option was added --target-pid: BADMSG: perfrun1.ptracecollector::target-pid
45 [140461835342528] INFO perfrun.launcher <> - the option was added --ptrace-server-pid: BADMSG: perfrun1.ptracecollector::ptrace-server-pid
45 [140461835342528] INFO perfrun.launcher <> - the option was added --ptrace-trace: BADMSG: perfrun1.ptracecollector::ptrace-trace
45 [140461835342528] INFO perfrun.launcher <> - the option was added --ptrace-time-source: BADMSG: perfrun1.ptracecollector::ptrace-time-source
45 [140461835342528] INFO perfrun.launcher <> - the option was added --ptrace-start-type: BADMSG: perfrun1.ptracecollector::ptrace-start-type
45 [140461835342528] INFO perfrun.launcher <> - the option was added --gpu-config: Specify types of GPU data to be collected. Possible values: preset1, preset2.
46 [140461835342528] INFO perfrun.launcher <> - the option was added --gpu-debug: Enable self-testing of the GPGPU profiling collector.
46 [140461835342528] INFO perfrun.launcher <> - the option was added --gpu-counting: Collect GPU data in the counting mode.
46 [140461835342528] INFO perfrun.launcher <> - the option was added --emon-preset: Specify a preset for EMON collector. For available presets, run: emon -preset-list.
46 [140461835342528] INFO perfrun.launcher <> - the option was added --emon-csv-trace-format: Use CSV format for EMON trace file.
46 [140461835342528] INFO perfrun.launcher <> - the option was added --emon-machine-readable-ver: Write machine readable EMON version file.
46 [140461835342528] INFO perfrun.launcher <> - the option was added --custom-collector: Allows to provide arbitrary command line to be run on collection steps.
46 [140461835342528] INFO perfrun.launcher <> - the option was added --stdsrc-config: Specify Standard Sources category tag(s).
46 [140461835342528] INFO perfrun.launcher <> - the option was added --ftrace-config-list: List Linux Ftrace category tag(s).
46 [140461835342528] INFO perfrun.launcher <> - the option was added --ftrace-config: Specify Linux Ftrace category tag(s).
46 [140461835342528] INFO perfrun.launcher <> - the option was added --ftrace-function-groups: Enable tracing of specific groups of functions.
46 [140461835342528] INFO perfrun.launcher <> - the option was added --event-info: BADMSG: perfrun1.stdsrc::event-info
46 [140461835342528] INFO perfrun.launcher <> - the option was added --cpu-list: List supported CPUs.
46 [140461835342528] INFO perfrun.launcher <> - the option was added --target-list: List available targets for performing sampling collection.
46 [140461835342528] INFO perfrun.launcher <> - the option was added --event-value-list: Display event information.
46 [140461835342528] INFO perfrun.launcher <> - the option was added --platform-value-list: Display details of supported platforms.
46 [140461835342528] INFO perfrun.launcher <> - the option was added --uncore-event-list: List uncore events for which a sampling data collection can be performed on this platform.
46 [140461835342528] INFO perfrun.launcher <> - the option was added --modifier-list: Specify the event name <string> for which the modifiers list is requested.
46 [140461835342528] INFO perfrun.launcher <> - the option was added --pmu-list: List supported PMUs.
46 [140461835342528] INFO perfrun.launcher <> - the option was added --os-mode-only: Enable sampling data collection for OS-mode processes only.
46 [140461835342528] INFO perfrun.launcher <> - the option was added --user-mode-only: Enable sampling data collection for user-mode processes only.
46 [140461835342528] INFO perfrun.launcher <> - the option was added --event-config: Perform data collection for the events with <string> configured using the format <event name1>":modifier1=val:modifier2=val/constraint1={:modifier3=val:modifier4=val}...,"<event name2>":... Specify the events(s) to monitor and embed the event names within double quotes("). [:modifier=val] specifies individual event modifiers along with the respective values for a given platform. Note that the modifiers can be generic to an event as well as specific to a constraint (or an event qualifier). The constraint specific special modifiers appear after [/constraint=]. The modifiers can be in decimal or hexadecimal format. Only specific modifiers accept the value as a string. Each event specification is delimited by a comma (,). For a list of supported modifiers and constraints, refer to the documentation.
46 [140461835342528] INFO perfrun.launcher <> - the option was added --chipset-event-config: Perform data collection for the chipset events with <string> configured using the format "<event name1>"...,"<event name2>":... Specify the events(s) to monitor and embed the event names within double quotes(").
46 [140461835342528] INFO perfrun.launcher <> - the option was added --uncore-event-config: Perform uncore data collection in ebc count mode for the events with <string> configured using the format "<event name1>"...,"<event name2>":... Specify the events(s) to monitor and embed the event names within double quotes(").
46 [140461835342528] INFO perfrun.launcher <> - the option was added --count-emon: Enable counting mode and output the data in EMON format.
46 [140461835342528] INFO perfrun.launcher <> - the option was added --event-based-counts: Enable event-based counting mode. During sampling data collection, event counts data is collected for the list of events specified in -event-config option.
46 [140461835342528] INFO perfrun.launcher <> - the option was added --event-mux-tfactor: Specify the event multiplexing tfactor as <integer> to set the length of the interval between interrupts. The larger the tfactor value, the larger the period between interrupts. Currently this option is only available on Intel platforms codenamed Knights Corner.
46 [140461835342528] INFO perfrun.launcher <> - the option was added --full-pebs-capture: Capture full pebs information.
46 [140461835342528] INFO perfrun.launcher <> - the option was added --last-branch-records: Capture Last Branch Records information.
46 [140461835342528] INFO perfrun.launcher <> - the option was added --pmu-type: Specify the targeted PMU name as <string>.
46 [140461835342528] INFO perfrun.launcher <> - the option was added --platform-type: Specify the targeted platform number as <number>.
46 [140461835342528] INFO perfrun.launcher <> - the option was added --p-state-trigger: Specify the name of the trigger event for P-state data as <string>. The default trigger is CPU_CLK_UNHALTED.REF_TSC.
46 [140461835342528] INFO perfrun.launcher <> - the option was added --rdt-auto-rmid: Enable automatic Core pinning on RMIDs for RDT monitoring capabilities.
46 [140461835342528] INFO perfrun.launcher <> - the option was added --bts-count: Specify the <integer> number of BTS records collected after each sample or context switch (VTSS++ only).
47 [140461835342528] INFO perfrun.launcher <> - the option was added --cpu-mask: Specify which CPU(s) <string> to collect data on. For example, specify "2-8,10,12-14" to sample only CPUs 2 through 8, 10, and 12 through 14.
47 [140461835342528] INFO perfrun.launcher <> - the option was added --event-mux-alg: Specify the event multiplexing algorithm. Possible values: sequence, timer, trigger.
47 [140461835342528] INFO perfrun.launcher <> - the option was added --event-mux-timeslice: Specify the event multiplexing time slice value as <integer>. The time slice specifies the duration between cycles for each event multiplexing group. The default value is 50 milliseconds. This option is valid only for timer-based event multiplexing. Specify the event multiplexing time slice value as <integer>. The time slice specifies the duration between cycles for each event multiplexing group. The default value is 1 millisecond. This option is valid only for timer-based event multiplexing.
47 [140461835342528] INFO perfrun.launcher <> - the option was added --event-mux-factor: Specify the event multiplexing factor as <integer>. It controls the switching of event multiplexing groups. The default factor is 50. This option is valid only for trigger-based event multiplexing. Specify the event multiplexing factor as <integer>. It controls the switching of event multiplexing groups. The default factor is 1. This option is valid only for trigger-based event multiplexing.
47 [140461835342528] INFO perfrun.launcher <> - the option was added --event-mux-trigger: Specify the name of the trigger event for event multiplexing as <string>. This option is valid only for trigger-based event multiplexing. The default trigger is CPU_CLK_UNHALTED.CORE (or CPU_CLK_UNHALTED.THREAD). BADMSG: perfrun1.vtsspp::event-mux-trigger
47 [140461835342528] INFO perfrun.launcher <> - the option was added --pt-mode: BADMSG: perfrun1.vtsspp::pt-mode
47 [140461835342528] INFO perfrun.launcher <> - the option was added --sample-after-multiplier: Specify the sample after multiplier as <double>. This multiplier modifies the sample after value for all the events specified in -event-config option. The values can range from 0.1 to 100.0. SAV multiplier value
47 [140461835342528] INFO perfrun.launcher <> - the option was added --uncore-sampling-interval: Specify the uncore sampling interval as <integer>. This value set the uncore sampling interval for all the uncore events specified in -event-config option.
47 [140461835342528] INFO perfrun.launcher <> - the option was added --count: Enable counting mode. Enable counting mode
47 [140461835342528] INFO perfrun.launcher <> - the option was added --trace-mpi: Configure collector to trace MPI code.
47 [140461835342528] INFO perfrun.launcher <> - the option was added --aggregated-counting: Enable aggregated counting mode. Enable aggregated-counting mode
47 [140461835342528] INFO perfrun.launcher <> - the option was added --perf-per-cpu: System-wide collection from all CPUs
47 [140461835342528] INFO perfrun.launcher <> - the option was added --raw-perf-config: Specify a verified configuration for the Perf collector in the format: <describer>,<content>. For example: map-events-file,<path_to_map_events_file>.
47 [140461835342528] INFO perfrun.launcher <> - the option was added --sys-config: BADMSG: perfrun1.vtsspp::sys-config Specify types of system data to be collected. Supported value: cswitch - collect context switch information.
47 [140461835342528] INFO perfrun.launcher <> - the option was added --perf-event-config: Specify events for Perf collector in Perf format. For example: perf-event-config=cpu-clock.
47 [140461835342528] INFO perfrun.launcher <> - the option was added --perf-aio: Number of control blocks in asynchronous trace writing mode.
47 [140461835342528] INFO perfrun.launcher <> - the option was added --perf-compression: Specify compression of Perf collector output data. Possible levels: 0 - without compression, 1..3 - best speed, 4..22 - best compression that incurs big overhead.
47 [140461835342528] INFO perfrun.launcher <> - the option was added --perf-mmap-flush: Minimum data size read from the kernel mapped region.
47 [140461835342528] INFO perfrun.launcher <> - the option was added --perf-affinity: Adjust an affinity mask of the Perf thread to a node with an allocated memory trace buffer.
47 [140461835342528] INFO perfrun.launcher <> - the option was added --perf-threads: Setup threading mode for trace writing.
47 [140461835342528] INFO perfrun.launcher <> - the option was added --generate-platform-cmd: Get perf command line for an arbitrary target.
47 [140461835342528] INFO perfrun.launcher <> - the option was added --aocl-profile: Enable profiling and data collection through AOCL profiling tool.
47 [140461835342528] INFO perfrun.launcher <> - the option was added --aocl-source-file: Path to .source file. Find this in the compilation output directory of the FPGA application. Use this option to help attribute performance statistics to the source lines. If unspecified, AOCL profiler will attempt to locate the file in the current directory.
47 [140461835342528] INFO perfrun.launcher <> - the option was added --aocl-binary-aocx-file: Path to .aocx file (OpenCL flow) or host binary (DPC++ flow). If you do not provide this path: 1) For OpenCL flow, AOCL Profiler attempts to locate the file in the working directory. 2) For DPC++ flow, the collector assumes that host binary is used as an application to launch.
47 [140461835342528] INFO perfrun.launcher <> - the option was added --aocl-period: Specifies the number of cycles between readbacks from the device. The default value is 0 and indicates that the profiler should read back data as often as possible.
47 [140461835342528] INFO perfrun.launcher <> - the option was added --aocl-no-temporal: Disables readback during execution and only reads back non-autorun kernels once they finish executing.
47 [140461835342528] INFO perfrun.launcher <> - the option was added --aocl-no-mem-transfers: Disables the recording of memory transfer information.
47 [140461835342528] INFO perfrun.launcher <> - the option was added --stackwalk: Specify stack unwinding method. Possible values: online - unwind stacks during collection; offline - unwind stacks after collection is finished. Specify stack unwinding method. Possible value: lbr - unwind stacks during collection. Specify stack unwinding method. Possible values: online - unwind stacks during collection; offline - unwind stacks after collection is finished; lbr - enable LBR-based call stack collection. Specify stack unwinding method. Possible values: online - unwind stacks during collection; offline - unwind stacks after collection is finished. Specify stack unwinding method. Possible values: online - unwind stacks during collection; offline - unwind stacks after collection is finished.
47 [140461835342528] INFO perfrun.launcher <> - the option was added --filter-include: Filter data during collection. Possible values: contended=<on|off> - filter out uncontended events; contended_nostack=<time> - filter out stacks for contended events that take less than <time> microseconds; wait=<time> - ignore transitions and blocks with wait time less than <time> microseconds; wait_nostack=<time> - filter out stacks for waits that take less than <time> microseconds.
47 [140461835342528] INFO perfrun.launcher <> - the option was added --debug-pin: Debug PIN tool and runtime.
48 [140461835342528] INFO perfrun.launcher <> - the option was added --debug-exception: Disallow the application to set own abnormal termination handler.
48 [140461835342528] INFO perfrun.launcher <> - the option was added --trace-type: Specify the trace file granularity. Possible values: per-thread - per-thread trace file generation; per-process - per-process trace file generation.
48 [140461835342528] INFO perfrun.launcher <> - the option was added --instrumentation-type: Specify type of instrumentation.
48 [140461835342528] INFO perfrun.launcher <> - the option was added --altstack: Enable or disable usage of altstacks for profiling signal handlers.
48 [140461835342528] INFO perfrun.launcher <> - the option was added --profiling-signal: BADMSG: perfrun1.ptracecollector::profiling-signal Alternate profiling signal.
48 [140461835342528] INFO perfrun.launcher <> - the option was added --memory-strategy: Specify a minimal memory object size to be traced and a hash table size for faster objects search; for example: --memory-strategy obj-size-min=1024,hash-table-size=4096.
48 [140461835342528] INFO perfrun.launcher <> - the option was added --gpu-profiling-type: Specify a type of deep GPU profiling: none, bblatency, memlatency, instcount.
48 [140461835342528] INFO perfrun.launcher <> - the option was added --opencl-trace-mode: Specify OpenCL kernel tracing modes: 'default' to trace OpenCL kernels for Intel Graphics Driver only; 'epoch' for any non-Intel graphics, where OpenCL kernels will be traced and OpenCL profiling API timestamps will be interpreted as Unux Epoch time in nanoseconds; 'completion' to trace OpenCL kernels for any Graphics Driver and bind OpenCL profiling API timestamps to the timestamp of OpenCL completion callback.
48 [140461835342528] INFO perfrun.launcher <> - the option was added --gpu-kernels-to-profile: Specify a comma-separated list of GPU kernel names and invocations to be profiled in the following format: kernel_name[#start_idx#step#stop_idx], where kernel_name is the name of GPU kernel; start_idx is the number of the first invocation; and stop_idx is the number of the last invocation to be profiled.
48 [140461835342528] INFO perfrun.launcher <> - the option was added --exprof-com-list: List available COM ports.
48 [140461835342528] INFO perfrun.launcher <> - the option was added --exprof-dvc-list: List available DvC IDs.
48 [140461835342528] INFO perfrun.launcher <> - the option was added --exprof-trace-channel: BADMSG: perfrun1.exprof::exprof-trace-channel
48 [140461835342528] INFO perfrun.launcher <> - the option was added --exprof-event-config: Specify ExactProfiling Event Classes.
48 [140461835342528] INFO perfrun.launcher <> - the option was added --ice-pmons-list: BADMSG: perfrun1.ice::ice-pmons-list
48 [140461835342528] INFO perfrun.launcher <> - the option was added --ice-pmons-config: BADMSG: perfrun1.ice::ice-pmons-config
48 [140461835342528] INFO perfrun.launcher <> - the option was added --ice-sw-trace: Collect software traces of the Intel Neural Network Processor (NNP-I) and analyze software context of inference progress.
48 [140461835342528] INFO perfrun.launcher <> - the option was added --ice-sample-after-value: BADMSG: perfrun1.ice::ice-sample-after-value
48 [140461835342528] INFO perfrun.launcher <> - the option was added --ice-frequency: BADMSG: perfrun1.ice::ice-frequency
48 [140461835342528] INFO perfrun.launcher <> - the option was added --parallel-fs-config: Specify parallel fs counters to collect.
48 [140461835342528] INFO perfrun.launcher <> - the option was added --pwr-config: BADMSG: perfrun1.vtsspp::pwr-config Specify power metrics configuration.
48 [140461835342528] INFO perfrun.launcher <> - the option was added --pwr-sampling-interval: Specify Intel SoC Watch sampling interval.
48 [140461835342528] INFO perfrun.launcher <> - the option was added --collect-topology: Collect topology info with hwloc.
48 [140461835342528] INFO perfrun.launcher <> - the option was added --persistent-mem-metrics: Collect Persistent Memory performance counters.
48 [140461835342528] INFO perfrun.launcher <> - the option was added --os-counters: Collect OS counters
51 [140461835342528] INFO perfrun.launcher <> - create msngr2::ICliToolContext
51 [140461835342528] INFO perfrun.launcher <> - create file finder object
51 [140461835342528] INFO perfrun.launcher <> - create a result directory: pattern = /home/users/phffleck/trabalho-1-openmp/experimentos_hype/vtune/resultados/20260928_221203_grande_p20_g500/hpc pid = 4294967295
55 [140461835342528] INFO perfrun.sdk <> - checked that the directory /home/users/phffleck/trabalho-1-openmp/experimentos_hype/vtune/resultados/20260928_221203_grande_p20_g500/hpc is a local directory
55 [140461835342528] INFO perfrun.sdk <> - the directory /home/users/phffleck/trabalho-1-openmp/experimentos_hype/vtune/resultados/20260928_221203_grande_p20_g500/hpc is located on a share or its FS ID is unknown 26985
55 [140461835342528] INFO perfrun.sdk <> - checked that the directory /tmp/amplxe-tmp-phffleck is a local directory
55 [140461835342528] INFO perfrun.sdk <> - the directory /tmp/amplxe-tmp-phffleck is a local directory with FS type ID 61267
56 [140461835342528] INFO perfrun.launcher <> - Create a local result directory /tmp/amplxe-tmp-phffleck/amplxe-res-1022884-57037543828959926 due to the user result path /home/users/phffleck/trabalho-1-openmp/experimentos_hype/vtune/resultados/20260928_221203_grande_p20_g500/hpc is located on a share
56 [140461835342528] INFO perfrun.launcher <> - create data directory = /tmp/amplxe-tmp-phffleck/amplxe-res-1022884-57037543828959926/data.0
57 [140461835342528] INFO perfrun.launcher <> - create data directory = /home/users/phffleck/trabalho-1-openmp/experimentos_hype/vtune/resultados/20260928_221203_grande_p20_g500/hpc/data.0
60 [140461835342528] INFO perfrun.launcher <> - Creating the master collection flag
64 [140461835342528] INFO perfrun.launcher <> - Done creating the master collection flag
68 [140461679306432] INFO perfrun.launcher <> - plugin [remoteplug] was disabled because it doesn't support the given collection type.
68 [140461679306432] INFO perfrun.system <> - online nodes : 0-1
68 [140461679306432] INFO perfrun.system <> - nodes with cpus : 0-1
68 [140461679306432] INFO perfrun.system <> - nodes with memory : 0-1
73 [140461679306432] INFO perfrun.sdk <> - Allocating TMU :/tmp/amplxe-tmp-phffleck/amplxe-res-1022884-57037543828959926/data.0/systemcollector-1022884-hype1.sc
73 [140461679306432] INFO perfrun.launcher <> - plugin [ptracecollector] was disabled because it doesn't support the given collection type.
73 [140461679306432] INFO perfrun.launcher <> - plugin [gpu] was disabled because it doesn't support the given collection type.
73 [140461679306432] INFO perfrun.launcher <> - plugin [] was disabled because it doesn't support the given collection type.
73 [140461679306432] INFO perfrun.launcher <> - plugin [] was disabled because it doesn't support the given collection type.
73 [140461679306432] INFO perfrun.launcher <> - plugin [] was disabled because it doesn't support the given collection type.
73 [140461679306432] INFO perfrun.mrte <> - system-wide mode is 0
73 [140461679306432] INFO perfrun.mrte <> - Getting  mrte profiling environment ...
165 [140461679306432] INFO perfrun.mrte <> - INTEL_MRTE_DATA_DIR=/tmp/amplxe-tmp-phffleck/amplxe-res-1022884-57037543828959926/data.0
165 [140461679306432] INFO perfrun.mrte <> - INTEL_MRTE_HOST_NAME=hype1
165 [140461679306432] INFO perfrun.mrte <> - JAVA_TOOL_OPTIONS=-agentlib:amplxe_samplingmrte_javaprof_1.0 -Dsun.boot.library.path=/home/intel/oneapi/vtune/2021.1.1/lib32/runtime:/home/intel/oneapi/vtune/2021.1.1/lib64/runtime
165 [140461679306432] INFO perfrun.mrte <> - CORECLR_ENABLE_PROFILING=1
165 [140461679306432] INFO perfrun.mrte <> - CORECLR_PROFILER={AA5E4821-E3B1-479c-B7FF-5AD047D22CED}
165 [140461679306432] INFO perfrun.mrte <> - CORECLR_PROFILER_PATH=/home/intel/oneapi/vtune/2021.1.1/lib64/libamplxe_samplingmrte_clrprof_1.0.so
165 [140461679306432] INFO perfrun.mrte <> - INTEL_MRTE_PROFILER_MODE=mixed
165 [140461679306432] INFO perfrun.mrte <> - Data directory: /tmp/amplxe-tmp-phffleck/amplxe-res-1022884-57037543828959926/data.0
165 [140461679306432] INFO perfrun.mrte <> - Mrte plugin is initialized
165 [140461679306432] INFO perfrun.launcher <> - plugin [emon] was disabled because it doesn't support the given collection type.
165 [140461679306432] INFO perfrun.launcher <> - plugin [cuscol] was disabled because it doesn't support the given collection type.
165 [140461679306432] INFO perfrun.launcher <> - plugin [stdsrc] was disabled because it doesn't support the given collection type.
165 [140461679306432] INFO perfrun.launcher <> - plugin [sep] was disabled because it doesn't support the given collection type.
165 [140461679306432] INFO perfrun.launcher <> - plugin [vtsspp] was disabled because it doesn't support the given collection type.
166 [140461679306432] INFO perfrun.perfcollector <> - AIO blocks = 0
166 [140461679306432] INFO perfrun.perfcollector <> - compression level = 1
166 [140461679306432] INFO perfrun.perfcollector <> - Perf threads mode = CPU
166 [140461679306432] INFO perfrun.perfcollector <> - No MPI detected-1
166 [140461679306432] WARN perfrun.launcher <> - Messenger::say: To profile kernel modules during the session, make sure they are available in the /lib/modules/kernel_version/ location.
166 [140461679306432] INFO perfrun.sdk <> - runCmd: "/home/intel/oneapi/vtune/2021.1.1/bin64/sep" -dry-run -sam 5 -ec "CPU_CLK_UNHALTED.THREAD:sa=2300000,CPU_CLK_UNHALTED.REF_TSC:sample:sa=2300000,INST_RETIRED.ANY:sample:sa=2300000,CPU_CLK_UNHALTED.REF_XCLK:sa=100003,CPU_CLK_UNHALTED.ONE_THREAD_ACTIVE:sa=100003,CYCLE_ACTIVITY.CYCLES_NO_EXECUTE:sa=2000003,CYCLE_ACTIVITY.STALLS_L1D_PENDING:sa=2000003,CYCLE_ACTIVITY.STALLS_LDM_PENDING:sa=2000003,CYCLE_ACTIVITY.STALLS_L2_PENDING:sa=2000003,IDQ_UOPS_NOT_DELIVERED.CORE:sa=2000003,INT_MISC.RECOVERY_CYCLES:sa=2000003,MEM_LOAD_UOPS_RETIRED.L3_HIT_PS:sa=50003,MEM_LOAD_UOPS_RETIRED.L3_MISS_PS:sa=50003,OFFCORE_REQUESTS_OUTSTANDING.CYCLES_WITH_DATA_RD:sa=2000003,OFFCORE_REQUESTS_OUTSTANDING.ALL_DATA_RD:cmask=6:sa=2000003,RESOURCE_STALLS.SB:sa=2000003,RS_EVENTS.EMPTY_CYCLES:sa=2000003,UOPS_EXECUTED.CORE:cmask=1:sa=2000003,UOPS_EXECUTED.CORE:cmask=2:sa=2000003,UOPS_EXECUTED.CORE:cmask=3:sa=2000003,UOPS_ISSUED.ANY:sa=2000003,UOPS_RETIRED.RETIRE_SLOTS:sa=2000003,IDQ_UOPS_NOT_DELIVERED.CYCLES_0_UOPS_DELIV.CORE:sa=2000003,MEM_UOPS_RETIRED.ALL_LOADS_PS:sa=100003,MEM_UOPS_RETIRED.ALL_STORES_PS:sa=100003,MEM_LOAD_UOPS_L3_MISS_RETIRED.LOCAL_DRAM_PS:sa=100003,MEM_LOAD_UOPS_L3_MISS_RETIRED.REMOTE_DRAM_PS:sa=100003,MEM_LOAD_UOPS_L3_MISS_RETIRED.REMOTE_HITM_PS:sa=100003,MEM_LOAD_UOPS_L3_MISS_RETIRED.REMOTE_FWD_PS:sa=100003,UNC_M_CAS_COUNT.RD,UNC_M_CAS_COUNT.WR" -experimental
194 [140461679306432] INFO perfrun.perfcollector <> - SepDryRun RC = true
194 [140461679306432] INFO perfrun.perfcollector <> - DRY_RUN : "PMU type: Core (core)"
198 [140461679306432] INFO perfrun.perfcollector <> - pmu type : cpu
198 [140461679306432] INFO perfrun.perfcollector <> - DRY_RUN : "Group 0:"
198 [140461679306432] INFO perfrun.perfcollector <> - id : 0
198 [140461679306432] INFO perfrun.perfcollector <> - DRY_RUN : "INST_RETIRED.ANY: event id 2"
198 [140461679306432] INFO perfrun.perfcollector <> - eventName : INST_RETIRED.ANY , eventId : 2
198 [140461679306432] INFO perfrun.perfcollector <> - DRY_RUN : "CPU_CLK_UNHALTED.THREAD: event id 0"
198 [140461679306432] INFO perfrun.perfcollector <> - eventName : CPU_CLK_UNHALTED.THREAD , eventId : 0
198 [140461679306432] INFO perfrun.perfcollector <> - DRY_RUN : "CPU_CLK_UNHALTED.REF_TSC: event id 1"
198 [140461679306432] INFO perfrun.perfcollector <> - eventName : CPU_CLK_UNHALTED.REF_TSC , eventId : 1
198 [140461679306432] INFO perfrun.perfcollector <> - DRY_RUN : "CPU_CLK_UNHALTED.REF_XCLK: event id 4"
198 [140461679306432] INFO perfrun.perfcollector <> - eventName : CPU_CLK_UNHALTED.REF_XCLK , eventId : 4
198 [140461679306432] INFO perfrun.perfcollector <> - DRY_RUN : "CPU_CLK_UNHALTED.ONE_THREAD_ACTIVE: event id 5"
198 [140461679306432] INFO perfrun.perfcollector <> - eventName : CPU_CLK_UNHALTED.ONE_THREAD_ACTIVE , eventId : 5
198 [140461679306432] INFO perfrun.perfcollector <> - DRY_RUN : "CYCLE_ACTIVITY.STALLS_L1D_PENDING: event id 3"
198 [140461679306432] INFO perfrun.perfcollector <> - eventName : CYCLE_ACTIVITY.STALLS_L1D_PENDING , eventId : 3
198 [140461679306432] INFO perfrun.perfcollector <> - DRY_RUN : "CYCLE_ACTIVITY.CYCLES_NO_EXECUTE: event id 6"
198 [140461679306432] INFO perfrun.perfcollector <> - eventName : CYCLE_ACTIVITY.CYCLES_NO_EXECUTE , eventId : 6
198 [140461679306432] INFO perfrun.perfcollector <> - DRY_RUN : "CCCR"
198 [140461679306432] INFO perfrun.perfcollector <> - DRY_RUN : "reg_type       = 1	event_id       = g	reg_id         = 38f	reg_value      = 70000000f"
198 [140461679306432] INFO perfrun.perfcollector <> - eventId : g , ignored
198 [140461679306432] INFO perfrun.perfcollector <> - DRY_RUN : "reg_type       = 1	event_id       = g	reg_id         = 390	reg_value      = 70000000f"
198 [140461679306432] INFO perfrun.perfcollector <> - eventId : g , ignored
198 [140461679306432] INFO perfrun.perfcollector <> - DRY_RUN : "reg_type       = 1	event_id       = g	reg_id         = 3f1	reg_value      = 0"
198 [140461679306432] INFO perfrun.perfcollector <> - eventId : g , ignored
198 [140461679306432] INFO perfrun.perfcollector <> - DRY_RUN : "reg_type       = 1	event_id       = g	reg_id         = 1d9	reg_value      = 1800"
198 [140461679306432] INFO perfrun.perfcollector <> - eventId : g , ignored
198 [140461679306432] INFO perfrun.perfcollector <> - DRY_RUN : "reg_type       = 1	event_id       = g	reg_id         = 38d	reg_value      = bbb"
198 [140461679306432] INFO perfrun.perfcollector <> - eventId : g , ignored
198 [140461679306432] INFO perfrun.perfcollector <> - DRY_RUN : "reg_type       = 1	event_id       = 4	reg_id         = 186	reg_value      = 53013c"
198 [140461679306432] INFO perfrun.perfcollector <> - eventId : 4 , cccrAddr : 186 , cccrVal : 53013c
198 [140461679306432] INFO perfrun.perfcollector <> - DRY_RUN : "reg_type       = 1	event_id       = 5	reg_id         = 187	reg_value      = 53023c"
198 [140461679306432] INFO perfrun.perfcollector <> - eventId : 5 , cccrAddr : 187 , cccrVal : 53023c
198 [140461679306432] INFO perfrun.perfcollector <> - DRY_RUN : "reg_type       = 1	event_id       = 3	reg_id         = 188	reg_value      = c530ca3"
198 [140461679306432] INFO perfrun.perfcollector <> - eventId : 3 , cccrAddr : 188 , cccrVal : c530ca3
198 [140461679306432] INFO perfrun.perfcollector <> - DRY_RUN : "reg_type       = 1	event_id       = 6	reg_id         = 189	reg_value      = 45304a3"
198 [140461679306432] INFO perfrun.perfcollector <> - eventId : 6 , cccrAddr : 189 , cccrVal : 45304a3
198 [140461679306432] INFO perfrun.perfcollector <> - DRY_RUN : "ESCR"
198 [140461679306432] INFO perfrun.perfcollector <> - DRY_RUN : "reg_type       = 2	event_id       = g	reg_id         = 1c8	reg_value      = 0"
198 [140461679306432] INFO perfrun.perfcollector <> - eventId : g , ignored
198 [140461679306432] INFO perfrun.perfcollector <> - DRY_RUN : "DATA"
198 [140461679306432] INFO perfrun.perfcollector <> - DRY_RUN : "reg_type       = 4	event_id       = 2	reg_id         = 309	reg_value      = ffffff508620"
198 [140461679306432] INFO perfrun.perfcollector <> - eventId : 2 , dataAddr : 309 , dataVal : ffffff508620
198 [140461679306432] INFO perfrun.perfcollector <> - DRY_RUN : "reg_type       = 4	event_id       = 0	reg_id         = 30a	reg_value      = ffffff508620"
198 [140461679306432] INFO perfrun.perfcollector <> - eventId : 0 , dataAddr : 30a , dataVal : ffffff508620
198 [140461679306432] INFO perfrun.perfcollector <> - DRY_RUN : "reg_type       = 4	event_id       = 1	reg_id         = 30b	reg_value      = ffffff508620"
198 [140461679306432] INFO perfrun.perfcollector <> - eventId : 1 , dataAddr : 30b , dataVal : ffffff508620
198 [140461679306432] INFO perfrun.perfcollector <> - DRY_RUN : "reg_type       = 4	event_id       = 4	reg_id         = c1	reg_value      = fffffff85ed1"
198 [140461679306432] INFO perfrun.perfcollector <> - eventId : 4 , dataAddr : c1 , dataVal : fffffff85ed1
198 [140461679306432] INFO perfrun.perfcollector <> - DRY_RUN : "reg_type       = 4	event_id       = 5	reg_id         = c2	reg_value      = fffffff85ed1"
198 [140461679306432] INFO perfrun.perfcollector <> - eventId : 5 , dataAddr : c2 , dataVal : fffffff85ed1
198 [140461679306432] INFO perfrun.perfcollector <> - DRY_RUN : "reg_type       = 4	event_id       = 3	reg_id         = c3	reg_value      = ffffff676971"
198 [140461679306432] INFO perfrun.perfcollector <> - eventId : 3 , dataAddr : c3 , dataVal : ffffff676971
198 [140461679306432] INFO perfrun.perfcollector <> - DRY_RUN : "reg_type       = 4	event_id       = 6	reg_id         = c4	reg_value      = ffffff676971"
198 [140461679306432] INFO perfrun.perfcollector <> - eventId : 6 , dataAddr : c4 , dataVal : ffffff676971
198 [140461679306432] INFO perfrun.perfcollector <> - DRY_RUN : "Group 1:"
198 [140461679306432] INFO perfrun.perfcollector <> - id : 1
198 [140461679306432] INFO perfrun.perfcollector <> - DRY_RUN : "INST_RETIRED.ANY: event id 2"
198 [140461679306432] INFO perfrun.perfcollector <> - eventName : INST_RETIRED.ANY , eventId : 2
198 [140461679306432] INFO perfrun.perfcollector <> - DRY_RUN : "CPU_CLK_UNHALTED.THREAD: event id 0"
198 [140461679306432] INFO perfrun.perfcollector <> - eventName : CPU_CLK_UNHALTED.THREAD , eventId : 0
198 [140461679306432] INFO perfrun.perfcollector <> - DRY_RUN : "CPU_CLK_UNHALTED.REF_TSC: event id 1"
198 [140461679306432] INFO perfrun.perfcollector <> - eventName : CPU_CLK_UNHALTED.REF_TSC , eventId : 1
198 [140461679306432] INFO perfrun.perfcollector <> - DRY_RUN : "CYCLE_ACTIVITY.STALLS_LDM_PENDING: event id 7"
198 [140461679306432] INFO perfrun.perfcollector <> - eventName : CYCLE_ACTIVITY.STALLS_LDM_PENDING , eventId : 7
198 [140461679306432] INFO perfrun.perfcollector <> - DRY_RUN : "CYCLE_ACTIVITY.STALLS_L2_PENDING: event id 8"
198 [140461679306432] INFO perfrun.perfcollector <> - eventName : CYCLE_ACTIVITY.STALLS_L2_PENDING , eventId : 8
198 [140461679306432] INFO perfrun.perfcollector <> - DRY_RUN : "IDQ_UOPS_NOT_DELIVERED.CORE: event id 9"
198 [140461679306432] INFO perfrun.perfcollector <> - eventName : IDQ_UOPS_NOT_DELIVERED.CORE , eventId : 9
198 [140461679306432] INFO perfrun.perfcollector <> - DRY_RUN : "INT_MISC.RECOVERY_CYCLES: event id 10"
198 [140461679306432] INFO perfrun.perfcollector <> - eventName : INT_MISC.RECOVERY_CYCLES , eventId : 10
198 [140461679306432] INFO perfrun.perfcollector <> - DRY_RUN : "CCCR"
198 [140461679306432] INFO perfrun.perfcollector <> - DRY_RUN : "reg_type       = 1	event_id       = g	reg_id         = 38f	reg_value      = 70000000f"
198 [140461679306432] INFO perfrun.perfcollector <> - eventId : g , ignored
198 [140461679306432] INFO perfrun.perfcollector <> - DRY_RUN : "reg_type       = 1	event_id       = g	reg_id         = 390	reg_value      = 70000000f"
198 [140461679306432] INFO perfrun.perfcollector <> - eventId : g , ignored
198 [140461679306432] INFO perfrun.perfcollector <> - DRY_RUN : "reg_type       = 1	event_id       = g	reg_id         = 3f1	reg_value      = 0"
198 [140461679306432] INFO perfrun.perfcollector <> - eventId : g , ignored
198 [140461679306432] INFO perfrun.perfcollector <> - DRY_RUN : "reg_type       = 1	event_id       = g	reg_id         = 1d9	reg_value      = 1800"
198 [140461679306432] INFO perfrun.perfcollector <> - eventId : g , ignored
198 [140461679306432] INFO perfrun.perfcollector <> - DRY_RUN : "reg_type       = 1	event_id       = g	reg_id         = 38d	reg_value      = bbb"
198 [140461679306432] INFO perfrun.perfcollector <> - eventId : g , ignored
198 [140461679306432] INFO perfrun.perfcollector <> - DRY_RUN : "reg_type       = 1	event_id       = 7	reg_id         = 186	reg_value      = 65306a3"
198 [140461679306432] INFO perfrun.perfcollector <> - eventId : 7 , cccrAddr : 186 , cccrVal : 65306a3
198 [140461679306432] INFO perfrun.perfcollector <> - DRY_RUN : "reg_type       = 1	event_id       = 8	reg_id         = 187	reg_value      = 55305a3"
198 [140461679306432] INFO perfrun.perfcollector <> - eventId : 8 , cccrAddr : 187 , cccrVal : 55305a3
198 [140461679306432] INFO perfrun.perfcollector <> - DRY_RUN : "reg_type       = 1	event_id       = 9	reg_id         = 188	reg_value      = 53019c"
198 [140461679306432] INFO perfrun.perfcollector <> - eventId : 9 , cccrAddr : 188 , cccrVal : 53019c
198 [140461679306432] INFO perfrun.perfcollector <> - DRY_RUN : "reg_type       = 1	event_id       = 10	reg_id         = 189	reg_value      = 153030d"
198 [140461679306432] INFO perfrun.perfcollector <> - eventId : 10 , cccrAddr : 189 , cccrVal : 153030d
198 [140461679306432] INFO perfrun.perfcollector <> - DRY_RUN : "ESCR"
198 [140461679306432] INFO perfrun.perfcollector <> - DRY_RUN : "reg_type       = 2	event_id       = g	reg_id         = 1c8	reg_value      = 0"
198 [140461679306432] INFO perfrun.perfcollector <> - eventId : g , ignored
198 [140461679306432] INFO perfrun.perfcollector <> - DRY_RUN : "DATA"
198 [140461679306432] INFO perfrun.perfcollector <> - DRY_RUN : "reg_type       = 4	event_id       = 2	reg_id         = 309	reg_value      = ffffff508620"
198 [140461679306432] INFO perfrun.perfcollector <> - eventId : 2 , dataAddr : 309 , dataVal : ffffff508620
198 [140461679306432] INFO perfrun.perfcollector <> - DRY_RUN : "reg_type       = 4	event_id       = 0	reg_id         = 30a	reg_value      = ffffff508620"
198 [140461679306432] INFO perfrun.perfcollector <> - eventId : 0 , dataAddr : 30a , dataVal : ffffff508620
198 [140461679306432] INFO perfrun.perfcollector <> - DRY_RUN : "reg_type       = 4	event_id       = 1	reg_id         = 30b	reg_value      = ffffff508620"
198 [140461679306432] INFO perfrun.perfcollector <> - eventId : 1 , dataAddr : 30b , dataVal : ffffff508620
198 [140461679306432] INFO perfrun.perfcollector <> - DRY_RUN : "reg_type       = 4	event_id       = 7	reg_id         = c1	reg_value      = ffffff676971"
198 [140461679306432] INFO perfrun.perfcollector <> - eventId : 7 , dataAddr : c1 , dataVal : ffffff676971
198 [140461679306432] INFO perfrun.perfcollector <> - DRY_RUN : "reg_type       = 4	event_id       = 8	reg_id         = c2	reg_value      = ffffff676971"
198 [140461679306432] INFO perfrun.perfcollector <> - eventId : 8 , dataAddr : c2 , dataVal : ffffff676971
198 [140461679306432] INFO perfrun.perfcollector <> - DRY_RUN : "reg_type       = 4	event_id       = 9	reg_id         = c3	reg_value      = ffffff676971"
198 [140461679306432] INFO perfrun.perfcollector <> - eventId : 9 , dataAddr : c3 , dataVal : ffffff676971
198 [140461679306432] INFO perfrun.perfcollector <> - DRY_RUN : "reg_type       = 4	event_id       = 10	reg_id         = c4	reg_value      = ffffff676971"
198 [140461679306432] INFO perfrun.perfcollector <> - eventId : 10 , dataAddr : c4 , dataVal : ffffff676971
198 [140461679306432] INFO perfrun.perfcollector <> - DRY_RUN : "Group 2:"
198 [140461679306432] INFO perfrun.perfcollector <> - id : 2
198 [140461679306432] INFO perfrun.perfcollector <> - DRY_RUN : "INST_RETIRED.ANY: event id 2"
198 [140461679306432] INFO perfrun.perfcollector <> - eventName : INST_RETIRED.ANY , eventId : 2
198 [140461679306432] INFO perfrun.perfcollector <> - DRY_RUN : "CPU_CLK_UNHALTED.THREAD: event id 0"
198 [140461679306432] INFO perfrun.perfcollector <> - eventName : CPU_CLK_UNHALTED.THREAD , eventId : 0
198 [140461679306432] INFO perfrun.perfcollector <> - DRY_RUN : "CPU_CLK_UNHALTED.REF_TSC: event id 1"
198 [140461679306432] INFO perfrun.perfcollector <> - eventName : CPU_CLK_UNHALTED.REF_TSC , eventId : 1
198 [140461679306432] INFO perfrun.perfcollector <> - DRY_RUN : "MEM_LOAD_UOPS_RETIRED.L3_HIT_PS: event id 11"
198 [140461679306432] INFO perfrun.perfcollector <> - eventName : MEM_LOAD_UOPS_RETIRED.L3_HIT_PS , eventId : 11
198 [140461679306432] INFO perfrun.perfcollector <> - DRY_RUN : "MEM_LOAD_UOPS_RETIRED.L3_MISS_PS: event id 12"
198 [140461679306432] INFO perfrun.perfcollector <> - eventName : MEM_LOAD_UOPS_RETIRED.L3_MISS_PS , eventId : 12
198 [140461679306432] INFO perfrun.perfcollector <> - DRY_RUN : "OFFCORE_REQUESTS_OUTSTANDING.CYCLES_WITH_DATA_RD: event id 13"
198 [140461679306432] INFO perfrun.perfcollector <> - eventName : OFFCORE_REQUESTS_OUTSTANDING.CYCLES_WITH_DATA_RD , eventId : 13
198 [140461679306432] INFO perfrun.perfcollector <> - DRY_RUN : "OFFCORE_REQUESTS_OUTSTANDING.ALL_DATA_RD:cmask=6: event id 14"
198 [140461679306432] INFO perfrun.perfcollector <> - eventName : OFFCORE_REQUESTS_OUTSTANDING.ALL_DATA_RD:cmask=6 , eventId : 14
198 [140461679306432] INFO perfrun.perfcollector <> - DRY_RUN : "CCCR"
198 [140461679306432] INFO perfrun.perfcollector <> - DRY_RUN : "reg_type       = 1	event_id       = g	reg_id         = 38f	reg_value      = 70000000f"
198 [140461679306432] INFO perfrun.perfcollector <> - eventId : g , ignored
198 [140461679306432] INFO perfrun.perfcollector <> - DRY_RUN : "reg_type       = 1	event_id       = g	reg_id         = 390	reg_value      = 70000000f"
198 [140461679306432] INFO perfrun.perfcollector <> - eventId : g , ignored
198 [140461679306432] INFO perfrun.perfcollector <> - DRY_RUN : "reg_type       = 1	event_id       = g	reg_id         = 3f1	reg_value      = 300000003"
198 [140461679306432] INFO perfrun.perfcollector <> - eventId : g , ignored
198 [140461679306432] INFO perfrun.perfcollector <> - DRY_RUN : "reg_type       = 1	event_id       = g	reg_id         = 1d9	reg_value      = 1800"
198 [140461679306432] INFO perfrun.perfcollector <> - eventId : g , ignored
198 [140461679306432] INFO perfrun.perfcollector <> - DRY_RUN : "reg_type       = 1	event_id       = g	reg_id         = 38d	reg_value      = bbb"
198 [140461679306432] INFO perfrun.perfcollector <> - eventId : g , ignored
198 [140461679306432] INFO perfrun.perfcollector <> - DRY_RUN : "reg_type       = 1	event_id       = 11	reg_id         = 186	reg_value      = 4304d1"
198 [140461679306432] INFO perfrun.perfcollector <> - eventId : 11 , cccrAddr : 186 , cccrVal : 4304d1
198 [140461679306432] INFO perfrun.perfcollector <> - DRY_RUN : "reg_type       = 1	event_id       = 12	reg_id         = 187	reg_value      = 4320d1"
198 [140461679306432] INFO perfrun.perfcollector <> - eventId : 12 , cccrAddr : 187 , cccrVal : 4320d1
198 [140461679306432] INFO perfrun.perfcollector <> - DRY_RUN : "reg_type       = 1	event_id       = 13	reg_id         = 188	reg_value      = 1530860"
198 [140461679306432] INFO perfrun.perfcollector <> - eventId : 13 , cccrAddr : 188 , cccrVal : 1530860
198 [140461679306432] INFO perfrun.perfcollector <> - DRY_RUN : "reg_type       = 1	event_id       = 14	reg_id         = 189	reg_value      = 6530860"
198 [140461679306432] INFO perfrun.perfcollector <> - eventId : 14 , cccrAddr : 189 , cccrVal : 6530860
198 [140461679306432] INFO perfrun.perfcollector <> - DRY_RUN : "ESCR"
198 [140461679306432] INFO perfrun.perfcollector <> - DRY_RUN : "reg_type       = 2	event_id       = g	reg_id         = 1c8	reg_value      = 0"
198 [140461679306432] INFO perfrun.perfcollector <> - eventId : g , ignored
198 [140461679306432] INFO perfrun.perfcollector <> - DRY_RUN : "DATA"
198 [140461679306432] INFO perfrun.perfcollector <> - DRY_RUN : "reg_type       = 4	event_id       = 2	reg_id         = 309	reg_value      = ffffff508620"
198 [140461679306432] INFO perfrun.perfcollector <> - eventId : 2 , dataAddr : 309 , dataVal : ffffff508620
198 [140461679306432] INFO perfrun.perfcollector <> - DRY_RUN : "reg_type       = 4	event_id       = 0	reg_id         = 30a	reg_value      = ffffff508620"
198 [140461679306432] INFO perfrun.perfcollector <> - eventId : 0 , dataAddr : 30a , dataVal : ffffff508620
198 [140461679306432] INFO perfrun.perfcollector <> - DRY_RUN : "reg_type       = 4	event_id       = 1	reg_id         = 30b	reg_value      = ffffff508620"
198 [140461679306432] INFO perfrun.perfcollector <> - eventId : 1 , dataAddr : 30b , dataVal : ffffff508620
198 [140461679306432] INFO perfrun.perfcollector <> - DRY_RUN : "reg_type       = 4	event_id       = 11	reg_id         = c1	reg_value      = fffffffc2f61"
198 [140461679306432] INFO perfrun.perfcollector <> - eventId : 11 , dataAddr : c1 , dataVal : fffffffc2f61
198 [140461679306432] INFO perfrun.perfcollector <> - DRY_RUN : "reg_type       = 4	event_id       = 12	reg_id         = c2	reg_value      = fffffffc2f61"
198 [140461679306432] INFO perfrun.perfcollector <> - eventId : 12 , dataAddr : c2 , dataVal : fffffffc2f61
198 [140461679306432] INFO perfrun.perfcollector <> - DRY_RUN : "reg_type       = 4	event_id       = 13	reg_id         = c3	reg_value      = ffffff676971"
198 [140461679306432] INFO perfrun.perfcollector <> - eventId : 13 , dataAddr : c3 , dataVal : ffffff676971
198 [140461679306432] INFO perfrun.perfcollector <> - DRY_RUN : "reg_type       = 4	event_id       = 14	reg_id         = c4	reg_value      = ffffff676971"
198 [140461679306432] INFO perfrun.perfcollector <> - eventId : 14 , dataAddr : c4 , dataVal : ffffff676971
198 [140461679306432] INFO perfrun.perfcollector <> - DRY_RUN : "Group 3:"
198 [140461679306432] INFO perfrun.perfcollector <> - id : 3
198 [140461679306432] INFO perfrun.perfcollector <> - DRY_RUN : "INST_RETIRED.ANY: event id 2"
199 [140461679306432] INFO perfrun.perfcollector <> - eventName : INST_RETIRED.ANY , eventId : 2
199 [140461679306432] INFO perfrun.perfcollector <> - DRY_RUN : "CPU_CLK_UNHALTED.THREAD: event id 0"
199 [140461679306432] INFO perfrun.perfcollector <> - eventName : CPU_CLK_UNHALTED.THREAD , eventId : 0
199 [140461679306432] INFO perfrun.perfcollector <> - DRY_RUN : "CPU_CLK_UNHALTED.REF_TSC: event id 1"
199 [140461679306432] INFO perfrun.perfcollector <> - eventName : CPU_CLK_UNHALTED.REF_TSC , eventId : 1
199 [140461679306432] INFO perfrun.perfcollector <> - DRY_RUN : "RESOURCE_STALLS.SB: event id 15"
199 [140461679306432] INFO perfrun.perfcollector <> - eventName : RESOURCE_STALLS.SB , eventId : 15
199 [140461679306432] INFO perfrun.perfcollector <> - DRY_RUN : "RS_EVENTS.EMPTY_CYCLES: event id 16"
199 [140461679306432] INFO perfrun.perfcollector <> - eventName : RS_EVENTS.EMPTY_CYCLES , eventId : 16
199 [140461679306432] INFO perfrun.perfcollector <> - DRY_RUN : "UOPS_EXECUTED.CORE:cmask=1: event id 17"
199 [140461679306432] INFO perfrun.perfcollector <> - eventName : UOPS_EXECUTED.CORE:cmask=1 , eventId : 17
199 [140461679306432] INFO perfrun.perfcollector <> - DRY_RUN : "UOPS_EXECUTED.CORE:cmask=2: event id 18"
199 [140461679306432] INFO perfrun.perfcollector <> - eventName : UOPS_EXECUTED.CORE:cmask=2 , eventId : 18
199 [140461679306432] INFO perfrun.perfcollector <> - DRY_RUN : "CCCR"
199 [140461679306432] INFO perfrun.perfcollector <> - DRY_RUN : "reg_type       = 1	event_id       = g	reg_id         = 38f	reg_value      = 70000000f"
199 [140461679306432] INFO perfrun.perfcollector <> - eventId : g , ignored
199 [140461679306432] INFO perfrun.perfcollector <> - DRY_RUN : "reg_type       = 1	event_id       = g	reg_id         = 390	reg_value      = 70000000f"
199 [140461679306432] INFO perfrun.perfcollector <> - eventId : g , ignored
199 [140461679306432] INFO perfrun.perfcollector <> - DRY_RUN : "reg_type       = 1	event_id       = g	reg_id         = 3f1	reg_value      = 0"
199 [140461679306432] INFO perfrun.perfcollector <> - eventId : g , ignored
199 [140461679306432] INFO perfrun.perfcollector <> - DRY_RUN : "reg_type       = 1	event_id       = g	reg_id         = 1d9	reg_value      = 1800"
199 [140461679306432] INFO perfrun.perfcollector <> - eventId : g , ignored
199 [140461679306432] INFO perfrun.perfcollector <> - DRY_RUN : "reg_type       = 1	event_id       = g	reg_id         = 38d	reg_value      = bbb"
199 [140461679306432] INFO perfrun.perfcollector <> - eventId : g , ignored
199 [140461679306432] INFO perfrun.perfcollector <> - DRY_RUN : "reg_type       = 1	event_id       = 15	reg_id         = 186	reg_value      = 5308a2"
199 [140461679306432] INFO perfrun.perfcollector <> - eventId : 15 , cccrAddr : 186 , cccrVal : 5308a2
199 [140461679306432] INFO perfrun.perfcollector <> - DRY_RUN : "reg_type       = 1	event_id       = 16	reg_id         = 187	reg_value      = 53015e"
199 [140461679306432] INFO perfrun.perfcollector <> - eventId : 16 , cccrAddr : 187 , cccrVal : 53015e
199 [140461679306432] INFO perfrun.perfcollector <> - DRY_RUN : "reg_type       = 1	event_id       = 17	reg_id         = 188	reg_value      = 15302b1"
199 [140461679306432] INFO perfrun.perfcollector <> - eventId : 17 , cccrAddr : 188 , cccrVal : 15302b1
199 [140461679306432] INFO perfrun.perfcollector <> - DRY_RUN : "reg_type       = 1	event_id       = 18	reg_id         = 189	reg_value      = 25302b1"
199 [140461679306432] INFO perfrun.perfcollector <> - eventId : 18 , cccrAddr : 189 , cccrVal : 25302b1
199 [140461679306432] INFO perfrun.perfcollector <> - DRY_RUN : "ESCR"
199 [140461679306432] INFO perfrun.perfcollector <> - DRY_RUN : "reg_type       = 2	event_id       = g	reg_id         = 1c8	reg_value      = 0"
199 [140461679306432] INFO perfrun.perfcollector <> - eventId : g , ignored
199 [140461679306432] INFO perfrun.perfcollector <> - DRY_RUN : "DATA"
199 [140461679306432] INFO perfrun.perfcollector <> - DRY_RUN : "reg_type       = 4	event_id       = 2	reg_id         = 309	reg_value      = ffffff508620"
199 [140461679306432] INFO perfrun.perfcollector <> - eventId : 2 , dataAddr : 309 , dataVal : ffffff508620
199 [140461679306432] INFO perfrun.perfcollector <> - DRY_RUN : "reg_type       = 4	event_id       = 0	reg_id         = 30a	reg_value      = ffffff508620"
199 [140461679306432] INFO perfrun.perfcollector <> - eventId : 0 , dataAddr : 30a , dataVal : ffffff508620
199 [140461679306432] INFO perfrun.perfcollector <> - DRY_RUN : "reg_type       = 4	event_id       = 1	reg_id         = 30b	reg_value      = ffffff508620"
199 [140461679306432] INFO perfrun.perfcollector <> - eventId : 1 , dataAddr : 30b , dataVal : ffffff508620
199 [140461679306432] INFO perfrun.perfcollector <> - DRY_RUN : "reg_type       = 4	event_id       = 15	reg_id         = c1	reg_value      = ffffff676971"
199 [140461679306432] INFO perfrun.perfcollector <> - eventId : 15 , dataAddr : c1 , dataVal : ffffff676971
199 [140461679306432] INFO perfrun.perfcollector <> - DRY_RUN : "reg_type       = 4	event_id       = 16	reg_id         = c2	reg_value      = ffffff676971"
199 [140461679306432] INFO perfrun.perfcollector <> - eventId : 16 , dataAddr : c2 , dataVal : ffffff676971
199 [140461679306432] INFO perfrun.perfcollector <> - DRY_RUN : "reg_type       = 4	event_id       = 17	reg_id         = c3	reg_value      = ffffff676971"
199 [140461679306432] INFO perfrun.perfcollector <> - eventId : 17 , dataAddr : c3 , dataVal : ffffff676971
199 [140461679306432] INFO perfrun.perfcollector <> - DRY_RUN : "reg_type       = 4	event_id       = 18	reg_id         = c4	reg_value      = ffffff676971"
199 [140461679306432] INFO perfrun.perfcollector <> - eventId : 18 , dataAddr : c4 , dataVal : ffffff676971
199 [140461679306432] INFO perfrun.perfcollector <> - DRY_RUN : "Group 4:"
199 [140461679306432] INFO perfrun.perfcollector <> - id : 4
199 [140461679306432] INFO perfrun.perfcollector <> - DRY_RUN : "INST_RETIRED.ANY: event id 2"
199 [140461679306432] INFO perfrun.perfcollector <> - eventName : INST_RETIRED.ANY , eventId : 2
199 [140461679306432] INFO perfrun.perfcollector <> - DRY_RUN : "CPU_CLK_UNHALTED.THREAD: event id 0"
199 [140461679306432] INFO perfrun.perfcollector <> - eventName : CPU_CLK_UNHALTED.THREAD , eventId : 0
199 [140461679306432] INFO perfrun.perfcollector <> - DRY_RUN : "CPU_CLK_UNHALTED.REF_TSC: event id 1"
199 [140461679306432] INFO perfrun.perfcollector <> - eventName : CPU_CLK_UNHALTED.REF_TSC , eventId : 1
199 [140461679306432] INFO perfrun.perfcollector <> - DRY_RUN : "UOPS_EXECUTED.CORE:cmask=3: event id 19"
199 [140461679306432] INFO perfrun.perfcollector <> - eventName : UOPS_EXECUTED.CORE:cmask=3 , eventId : 19
199 [140461679306432] INFO perfrun.perfcollector <> - DRY_RUN : "UOPS_ISSUED.ANY: event id 20"
199 [140461679306432] INFO perfrun.perfcollector <> - eventName : UOPS_ISSUED.ANY , eventId : 20
199 [140461679306432] INFO perfrun.perfcollector <> - DRY_RUN : "UOPS_RETIRED.RETIRE_SLOTS: event id 21"
199 [140461679306432] INFO perfrun.perfcollector <> - eventName : UOPS_RETIRED.RETIRE_SLOTS , eventId : 21
199 [140461679306432] INFO perfrun.perfcollector <> - DRY_RUN : "IDQ_UOPS_NOT_DELIVERED.CYCLES_0_UOPS_DELIV.CORE: event id 22"
199 [140461679306432] INFO perfrun.perfcollector <> - eventName : IDQ_UOPS_NOT_DELIVERED.CYCLES_0_UOPS_DELIV.CORE , eventId : 22
199 [140461679306432] INFO perfrun.perfcollector <> - DRY_RUN : "CCCR"
199 [140461679306432] INFO perfrun.perfcollector <> - DRY_RUN : "reg_type       = 1	event_id       = g	reg_id         = 38f	reg_value      = 70000000f"
199 [140461679306432] INFO perfrun.perfcollector <> - eventId : g , ignored
199 [140461679306432] INFO perfrun.perfcollector <> - DRY_RUN : "reg_type       = 1	event_id       = g	reg_id         = 390	reg_value      = 70000000f"
199 [140461679306432] INFO perfrun.perfcollector <> - eventId : g , ignored
199 [140461679306432] INFO perfrun.perfcollector <> - DRY_RUN : "reg_type       = 1	event_id       = g	reg_id         = 3f1	reg_value      = 0"
199 [140461679306432] INFO perfrun.perfcollector <> - eventId : g , ignored
199 [140461679306432] INFO perfrun.perfcollector <> - DRY_RUN : "reg_type       = 1	event_id       = g	reg_id         = 1d9	reg_value      = 1800"
199 [140461679306432] INFO perfrun.perfcollector <> - eventId : g , ignored
199 [140461679306432] INFO perfrun.perfcollector <> - DRY_RUN : "reg_type       = 1	event_id       = g	reg_id         = 38d	reg_value      = bbb"
199 [140461679306432] INFO perfrun.perfcollector <> - eventId : g , ignored
199 [140461679306432] INFO perfrun.perfcollector <> - DRY_RUN : "reg_type       = 1	event_id       = 19	reg_id         = 186	reg_value      = 35302b1"
199 [140461679306432] INFO perfrun.perfcollector <> - eventId : 19 , cccrAddr : 186 , cccrVal : 35302b1
199 [140461679306432] INFO perfrun.perfcollector <> - DRY_RUN : "reg_type       = 1	event_id       = 20	reg_id         = 187	reg_value      = 53010e"
199 [140461679306432] INFO perfrun.perfcollector <> - eventId : 20 , cccrAddr : 187 , cccrVal : 53010e
199 [140461679306432] INFO perfrun.perfcollector <> - DRY_RUN : "reg_type       = 1	event_id       = 21	reg_id         = 188	reg_value      = 5302c2"
199 [140461679306432] INFO perfrun.perfcollector <> - eventId : 21 , cccrAddr : 188 , cccrVal : 5302c2
199 [140461679306432] INFO perfrun.perfcollector <> - DRY_RUN : "reg_type       = 1	event_id       = 22	reg_id         = 189	reg_value      = 453019c"
199 [140461679306432] INFO perfrun.perfcollector <> - eventId : 22 , cccrAddr : 189 , cccrVal : 453019c
199 [140461679306432] INFO perfrun.perfcollector <> - DRY_RUN : "ESCR"
199 [140461679306432] INFO perfrun.perfcollector <> - DRY_RUN : "reg_type       = 2	event_id       = g	reg_id         = 1c8	reg_value      = 0"
199 [140461679306432] INFO perfrun.perfcollector <> - eventId : g , ignored
199 [140461679306432] INFO perfrun.perfcollector <> - DRY_RUN : "DATA"
199 [140461679306432] INFO perfrun.perfcollector <> - DRY_RUN : "reg_type       = 4	event_id       = 2	reg_id         = 309	reg_value      = ffffff508620"
199 [140461679306432] INFO perfrun.perfcollector <> - eventId : 2 , dataAddr : 309 , dataVal : ffffff508620
199 [140461679306432] INFO perfrun.perfcollector <> - DRY_RUN : "reg_type       = 4	event_id       = 0	reg_id         = 30a	reg_value      = ffffff508620"
199 [140461679306432] INFO perfrun.perfcollector <> - eventId : 0 , dataAddr : 30a , dataVal : ffffff508620
199 [140461679306432] INFO perfrun.perfcollector <> - DRY_RUN : "reg_type       = 4	event_id       = 1	reg_id         = 30b	reg_value      = ffffff508620"
199 [140461679306432] INFO perfrun.perfcollector <> - eventId : 1 , dataAddr : 30b , dataVal : ffffff508620
199 [140461679306432] INFO perfrun.perfcollector <> - DRY_RUN : "reg_type       = 4	event_id       = 19	reg_id         = c1	reg_value      = ffffff676971"
199 [140461679306432] INFO perfrun.perfcollector <> - eventId : 19 , dataAddr : c1 , dataVal : ffffff676971
199 [140461679306432] INFO perfrun.perfcollector <> - DRY_RUN : "reg_type       = 4	event_id       = 20	reg_id         = c2	reg_value      = ffffff676971"
199 [140461679306432] INFO perfrun.perfcollector <> - eventId : 20 , dataAddr : c2 , dataVal : ffffff676971
199 [140461679306432] INFO perfrun.perfcollector <> - DRY_RUN : "reg_type       = 4	event_id       = 21	reg_id         = c3	reg_value      = ffffff676971"
199 [140461679306432] INFO perfrun.perfcollector <> - eventId : 21 , dataAddr : c3 , dataVal : ffffff676971
199 [140461679306432] INFO perfrun.perfcollector <> - DRY_RUN : "reg_type       = 4	event_id       = 22	reg_id         = c4	reg_value      = ffffff676971"
199 [140461679306432] INFO perfrun.perfcollector <> - eventId : 22 , dataAddr : c4 , dataVal : ffffff676971
199 [140461679306432] INFO perfrun.perfcollector <> - DRY_RUN : "Group 5:"
199 [140461679306432] INFO perfrun.perfcollector <> - id : 5
199 [140461679306432] INFO perfrun.perfcollector <> - DRY_RUN : "INST_RETIRED.ANY: event id 2"
199 [140461679306432] INFO perfrun.perfcollector <> - eventName : INST_RETIRED.ANY , eventId : 2
199 [140461679306432] INFO perfrun.perfcollector <> - DRY_RUN : "CPU_CLK_UNHALTED.THREAD: event id 0"
199 [140461679306432] INFO perfrun.perfcollector <> - eventName : CPU_CLK_UNHALTED.THREAD , eventId : 0
199 [140461679306432] INFO perfrun.perfcollector <> - DRY_RUN : "CPU_CLK_UNHALTED.REF_TSC: event id 1"
199 [140461679306432] INFO perfrun.perfcollector <> - eventName : CPU_CLK_UNHALTED.REF_TSC , eventId : 1
199 [140461679306432] INFO perfrun.perfcollector <> - DRY_RUN : "MEM_UOPS_RETIRED.ALL_LOADS_PS: event id 23"
199 [140461679306432] INFO perfrun.perfcollector <> - eventName : MEM_UOPS_RETIRED.ALL_LOADS_PS , eventId : 23
199 [140461679306432] INFO perfrun.perfcollector <> - DRY_RUN : "MEM_UOPS_RETIRED.ALL_STORES_PS: event id 24"
199 [140461679306432] INFO perfrun.perfcollector <> - eventName : MEM_UOPS_RETIRED.ALL_STORES_PS , eventId : 24
199 [140461679306432] INFO perfrun.perfcollector <> - DRY_RUN : "MEM_LOAD_UOPS_L3_MISS_RETIRED.LOCAL_DRAM_PS: event id 25"
199 [140461679306432] INFO perfrun.perfcollector <> - eventName : MEM_LOAD_UOPS_L3_MISS_RETIRED.LOCAL_DRAM_PS , eventId : 25
199 [140461679306432] INFO perfrun.perfcollector <> - DRY_RUN : "MEM_LOAD_UOPS_L3_MISS_RETIRED.REMOTE_DRAM_PS: event id 26"
199 [140461679306432] INFO perfrun.perfcollector <> - eventName : MEM_LOAD_UOPS_L3_MISS_RETIRED.REMOTE_DRAM_PS , eventId : 26
199 [140461679306432] INFO perfrun.perfcollector <> - DRY_RUN : "CCCR"
199 [140461679306432] INFO perfrun.perfcollector <> - DRY_RUN : "reg_type       = 1	event_id       = g	reg_id         = 38f	reg_value      = 70000000f"
199 [140461679306432] INFO perfrun.perfcollector <> - eventId : g , ignored
199 [140461679306432] INFO perfrun.perfcollector <> - DRY_RUN : "reg_type       = 1	event_id       = g	reg_id         = 390	reg_value      = 70000000f"
199 [140461679306432] INFO perfrun.perfcollector <> - eventId : g , ignored
199 [140461679306432] INFO perfrun.perfcollector <> - DRY_RUN : "reg_type       = 1	event_id       = g	reg_id         = 3f1	reg_value      = f0000000f"
199 [140461679306432] INFO perfrun.perfcollector <> - eventId : g , ignored
199 [140461679306432] INFO perfrun.perfcollector <> - DRY_RUN : "reg_type       = 1	event_id       = g	reg_id         = 1d9	reg_value      = 1800"
199 [140461679306432] INFO perfrun.perfcollector <> - eventId : g , ignored
199 [140461679306432] INFO perfrun.perfcollector <> - DRY_RUN : "reg_type       = 1	event_id       = g	reg_id         = 38d	reg_value      = bbb"
199 [140461679306432] INFO perfrun.perfcollector <> - eventId : g , ignored
199 [140461679306432] INFO perfrun.perfcollector <> - DRY_RUN : "reg_type       = 1	event_id       = 23	reg_id         = 186	reg_value      = 4381d0"
199 [140461679306432] INFO perfrun.perfcollector <> - eventId : 23 , cccrAddr : 186 , cccrVal : 4381d0
199 [140461679306432] INFO perfrun.perfcollector <> - DRY_RUN : "reg_type       = 1	event_id       = 24	reg_id         = 187	reg_value      = 4382d0"
199 [140461679306432] INFO perfrun.perfcollector <> - eventId : 24 , cccrAddr : 187 , cccrVal : 4382d0
199 [140461679306432] INFO perfrun.perfcollector <> - DRY_RUN : "reg_type       = 1	event_id       = 25	reg_id         = 188	reg_value      = 4301d3"
199 [140461679306432] INFO perfrun.perfcollector <> - eventId : 25 , cccrAddr : 188 , cccrVal : 4301d3
199 [140461679306432] INFO perfrun.perfcollector <> - DRY_RUN : "reg_type       = 1	event_id       = 26	reg_id         = 189	reg_value      = 4304d3"
199 [140461679306432] INFO perfrun.perfcollector <> - eventId : 26 , cccrAddr : 189 , cccrVal : 4304d3
199 [140461679306432] INFO perfrun.perfcollector <> - DRY_RUN : "ESCR"
199 [140461679306432] INFO perfrun.perfcollector <> - DRY_RUN : "reg_type       = 2	event_id       = g	reg_id         = 1c8	reg_value      = 0"
199 [140461679306432] INFO perfrun.perfcollector <> - eventId : g , ignored
199 [140461679306432] INFO perfrun.perfcollector <> - DRY_RUN : "DATA"
199 [140461679306432] INFO perfrun.perfcollector <> - DRY_RUN : "reg_type       = 4	event_id       = 2	reg_id         = 309	reg_value      = ffffff508620"
199 [140461679306432] INFO perfrun.perfcollector <> - eventId : 2 , dataAddr : 309 , dataVal : ffffff508620
199 [140461679306432] INFO perfrun.perfcollector <> - DRY_RUN : "reg_type       = 4	event_id       = 0	reg_id         = 30a	reg_value      = ffffff508620"
199 [140461679306432] INFO perfrun.perfcollector <> - eventId : 0 , dataAddr : 30a , dataVal : ffffff508620
199 [140461679306432] INFO perfrun.perfcollector <> - DRY_RUN : "reg_type       = 4	event_id       = 1	reg_id         = 30b	reg_value      = ffffff508620"
199 [140461679306432] INFO perfrun.perfcollector <> - eventId : 1 , dataAddr : 30b , dataVal : ffffff508620
199 [140461679306432] INFO perfrun.perfcollector <> - DRY_RUN : "reg_type       = 4	event_id       = 23	reg_id         = c1	reg_value      = fffffff85ed1"
199 [140461679306432] INFO perfrun.perfcollector <> - eventId : 23 , dataAddr : c1 , dataVal : fffffff85ed1
199 [140461679306432] INFO perfrun.perfcollector <> - DRY_RUN : "reg_type       = 4	event_id       = 24	reg_id         = c2	reg_value      = fffffff85ed1"
199 [140461679306432] INFO perfrun.perfcollector <> - eventId : 24 , dataAddr : c2 , dataVal : fffffff85ed1
199 [140461679306432] INFO perfrun.perfcollector <> - DRY_RUN : "reg_type       = 4	event_id       = 25	reg_id         = c3	reg_value      = fffffff85ed1"
199 [140461679306432] INFO perfrun.perfcollector <> - eventId : 25 , dataAddr : c3 , dataVal : fffffff85ed1
199 [140461679306432] INFO perfrun.perfcollector <> - DRY_RUN : "reg_type       = 4	event_id       = 26	reg_id         = c4	reg_value      = fffffff85ed1"
199 [140461679306432] INFO perfrun.perfcollector <> - eventId : 26 , dataAddr : c4 , dataVal : fffffff85ed1
199 [140461679306432] INFO perfrun.perfcollector <> - DRY_RUN : "Group 6:"
199 [140461679306432] INFO perfrun.perfcollector <> - id : 6
199 [140461679306432] INFO perfrun.perfcollector <> - DRY_RUN : "INST_RETIRED.ANY: event id 2"
199 [140461679306432] INFO perfrun.perfcollector <> - eventName : INST_RETIRED.ANY , eventId : 2
199 [140461679306432] INFO perfrun.perfcollector <> - DRY_RUN : "CPU_CLK_UNHALTED.THREAD: event id 0"
199 [140461679306432] INFO perfrun.perfcollector <> - eventName : CPU_CLK_UNHALTED.THREAD , eventId : 0
199 [140461679306432] INFO perfrun.perfcollector <> - DRY_RUN : "CPU_CLK_UNHALTED.REF_TSC: event id 1"
199 [140461679306432] INFO perfrun.perfcollector <> - eventName : CPU_CLK_UNHALTED.REF_TSC , eventId : 1
199 [140461679306432] INFO perfrun.perfcollector <> - DRY_RUN : "MEM_LOAD_UOPS_L3_MISS_RETIRED.REMOTE_HITM_PS: event id 27"
199 [140461679306432] INFO perfrun.perfcollector <> - eventName : MEM_LOAD_UOPS_L3_MISS_RETIRED.REMOTE_HITM_PS , eventId : 27
199 [140461679306432] INFO perfrun.perfcollector <> - DRY_RUN : "MEM_LOAD_UOPS_L3_MISS_RETIRED.REMOTE_FWD_PS: event id 28"
199 [140461679306432] INFO perfrun.perfcollector <> - eventName : MEM_LOAD_UOPS_L3_MISS_RETIRED.REMOTE_FWD_PS , eventId : 28
199 [140461679306432] INFO perfrun.perfcollector <> - DRY_RUN : "CCCR"
199 [140461679306432] INFO perfrun.perfcollector <> - DRY_RUN : "reg_type       = 1	event_id       = g	reg_id         = 38f	reg_value      = 700000003"
199 [140461679306432] INFO perfrun.perfcollector <> - eventId : g , ignored
199 [140461679306432] INFO perfrun.perfcollector <> - DRY_RUN : "reg_type       = 1	event_id       = g	reg_id         = 390	reg_value      = 700000003"
199 [140461679306432] INFO perfrun.perfcollector <> - eventId : g , ignored
199 [140461679306432] INFO perfrun.perfcollector <> - DRY_RUN : "reg_type       = 1	event_id       = g	reg_id         = 3f1	reg_value      = 300000003"
199 [140461679306432] INFO perfrun.perfcollector <> - eventId : g , ignored
199 [140461679306432] INFO perfrun.perfcollector <> - DRY_RUN : "reg_type       = 1	event_id       = g	reg_id         = 1d9	reg_value      = 1800"
199 [140461679306432] INFO perfrun.perfcollector <> - eventId : g , ignored
199 [140461679306432] INFO perfrun.perfcollector <> - DRY_RUN : "reg_type       = 1	event_id       = g	reg_id         = 38d	reg_value      = bbb"
199 [140461679306432] INFO perfrun.perfcollector <> - eventId : g , ignored
199 [140461679306432] INFO perfrun.perfcollector <> - DRY_RUN : "reg_type       = 1	event_id       = 27	reg_id         = 186	reg_value      = 4310d3"
199 [140461679306432] INFO perfrun.perfcollector <> - eventId : 27 , cccrAddr : 186 , cccrVal : 4310d3
199 [140461679306432] INFO perfrun.perfcollector <> - DRY_RUN : "reg_type       = 1	event_id       = 28	reg_id         = 187	reg_value      = 4320d3"
199 [140461679306432] INFO perfrun.perfcollector <> - eventId : 28 , cccrAddr : 187 , cccrVal : 4320d3
199 [140461679306432] INFO perfrun.perfcollector <> - DRY_RUN : "ESCR"
199 [140461679306432] INFO perfrun.perfcollector <> - DRY_RUN : "reg_type       = 2	event_id       = g	reg_id         = 1c8	reg_value      = 0"
199 [140461679306432] INFO perfrun.perfcollector <> - eventId : g , ignored
199 [140461679306432] INFO perfrun.perfcollector <> - DRY_RUN : "DATA"
199 [140461679306432] INFO perfrun.perfcollector <> - DRY_RUN : "reg_type       = 4	event_id       = 2	reg_id         = 309	reg_value      = ffffff508620"
199 [140461679306432] INFO perfrun.perfcollector <> - eventId : 2 , dataAddr : 309 , dataVal : ffffff508620
199 [140461679306432] INFO perfrun.perfcollector <> - DRY_RUN : "reg_type       = 4	event_id       = 0	reg_id         = 30a	reg_value      = ffffff508620"
199 [140461679306432] INFO perfrun.perfcollector <> - eventId : 0 , dataAddr : 30a , dataVal : ffffff508620
199 [140461679306432] INFO perfrun.perfcollector <> - DRY_RUN : "reg_type       = 4	event_id       = 1	reg_id         = 30b	reg_value      = ffffff508620"
199 [140461679306432] INFO perfrun.perfcollector <> - eventId : 1 , dataAddr : 30b , dataVal : ffffff508620
199 [140461679306432] INFO perfrun.perfcollector <> - DRY_RUN : "reg_type       = 4	event_id       = 27	reg_id         = c1	reg_value      = fffffff85ed1"
199 [140461679306432] INFO perfrun.perfcollector <> - eventId : 27 , dataAddr : c1 , dataVal : fffffff85ed1
199 [140461679306432] INFO perfrun.perfcollector <> - DRY_RUN : "reg_type       = 4	event_id       = 28	reg_id         = c2	reg_value      = fffffff85ed1"
199 [140461679306432] INFO perfrun.perfcollector <> - eventId : 28 , dataAddr : c2 , dataVal : fffffff85ed1
199 [140461679306432] INFO perfrun.perfcollector <> - DRY_RUN : "PMU type: Uncore (imc)"
207 [140461679306432] INFO perfrun.perfcollector <> - pmu type : uncore_imc
207 [140461679306432] INFO perfrun.perfcollector <> - DRY_RUN : "Number of units: 8"
207 [140461679306432] INFO perfrun.perfcollector <> - id : 8
207 [140461679306432] INFO perfrun.perfcollector <> - DRY_RUN : "Group 0:"
207 [140461679306432] INFO perfrun.perfcollector <> - id : 0
207 [140461679306432] INFO perfrun.perfcollector <> - DRY_RUN : "UNC_M_CAS_COUNT.RD: event id 29"
207 [140461679306432] INFO perfrun.perfcollector <> - eventName : UNC_M_CAS_COUNT.RD , eventId : 29
207 [140461679306432] INFO perfrun.perfcollector <> - DRY_RUN : "UNC_M_CAS_COUNT.WR: event id 30"
207 [140461679306432] INFO perfrun.perfcollector <> - eventName : UNC_M_CAS_COUNT.WR , eventId : 30
207 [140461679306432] INFO perfrun.perfcollector <> - DRY_RUN : "CCCR"
207 [140461679306432] INFO perfrun.perfcollector <> - DRY_RUN : "idx = 0	reg_type       = 1	event_id = 30	reg_id         = 700	reg_value      = 80000000	bar_index      = 0"
207 [140461679306432] INFO perfrun.perfcollector <> - eventId : 30 , cccrAddr : 700 , cccrVal : 80000000
207 [140461679306432] INFO perfrun.perfcollector <> - DRY_RUN : "idx = 2	reg_type       = 5	event_id = 29	reg_id         = d8	reg_value      = 400304	bar_index      = 0"
207 [140461679306432] INFO perfrun.perfcollector <> - eventId : 29 , cccrAddr : d8 , cccrVal : 400304
207 [140461679306432] INFO perfrun.perfcollector <> - DRY_RUN : "idx = 3	reg_type       = 5	event_id = 30	reg_id         = dc	reg_value      = 400c04	bar_index      = 0"
207 [140461679306432] INFO perfrun.perfcollector <> - eventId : 30 , cccrAddr : dc , cccrVal : 400c04
207 [140461679306432] INFO perfrun.perfcollector <> - DRY_RUN : "idx = 6	reg_type       = 2	event_id = g	reg_id         = f4	reg_value      = 0	bar_index      = 0"
207 [140461679306432] INFO perfrun.perfcollector <> - eventId : g , ignored
207 [140461679306432] INFO perfrun.perfcollector <> - DRY_RUN : "idx = 8	reg_type       = 5	event_id = 29	reg_id         = d8	reg_value      = 400304	bar_index      = 0"
207 [140461679306432] INFO perfrun.perfcollector <> - eventId : 29 , cccrAddr : d8 , cccrVal : 400304
207 [140461679306432] INFO perfrun.perfcollector <> - DRY_RUN : "idx = 9	reg_type       = 5	event_id = 30	reg_id         = dc	reg_value      = 400c04	bar_index      = 0"
207 [140461679306432] INFO perfrun.perfcollector <> - eventId : 30 , cccrAddr : dc , cccrVal : 400c04
207 [140461679306432] INFO perfrun.perfcollector <> - DRY_RUN : "idx = 12	reg_type       = 2	event_id = g	reg_id         = f4	reg_value      = 0	bar_index      = 0"
207 [140461679306432] INFO perfrun.perfcollector <> - eventId : g , ignored
207 [140461679306432] INFO perfrun.perfcollector <> - DRY_RUN : "idx = 14	reg_type       = 5	event_id = 29	reg_id         = d8	reg_value      = 400304	bar_index      = 0"
207 [140461679306432] INFO perfrun.perfcollector <> - eventId : 29 , cccrAddr : d8 , cccrVal : 400304
207 [140461679306432] INFO perfrun.perfcollector <> - DRY_RUN : "idx = 15	reg_type       = 5	event_id = 30	reg_id         = dc	reg_value      = 400c04	bar_index      = 0"
207 [140461679306432] INFO perfrun.perfcollector <> - eventId : 30 , cccrAddr : dc , cccrVal : 400c04
207 [140461679306432] INFO perfrun.perfcollector <> - DRY_RUN : "idx = 18	reg_type       = 2	event_id = g	reg_id         = f4	reg_value      = 0	bar_index      = 0"
207 [140461679306432] INFO perfrun.perfcollector <> - eventId : g , ignored
207 [140461679306432] INFO perfrun.perfcollector <> - DRY_RUN : "idx = 20	reg_type       = 5	event_id = 29	reg_id         = d8	reg_value      = 400304	bar_index      = 0"
207 [140461679306432] INFO perfrun.perfcollector <> - eventId : 29 , cccrAddr : d8 , cccrVal : 400304
207 [140461679306432] INFO perfrun.perfcollector <> - DRY_RUN : "idx = 21	reg_type       = 5	event_id = 30	reg_id         = dc	reg_value      = 400c04	bar_index      = 0"
207 [140461679306432] INFO perfrun.perfcollector <> - eventId : 30 , cccrAddr : dc , cccrVal : 400c04
207 [140461679306432] INFO perfrun.perfcollector <> - DRY_RUN : "idx = 24	reg_type       = 2	event_id = g	reg_id         = f4	reg_value      = 0	bar_index      = 0"
207 [140461679306432] INFO perfrun.perfcollector <> - eventId : g , ignored
207 [140461679306432] INFO perfrun.perfcollector <> - DRY_RUN : "idx = 26	reg_type       = 5	event_id = 29	reg_id         = d8	reg_value      = 400304	bar_index      = 0"
207 [140461679306432] INFO perfrun.perfcollector <> - eventId : 29 , cccrAddr : d8 , cccrVal : 400304
207 [140461679306432] INFO perfrun.perfcollector <> - DRY_RUN : "idx = 27	reg_type       = 5	event_id = 30	reg_id         = dc	reg_value      = 400c04	bar_index      = 0"
207 [140461679306432] INFO perfrun.perfcollector <> - eventId : 30 , cccrAddr : dc , cccrVal : 400c04
207 [140461679306432] INFO perfrun.perfcollector <> - DRY_RUN : "idx = 30	reg_type       = 2	event_id = g	reg_id         = f4	reg_value      = 0	bar_index      = 0"
207 [140461679306432] INFO perfrun.perfcollector <> - eventId : g , ignored
207 [140461679306432] INFO perfrun.perfcollector <> - DRY_RUN : "idx = 32	reg_type       = 5	event_id = 29	reg_id         = d8	reg_value      = 400304	bar_index      = 0"
207 [140461679306432] INFO perfrun.perfcollector <> - eventId : 29 , cccrAddr : d8 , cccrVal : 400304
207 [140461679306432] INFO perfrun.perfcollector <> - DRY_RUN : "idx = 33	reg_type       = 5	event_id = 30	reg_id         = dc	reg_value      = 400c04	bar_index      = 0"
207 [140461679306432] INFO perfrun.perfcollector <> - eventId : 30 , cccrAddr : dc , cccrVal : 400c04
207 [140461679306432] INFO perfrun.perfcollector <> - DRY_RUN : "idx = 36	reg_type       = 2	event_id = g	reg_id         = f4	reg_value      = 0	bar_index      = 0"
207 [140461679306432] INFO perfrun.perfcollector <> - eventId : g , ignored
207 [140461679306432] INFO perfrun.perfcollector <> - DRY_RUN : "idx = 38	reg_type       = 5	event_id = 29	reg_id         = d8	reg_value      = 400304	bar_index      = 0"
207 [140461679306432] INFO perfrun.perfcollector <> - eventId : 29 , cccrAddr : d8 , cccrVal : 400304
207 [140461679306432] INFO perfrun.perfcollector <> - DRY_RUN : "idx = 39	reg_type       = 5	event_id = 30	reg_id         = dc	reg_value      = 400c04	bar_index      = 0"
207 [140461679306432] INFO perfrun.perfcollector <> - eventId : 30 , cccrAddr : dc , cccrVal : 400c04
207 [140461679306432] INFO perfrun.perfcollector <> - DRY_RUN : "idx = 42	reg_type       = 2	event_id = g	reg_id         = f4	reg_value      = 0	bar_index      = 0"
207 [140461679306432] INFO perfrun.perfcollector <> - eventId : g , ignored
207 [140461679306432] INFO perfrun.perfcollector <> - DRY_RUN : "idx = 44	reg_type       = 5	event_id = 29	reg_id         = d8	reg_value      = 400304	bar_index      = 0"
207 [140461679306432] INFO perfrun.perfcollector <> - eventId : 29 , cccrAddr : d8 , cccrVal : 400304
207 [140461679306432] INFO perfrun.perfcollector <> - DRY_RUN : "idx = 45	reg_type       = 5	event_id = 30	reg_id         = dc	reg_value      = 400c04	bar_index      = 0"
207 [140461679306432] INFO perfrun.perfcollector <> - eventId : 30 , cccrAddr : dc , cccrVal : 400c04
207 [140461679306432] INFO perfrun.perfcollector <> - DRY_RUN : "idx = 48	reg_type       = 2	event_id = g	reg_id         = f4	reg_value      = 0	bar_index      = 0"
207 [140461679306432] INFO perfrun.perfcollector <> - eventId : g , ignored
207 [140461679306432] INFO perfrun.perfcollector <> - DRY_RUN : "ESCR"
207 [140461679306432] INFO perfrun.perfcollector <> - DRY_RUN : "DATA"
207 [140461679306432] INFO perfrun.perfcollector <> - DRY_RUN : "idx = 50	reg_type       = 4	event_id       = 29	reg_id         = a0	reg_value      = 0	pci reg_id  offset    = 0xa0	pci reg id  data_size = 0	bar_index      = 0"
207 [140461679306432] INFO perfrun.perfcollector <> - eventId : 29 , dataAddr : a0 , dataVal : 0
207 [140461679306432] INFO perfrun.perfcollector <> - DRY_RUN : "idx = 51	reg_type       = 4	event_id       = 30	reg_id         = a8	reg_value      = 0	pci reg_id  offset    = 0xa8	pci reg id  data_size = 0	bar_index      = 0"
207 [140461679306432] INFO perfrun.perfcollector <> - eventId : 30 , dataAddr : a8 , dataVal : 0
207 [140461679306432] INFO perfrun.perfcollector <> - DRY_RUN : "idx = 55	reg_type       = 4	event_id       = 29	reg_id         = a0	reg_value      = 0	pci reg_id  offset    = 0xa0	pci reg id  data_size = 0	bar_index      = 0"
207 [140461679306432] INFO perfrun.perfcollector <> - eventId : 29 , dataAddr : a0 , dataVal : 0
207 [140461679306432] INFO perfrun.perfcollector <> - DRY_RUN : "idx = 56	reg_type       = 4	event_id       = 30	reg_id         = a8	reg_value      = 0	pci reg_id  offset    = 0xa8	pci reg id  data_size = 0	bar_index      = 0"
207 [140461679306432] INFO perfrun.perfcollector <> - eventId : 30 , dataAddr : a8 , dataVal : 0
207 [140461679306432] INFO perfrun.perfcollector <> - DRY_RUN : "idx = 60	reg_type       = 4	event_id       = 29	reg_id         = a0	reg_value      = 0	pci reg_id  offset    = 0xa0	pci reg id  data_size = 0	bar_index      = 0"
207 [140461679306432] INFO perfrun.perfcollector <> - eventId : 29 , dataAddr : a0 , dataVal : 0
207 [140461679306432] INFO perfrun.perfcollector <> - DRY_RUN : "idx = 61	reg_type       = 4	event_id       = 30	reg_id         = a8	reg_value      = 0	pci reg_id  offset    = 0xa8	pci reg id  data_size = 0	bar_index      = 0"
207 [140461679306432] INFO perfrun.perfcollector <> - eventId : 30 , dataAddr : a8 , dataVal : 0
207 [140461679306432] INFO perfrun.perfcollector <> - DRY_RUN : "idx = 65	reg_type       = 4	event_id       = 29	reg_id         = a0	reg_value      = 0	pci reg_id  offset    = 0xa0	pci reg id  data_size = 0	bar_index      = 0"
207 [140461679306432] INFO perfrun.perfcollector <> - eventId : 29 , dataAddr : a0 , dataVal : 0
207 [140461679306432] INFO perfrun.perfcollector <> - DRY_RUN : "idx = 66	reg_type       = 4	event_id       = 30	reg_id         = a8	reg_value      = 0	pci reg_id  offset    = 0xa8	pci reg id  data_size = 0	bar_index      = 0"
207 [140461679306432] INFO perfrun.perfcollector <> - eventId : 30 , dataAddr : a8 , dataVal : 0
207 [140461679306432] INFO perfrun.perfcollector <> - DRY_RUN : "idx = 70	reg_type       = 4	event_id       = 29	reg_id         = a0	reg_value      = 0	pci reg_id  offset    = 0xa0	pci reg id  data_size = 0	bar_index      = 0"
207 [140461679306432] INFO perfrun.perfcollector <> - eventId : 29 , dataAddr : a0 , dataVal : 0
207 [140461679306432] INFO perfrun.perfcollector <> - DRY_RUN : "idx = 71	reg_type       = 4	event_id       = 30	reg_id         = a8	reg_value      = 0	pci reg_id  offset    = 0xa8	pci reg id  data_size = 0	bar_index      = 0"
207 [140461679306432] INFO perfrun.perfcollector <> - eventId : 30 , dataAddr : a8 , dataVal : 0
207 [140461679306432] INFO perfrun.perfcollector <> - DRY_RUN : "idx = 75	reg_type       = 4	event_id       = 29	reg_id         = a0	reg_value      = 0	pci reg_id  offset    = 0xa0	pci reg id  data_size = 0	bar_index      = 0"
207 [140461679306432] INFO perfrun.perfcollector <> - eventId : 29 , dataAddr : a0 , dataVal : 0
207 [140461679306432] INFO perfrun.perfcollector <> - DRY_RUN : "idx = 76	reg_type       = 4	event_id       = 30	reg_id         = a8	reg_value      = 0	pci reg_id  offset    = 0xa8	pci reg id  data_size = 0	bar_index      = 0"
207 [140461679306432] INFO perfrun.perfcollector <> - eventId : 30 , dataAddr : a8 , dataVal : 0
207 [140461679306432] INFO perfrun.perfcollector <> - DRY_RUN : "idx = 80	reg_type       = 4	event_id       = 29	reg_id         = a0	reg_value      = 0	pci reg_id  offset    = 0xa0	pci reg id  data_size = 0	bar_index      = 0"
207 [140461679306432] INFO perfrun.perfcollector <> - eventId : 29 , dataAddr : a0 , dataVal : 0
207 [140461679306432] INFO perfrun.perfcollector <> - DRY_RUN : "idx = 81	reg_type       = 4	event_id       = 30	reg_id         = a8	reg_value      = 0	pci reg_id  offset    = 0xa8	pci reg id  data_size = 0	bar_index      = 0"
207 [140461679306432] INFO perfrun.perfcollector <> - eventId : 30 , dataAddr : a8 , dataVal : 0
207 [140461679306432] INFO perfrun.perfcollector <> - DRY_RUN : "idx = 85	reg_type       = 4	event_id       = 29	reg_id         = a0	reg_value      = 0	pci reg_id  offset    = 0xa0	pci reg id  data_size = 0	bar_index      = 0"
207 [140461679306432] INFO perfrun.perfcollector <> - eventId : 29 , dataAddr : a0 , dataVal : 0
207 [140461679306432] INFO perfrun.perfcollector <> - DRY_RUN : "idx = 86	reg_type       = 4	event_id       = 30	reg_id         = a8	reg_value      = 0	pci reg_id  offset    = 0xa8	pci reg id  data_size = 0	bar_index      = 0"
207 [140461679306432] INFO perfrun.perfcollector <> - eventId : 30 , dataAddr : a8 , dataVal : 0
207 [140461679306432] INFO perfrun.perfcollector <> - pmu config : cpu , m_cccrAddr : ffffffff , m_cccrVal : 0 , m_escrAddr : ffffffff , m_escrVal : 0 , m_dataAddr : 30a , m_dataVal : ffffffffff508620
207 [140461679306432] INFO perfrun.perfcollector <> - config : event : 3c
207 [140461679306432] INFO perfrun.perfcollector <> - config : pc : 0
207 [140461679306432] INFO perfrun.perfcollector <> - config : edge : 0
207 [140461679306432] INFO perfrun.perfcollector <> - config : any : 0
207 [140461679306432] INFO perfrun.perfcollector <> - config1 : offcore_rsp : 0
207 [140461679306432] INFO perfrun.perfcollector <> - config1 : ldlat : 0
207 [140461679306432] INFO perfrun.perfcollector <> - config : inv : 0
207 [140461679306432] INFO perfrun.perfcollector <> - config : umask : 0
207 [140461679306432] INFO perfrun.perfcollector <> - config : cmask : 0
207 [140461679306432] INFO perfrun.perfcollector <> - format : cpu/period=0xaf79e0,event=0x3c,name='CPU_CLK_UNHALTED.THREAD'/D
207 [140461679306432] INFO perfrun.perfcollector <> - pmu config : cpu , m_cccrAddr : ffffffff , m_cccrVal : 0 , m_escrAddr : ffffffff , m_escrVal : 0 , m_dataAddr : 30b , m_dataVal : ffffffffff508620
207 [140461679306432] INFO perfrun.perfcollector <> - config : event : 0
207 [140461679306432] INFO perfrun.perfcollector <> - config : pc : 0
207 [140461679306432] INFO perfrun.perfcollector <> - config : edge : 0
207 [140461679306432] INFO perfrun.perfcollector <> - config : any : 0
207 [140461679306432] INFO perfrun.perfcollector <> - config1 : offcore_rsp : 0
207 [140461679306432] INFO perfrun.perfcollector <> - config1 : ldlat : 0
207 [140461679306432] INFO perfrun.perfcollector <> - config : inv : 0
207 [140461679306432] INFO perfrun.perfcollector <> - config : umask : 3
207 [140461679306432] INFO perfrun.perfcollector <> - config : cmask : 0
207 [140461679306432] INFO perfrun.perfcollector <> - format : cpu/period=0xaf79e0,umask=0x3,name='CPU_CLK_UNHALTED.REF_TSC'/D
207 [140461679306432] INFO perfrun.perfcollector <> - pmu config : cpu , m_cccrAddr : ffffffff , m_cccrVal : 0 , m_escrAddr : ffffffff , m_escrVal : 0 , m_dataAddr : 309 , m_dataVal : ffffffffff508620
207 [140461679306432] INFO perfrun.perfcollector <> - config : event : c0
207 [140461679306432] INFO perfrun.perfcollector <> - config : pc : 0
207 [140461679306432] INFO perfrun.perfcollector <> - config : edge : 0
207 [140461679306432] INFO perfrun.perfcollector <> - config : any : 0
207 [140461679306432] INFO perfrun.perfcollector <> - config1 : offcore_rsp : 0
207 [140461679306432] INFO perfrun.perfcollector <> - config1 : ldlat : 0
207 [140461679306432] INFO perfrun.perfcollector <> - config : inv : 0
207 [140461679306432] INFO perfrun.perfcollector <> - config : umask : 0
207 [140461679306432] INFO perfrun.perfcollector <> - config : cmask : 0
207 [140461679306432] INFO perfrun.perfcollector <> - format : cpu/period=0xaf79e0,event=0xc0,name='INST_RETIRED.ANY'/D
207 [140461679306432] INFO perfrun.perfcollector <> - pmu config : cpu , m_cccrAddr : 188 , m_cccrVal : c530ca3 , m_escrAddr : ffffffff , m_escrVal : 0 , m_dataAddr : c3 , m_dataVal : ffffffffff676971
207 [140461679306432] INFO perfrun.perfcollector <> - config : event : a3
207 [140461679306432] INFO perfrun.perfcollector <> - config : pc : 0
207 [140461679306432] INFO perfrun.perfcollector <> - config : edge : 0
207 [140461679306432] INFO perfrun.perfcollector <> - config : any : 0
207 [140461679306432] INFO perfrun.perfcollector <> - config1 : offcore_rsp : 0
207 [140461679306432] INFO perfrun.perfcollector <> - config1 : ldlat : 0
207 [140461679306432] INFO perfrun.perfcollector <> - config : inv : 0
207 [140461679306432] INFO perfrun.perfcollector <> - config : umask : c
207 [140461679306432] INFO perfrun.perfcollector <> - config : cmask : c
207 [140461679306432] INFO perfrun.perfcollector <> - format : cpu/period=0x98968f,event=0xa3,umask=0xc,cmask=0xc,name='CYCLE_ACTIVITY.STALLS_L1D_PENDING'/
208 [140461679306432] INFO perfrun.perfcollector <> - pmu config : cpu , m_cccrAddr : 186 , m_cccrVal : 53013c , m_escrAddr : ffffffff , m_escrVal : 0 , m_dataAddr : c1 , m_dataVal : fffffffffff85ed1
208 [140461679306432] INFO perfrun.perfcollector <> - config : event : 3c
208 [140461679306432] INFO perfrun.perfcollector <> - config : pc : 0
208 [140461679306432] INFO perfrun.perfcollector <> - config : edge : 0
208 [140461679306432] INFO perfrun.perfcollector <> - config : any : 0
208 [140461679306432] INFO perfrun.perfcollector <> - config1 : offcore_rsp : 0
208 [140461679306432] INFO perfrun.perfcollector <> - config1 : ldlat : 0
208 [140461679306432] INFO perfrun.perfcollector <> - config : inv : 0
208 [140461679306432] INFO perfrun.perfcollector <> - config : umask : 1
208 [140461679306432] INFO perfrun.perfcollector <> - config : cmask : 0
208 [140461679306432] INFO perfrun.perfcollector <> - format : cpu/period=0x7a12f,event=0x3c,umask=0x1,name='CPU_CLK_UNHALTED.REF_XCLK'/
208 [140461679306432] INFO perfrun.perfcollector <> - pmu config : cpu , m_cccrAddr : 187 , m_cccrVal : 53023c , m_escrAddr : ffffffff , m_escrVal : 0 , m_dataAddr : c2 , m_dataVal : fffffffffff85ed1
208 [140461679306432] INFO perfrun.perfcollector <> - config : event : 3c
208 [140461679306432] INFO perfrun.perfcollector <> - config : pc : 0
208 [140461679306432] INFO perfrun.perfcollector <> - config : edge : 0
208 [140461679306432] INFO perfrun.perfcollector <> - config : any : 0
208 [140461679306432] INFO perfrun.perfcollector <> - config1 : offcore_rsp : 0
208 [140461679306432] INFO perfrun.perfcollector <> - config1 : ldlat : 0
208 [140461679306432] INFO perfrun.perfcollector <> - config : inv : 0
208 [140461679306432] INFO perfrun.perfcollector <> - config : umask : 2
208 [140461679306432] INFO perfrun.perfcollector <> - config : cmask : 0
208 [140461679306432] INFO perfrun.perfcollector <> - format : cpu/period=0x7a12f,event=0x3c,umask=0x2,name='CPU_CLK_UNHALTED.ONE_THREAD_ACTIVE'/
208 [140461679306432] INFO perfrun.perfcollector <> - pmu config : cpu , m_cccrAddr : 189 , m_cccrVal : 45304a3 , m_escrAddr : ffffffff , m_escrVal : 0 , m_dataAddr : c4 , m_dataVal : ffffffffff676971
208 [140461679306432] INFO perfrun.perfcollector <> - config : event : a3
208 [140461679306432] INFO perfrun.perfcollector <> - config : pc : 0
208 [140461679306432] INFO perfrun.perfcollector <> - config : edge : 0
208 [140461679306432] INFO perfrun.perfcollector <> - config : any : 0
208 [140461679306432] INFO perfrun.perfcollector <> - config1 : offcore_rsp : 0
208 [140461679306432] INFO perfrun.perfcollector <> - config1 : ldlat : 0
208 [140461679306432] INFO perfrun.perfcollector <> - config : inv : 0
208 [140461679306432] INFO perfrun.perfcollector <> - config : umask : 4
208 [140461679306432] INFO perfrun.perfcollector <> - config : cmask : 4
208 [140461679306432] INFO perfrun.perfcollector <> - format : cpu/period=0x98968f,event=0xa3,umask=0x4,cmask=0x4,name='CYCLE_ACTIVITY.CYCLES_NO_EXECUTE'/
208 [140461679306432] INFO perfrun.perfcollector <> - pmu config : cpu , m_cccrAddr : 186 , m_cccrVal : 65306a3 , m_escrAddr : ffffffff , m_escrVal : 0 , m_dataAddr : c1 , m_dataVal : ffffffffff676971
208 [140461679306432] INFO perfrun.perfcollector <> - config : event : a3
208 [140461679306432] INFO perfrun.perfcollector <> - config : pc : 0
208 [140461679306432] INFO perfrun.perfcollector <> - config : edge : 0
208 [140461679306432] INFO perfrun.perfcollector <> - config : any : 0
208 [140461679306432] INFO perfrun.perfcollector <> - config1 : offcore_rsp : 0
208 [140461679306432] INFO perfrun.perfcollector <> - config1 : ldlat : 0
208 [140461679306432] INFO perfrun.perfcollector <> - config : inv : 0
208 [140461679306432] INFO perfrun.perfcollector <> - config : umask : 6
208 [140461679306432] INFO perfrun.perfcollector <> - config : cmask : 6
208 [140461679306432] INFO perfrun.perfcollector <> - format : cpu/period=0x98968f,event=0xa3,umask=0x6,cmask=0x6,name='CYCLE_ACTIVITY.STALLS_LDM_PENDING'/
208 [140461679306432] INFO perfrun.perfcollector <> - pmu config : cpu , m_cccrAddr : 187 , m_cccrVal : 55305a3 , m_escrAddr : ffffffff , m_escrVal : 0 , m_dataAddr : c2 , m_dataVal : ffffffffff676971
208 [140461679306432] INFO perfrun.perfcollector <> - config : event : a3
208 [140461679306432] INFO perfrun.perfcollector <> - config : pc : 0
208 [140461679306432] INFO perfrun.perfcollector <> - config : edge : 0
208 [140461679306432] INFO perfrun.perfcollector <> - config : any : 0
208 [140461679306432] INFO perfrun.perfcollector <> - config1 : offcore_rsp : 0
208 [140461679306432] INFO perfrun.perfcollector <> - config1 : ldlat : 0
208 [140461679306432] INFO perfrun.perfcollector <> - config : inv : 0
208 [140461679306432] INFO perfrun.perfcollector <> - config : umask : 5
208 [140461679306432] INFO perfrun.perfcollector <> - config : cmask : 5
208 [140461679306432] INFO perfrun.perfcollector <> - format : cpu/period=0x98968f,event=0xa3,umask=0x5,cmask=0x5,name='CYCLE_ACTIVITY.STALLS_L2_PENDING'/
208 [140461679306432] INFO perfrun.perfcollector <> - pmu config : cpu , m_cccrAddr : 188 , m_cccrVal : 53019c , m_escrAddr : ffffffff , m_escrVal : 0 , m_dataAddr : c3 , m_dataVal : ffffffffff676971
208 [140461679306432] INFO perfrun.perfcollector <> - config : event : 9c
208 [140461679306432] INFO perfrun.perfcollector <> - config : pc : 0
208 [140461679306432] INFO perfrun.perfcollector <> - config : edge : 0
208 [140461679306432] INFO perfrun.perfcollector <> - config : any : 0
208 [140461679306432] INFO perfrun.perfcollector <> - config1 : offcore_rsp : 0
208 [140461679306432] INFO perfrun.perfcollector <> - config1 : ldlat : 0
208 [140461679306432] INFO perfrun.perfcollector <> - config : inv : 0
208 [140461679306432] INFO perfrun.perfcollector <> - config : umask : 1
208 [140461679306432] INFO perfrun.perfcollector <> - config : cmask : 0
208 [140461679306432] INFO perfrun.perfcollector <> - format : cpu/period=0x98968f,event=0x9c,umask=0x1,name='IDQ_UOPS_NOT_DELIVERED.CORE'/
208 [140461679306432] INFO perfrun.perfcollector <> - pmu config : cpu , m_cccrAddr : 189 , m_cccrVal : 153030d , m_escrAddr : ffffffff , m_escrVal : 0 , m_dataAddr : c4 , m_dataVal : ffffffffff676971
208 [140461679306432] INFO perfrun.perfcollector <> - config : event : d
208 [140461679306432] INFO perfrun.perfcollector <> - config : pc : 0
208 [140461679306432] INFO perfrun.perfcollector <> - config : edge : 0
208 [140461679306432] INFO perfrun.perfcollector <> - config : any : 0
208 [140461679306432] INFO perfrun.perfcollector <> - config1 : offcore_rsp : 0
208 [140461679306432] INFO perfrun.perfcollector <> - config1 : ldlat : 0
208 [140461679306432] INFO perfrun.perfcollector <> - config : inv : 0
208 [140461679306432] INFO perfrun.perfcollector <> - config : umask : 3
208 [140461679306432] INFO perfrun.perfcollector <> - config : cmask : 1
208 [140461679306432] INFO perfrun.perfcollector <> - format : cpu/period=0x98968f,event=0xd,umask=0x3,cmask=0x1,name='INT_MISC.RECOVERY_CYCLES'/
208 [140461679306432] INFO perfrun.perfcollector <> - pmu config : cpu , m_cccrAddr : 186 , m_cccrVal : 4304d1 , m_escrAddr : ffffffff , m_escrVal : 0 , m_dataAddr : c1 , m_dataVal : fffffffffffc2f61
208 [140461679306432] INFO perfrun.perfcollector <> - config : event : d1
208 [140461679306432] INFO perfrun.perfcollector <> - config : pc : 0
208 [140461679306432] INFO perfrun.perfcollector <> - config : edge : 0
208 [140461679306432] INFO perfrun.perfcollector <> - config : any : 0
208 [140461679306432] INFO perfrun.perfcollector <> - config1 : offcore_rsp : 0
208 [140461679306432] INFO perfrun.perfcollector <> - config1 : ldlat : 0
208 [140461679306432] INFO perfrun.perfcollector <> - config : inv : 0
208 [140461679306432] INFO perfrun.perfcollector <> - config : umask : 4
208 [140461679306432] INFO perfrun.perfcollector <> - config : cmask : 0
208 [140461679306432] WARN perfrun.perfcollector <> - precise event : config : 4d1 , [m_cccrVal & impreciseMask(0x100000)] : 0, at file: vcs/perfrun1/plugins/perfcollector/src/event_manager.cpp:292
208 [140461679306432] INFO perfrun.perfcollector <> - format : cpu/period=0x3d09f,event=0xd1,umask=0x4,name='MEM_LOAD_UOPS_RETIRED.L3_HIT_PS'/
208 [140461679306432] INFO perfrun.perfcollector <> - pmu config : cpu , m_cccrAddr : 187 , m_cccrVal : 4320d1 , m_escrAddr : ffffffff , m_escrVal : 0 , m_dataAddr : c2 , m_dataVal : fffffffffffc2f61
208 [140461679306432] INFO perfrun.perfcollector <> - config : event : d1
208 [140461679306432] INFO perfrun.perfcollector <> - config : pc : 0
208 [140461679306432] INFO perfrun.perfcollector <> - config : edge : 0
208 [140461679306432] INFO perfrun.perfcollector <> - config : any : 0
208 [140461679306432] INFO perfrun.perfcollector <> - config1 : offcore_rsp : 0
208 [140461679306432] INFO perfrun.perfcollector <> - config1 : ldlat : 0
208 [140461679306432] INFO perfrun.perfcollector <> - config : inv : 0
208 [140461679306432] INFO perfrun.perfcollector <> - config : umask : 20
208 [140461679306432] INFO perfrun.perfcollector <> - config : cmask : 0
208 [140461679306432] WARN perfrun.perfcollector <> - precise event : config : 20d1 , [m_cccrVal & impreciseMask(0x100000)] : 0, at file: vcs/perfrun1/plugins/perfcollector/src/event_manager.cpp:292
208 [140461679306432] INFO perfrun.perfcollector <> - format : cpu/period=0x3d09f,event=0xd1,umask=0x20,name='MEM_LOAD_UOPS_RETIRED.L3_MISS_PS'/
208 [140461679306432] INFO perfrun.perfcollector <> - pmu config : cpu , m_cccrAddr : 188 , m_cccrVal : 1530860 , m_escrAddr : ffffffff , m_escrVal : 0 , m_dataAddr : c3 , m_dataVal : ffffffffff676971
208 [140461679306432] INFO perfrun.perfcollector <> - config : event : 60
208 [140461679306432] INFO perfrun.perfcollector <> - config : pc : 0
208 [140461679306432] INFO perfrun.perfcollector <> - config : edge : 0
208 [140461679306432] INFO perfrun.perfcollector <> - config : any : 0
208 [140461679306432] INFO perfrun.perfcollector <> - config1 : offcore_rsp : 0
208 [140461679306432] INFO perfrun.perfcollector <> - config1 : ldlat : 0
208 [140461679306432] INFO perfrun.perfcollector <> - config : inv : 0
208 [140461679306432] INFO perfrun.perfcollector <> - config : umask : 8
208 [140461679306432] INFO perfrun.perfcollector <> - config : cmask : 1
208 [140461679306432] INFO perfrun.perfcollector <> - format : cpu/period=0x98968f,event=0x60,umask=0x8,cmask=0x1,name='OFFCORE_REQUESTS_OUTSTANDING.CYCLES_WITH_DATA_RD'/
208 [140461679306432] INFO perfrun.perfcollector <> - pmu config : cpu , m_cccrAddr : 189 , m_cccrVal : 6530860 , m_escrAddr : ffffffff , m_escrVal : 0 , m_dataAddr : c4 , m_dataVal : ffffffffff676971
208 [140461679306432] INFO perfrun.perfcollector <> - config : event : 60
208 [140461679306432] INFO perfrun.perfcollector <> - config : pc : 0
208 [140461679306432] INFO perfrun.perfcollector <> - config : edge : 0
208 [140461679306432] INFO perfrun.perfcollector <> - config : any : 0
208 [140461679306432] INFO perfrun.perfcollector <> - config1 : offcore_rsp : 0
208 [140461679306432] INFO perfrun.perfcollector <> - config1 : ldlat : 0
208 [140461679306432] INFO perfrun.perfcollector <> - config : inv : 0
208 [140461679306432] INFO perfrun.perfcollector <> - config : umask : 8
208 [140461679306432] INFO perfrun.perfcollector <> - config : cmask : 6
208 [140461679306432] INFO perfrun.perfcollector <> - format : cpu/period=0x98968f,event=0x60,umask=0x8,cmask=0x6,name='OFFCORE_REQUESTS_OUTSTANDING.ALL_DATA_RD:cmask=6'/
208 [140461679306432] INFO perfrun.perfcollector <> - pmu config : cpu , m_cccrAddr : 186 , m_cccrVal : 5308a2 , m_escrAddr : ffffffff , m_escrVal : 0 , m_dataAddr : c1 , m_dataVal : ffffffffff676971
208 [140461679306432] INFO perfrun.perfcollector <> - config : event : a2
208 [140461679306432] INFO perfrun.perfcollector <> - config : pc : 0
208 [140461679306432] INFO perfrun.perfcollector <> - config : edge : 0
208 [140461679306432] INFO perfrun.perfcollector <> - config : any : 0
208 [140461679306432] INFO perfrun.perfcollector <> - config1 : offcore_rsp : 0
208 [140461679306432] INFO perfrun.perfcollector <> - config1 : ldlat : 0
208 [140461679306432] INFO perfrun.perfcollector <> - config : inv : 0
208 [140461679306432] INFO perfrun.perfcollector <> - config : umask : 8
208 [140461679306432] INFO perfrun.perfcollector <> - config : cmask : 0
208 [140461679306432] INFO perfrun.perfcollector <> - format : cpu/period=0x98968f,event=0xa2,umask=0x8,name='RESOURCE_STALLS.SB'/
208 [140461679306432] INFO perfrun.perfcollector <> - pmu config : cpu , m_cccrAddr : 187 , m_cccrVal : 53015e , m_escrAddr : ffffffff , m_escrVal : 0 , m_dataAddr : c2 , m_dataVal : ffffffffff676971
208 [140461679306432] INFO perfrun.perfcollector <> - config : event : 5e
208 [140461679306432] INFO perfrun.perfcollector <> - config : pc : 0
208 [140461679306432] INFO perfrun.perfcollector <> - config : edge : 0
208 [140461679306432] INFO perfrun.perfcollector <> - config : any : 0
208 [140461679306432] INFO perfrun.perfcollector <> - config1 : offcore_rsp : 0
208 [140461679306432] INFO perfrun.perfcollector <> - config1 : ldlat : 0
208 [140461679306432] INFO perfrun.perfcollector <> - config : inv : 0
208 [140461679306432] INFO perfrun.perfcollector <> - config : umask : 1
208 [140461679306432] INFO perfrun.perfcollector <> - config : cmask : 0
208 [140461679306432] INFO perfrun.perfcollector <> - format : cpu/period=0x98968f,event=0x5e,umask=0x1,name='RS_EVENTS.EMPTY_CYCLES'/
208 [140461679306432] INFO perfrun.perfcollector <> - pmu config : cpu , m_cccrAddr : 188 , m_cccrVal : 15302b1 , m_escrAddr : ffffffff , m_escrVal : 0 , m_dataAddr : c3 , m_dataVal : ffffffffff676971
208 [140461679306432] INFO perfrun.perfcollector <> - config : event : b1
208 [140461679306432] INFO perfrun.perfcollector <> - config : pc : 0
208 [140461679306432] INFO perfrun.perfcollector <> - config : edge : 0
208 [140461679306432] INFO perfrun.perfcollector <> - config : any : 0
208 [140461679306432] INFO perfrun.perfcollector <> - config1 : offcore_rsp : 0
208 [140461679306432] INFO perfrun.perfcollector <> - config1 : ldlat : 0
208 [140461679306432] INFO perfrun.perfcollector <> - config : inv : 0
208 [140461679306432] INFO perfrun.perfcollector <> - config : umask : 2
208 [140461679306432] INFO perfrun.perfcollector <> - config : cmask : 1
208 [140461679306432] INFO perfrun.perfcollector <> - format : cpu/period=0x98968f,event=0xb1,umask=0x2,cmask=0x1,name='UOPS_EXECUTED.CORE:cmask=1'/
208 [140461679306432] INFO perfrun.perfcollector <> - pmu config : cpu , m_cccrAddr : 189 , m_cccrVal : 25302b1 , m_escrAddr : ffffffff , m_escrVal : 0 , m_dataAddr : c4 , m_dataVal : ffffffffff676971
208 [140461679306432] INFO perfrun.perfcollector <> - config : event : b1
208 [140461679306432] INFO perfrun.perfcollector <> - config : pc : 0
208 [140461679306432] INFO perfrun.perfcollector <> - config : edge : 0
208 [140461679306432] INFO perfrun.perfcollector <> - config : any : 0
208 [140461679306432] INFO perfrun.perfcollector <> - config1 : offcore_rsp : 0
208 [140461679306432] INFO perfrun.perfcollector <> - config1 : ldlat : 0
208 [140461679306432] INFO perfrun.perfcollector <> - config : inv : 0
208 [140461679306432] INFO perfrun.perfcollector <> - config : umask : 2
208 [140461679306432] INFO perfrun.perfcollector <> - config : cmask : 2
208 [140461679306432] INFO perfrun.perfcollector <> - format : cpu/period=0x98968f,event=0xb1,umask=0x2,cmask=0x2,name='UOPS_EXECUTED.CORE:cmask=2'/
208 [140461679306432] INFO perfrun.perfcollector <> - pmu config : cpu , m_cccrAddr : 186 , m_cccrVal : 35302b1 , m_escrAddr : ffffffff , m_escrVal : 0 , m_dataAddr : c1 , m_dataVal : ffffffffff676971
208 [140461679306432] INFO perfrun.perfcollector <> - config : event : b1
208 [140461679306432] INFO perfrun.perfcollector <> - config : pc : 0
208 [140461679306432] INFO perfrun.perfcollector <> - config : edge : 0
208 [140461679306432] INFO perfrun.perfcollector <> - config : any : 0
208 [140461679306432] INFO perfrun.perfcollector <> - config1 : offcore_rsp : 0
208 [140461679306432] INFO perfrun.perfcollector <> - config1 : ldlat : 0
208 [140461679306432] INFO perfrun.perfcollector <> - config : inv : 0
208 [140461679306432] INFO perfrun.perfcollector <> - config : umask : 2
208 [140461679306432] INFO perfrun.perfcollector <> - config : cmask : 3
208 [140461679306432] INFO perfrun.perfcollector <> - format : cpu/period=0x98968f,event=0xb1,umask=0x2,cmask=0x3,name='UOPS_EXECUTED.CORE:cmask=3'/
208 [140461679306432] INFO perfrun.perfcollector <> - pmu config : cpu , m_cccrAddr : 187 , m_cccrVal : 53010e , m_escrAddr : ffffffff , m_escrVal : 0 , m_dataAddr : c2 , m_dataVal : ffffffffff676971
208 [140461679306432] INFO perfrun.perfcollector <> - config : event : e
208 [140461679306432] INFO perfrun.perfcollector <> - config : pc : 0
208 [140461679306432] INFO perfrun.perfcollector <> - config : edge : 0
208 [140461679306432] INFO perfrun.perfcollector <> - config : any : 0
208 [140461679306432] INFO perfrun.perfcollector <> - config1 : offcore_rsp : 0
208 [140461679306432] INFO perfrun.perfcollector <> - config1 : ldlat : 0
208 [140461679306432] INFO perfrun.perfcollector <> - config : inv : 0
208 [140461679306432] INFO perfrun.perfcollector <> - config : umask : 1
208 [140461679306432] INFO perfrun.perfcollector <> - config : cmask : 0
208 [140461679306432] INFO perfrun.perfcollector <> - format : cpu/period=0x98968f,event=0xe,umask=0x1,name='UOPS_ISSUED.ANY'/
208 [140461679306432] INFO perfrun.perfcollector <> - pmu config : cpu , m_cccrAddr : 188 , m_cccrVal : 5302c2 , m_escrAddr : ffffffff , m_escrVal : 0 , m_dataAddr : c3 , m_dataVal : ffffffffff676971
208 [140461679306432] INFO perfrun.perfcollector <> - config : event : c2
208 [140461679306432] INFO perfrun.perfcollector <> - config : pc : 0
208 [140461679306432] INFO perfrun.perfcollector <> - config : edge : 0
208 [140461679306432] INFO perfrun.perfcollector <> - config : any : 0
208 [140461679306432] INFO perfrun.perfcollector <> - config1 : offcore_rsp : 0
208 [140461679306432] INFO perfrun.perfcollector <> - config1 : ldlat : 0
208 [140461679306432] INFO perfrun.perfcollector <> - config : inv : 0
208 [140461679306432] INFO perfrun.perfcollector <> - config : umask : 2
208 [140461679306432] INFO perfrun.perfcollector <> - config : cmask : 0
208 [140461679306432] INFO perfrun.perfcollector <> - format : cpu/period=0x98968f,event=0xc2,umask=0x2,name='UOPS_RETIRED.RETIRE_SLOTS'/
208 [140461679306432] INFO perfrun.perfcollector <> - pmu config : cpu , m_cccrAddr : 189 , m_cccrVal : 453019c , m_escrAddr : ffffffff , m_escrVal : 0 , m_dataAddr : c4 , m_dataVal : ffffffffff676971
208 [140461679306432] INFO perfrun.perfcollector <> - config : event : 9c
208 [140461679306432] INFO perfrun.perfcollector <> - config : pc : 0
208 [140461679306432] INFO perfrun.perfcollector <> - config : edge : 0
208 [140461679306432] INFO perfrun.perfcollector <> - config : any : 0
208 [140461679306432] INFO perfrun.perfcollector <> - config1 : offcore_rsp : 0
208 [140461679306432] INFO perfrun.perfcollector <> - config1 : ldlat : 0
208 [140461679306432] INFO perfrun.perfcollector <> - config : inv : 0
208 [140461679306432] INFO perfrun.perfcollector <> - config : umask : 1
208 [140461679306432] INFO perfrun.perfcollector <> - config : cmask : 4
208 [140461679306432] INFO perfrun.perfcollector <> - format : cpu/period=0x98968f,event=0x9c,umask=0x1,cmask=0x4,name='IDQ_UOPS_NOT_DELIVERED.CYCLES_0_UOPS_DELIV.CORE'/
208 [140461679306432] INFO perfrun.perfcollector <> - pmu config : cpu , m_cccrAddr : 186 , m_cccrVal : 4381d0 , m_escrAddr : ffffffff , m_escrVal : 0 , m_dataAddr : c1 , m_dataVal : fffffffffff85ed1
208 [140461679306432] INFO perfrun.perfcollector <> - config : event : d0
208 [140461679306432] INFO perfrun.perfcollector <> - config : pc : 0
208 [140461679306432] INFO perfrun.perfcollector <> - config : edge : 0
208 [140461679306432] INFO perfrun.perfcollector <> - config : any : 0
208 [140461679306432] INFO perfrun.perfcollector <> - config1 : offcore_rsp : 0
208 [140461679306432] INFO perfrun.perfcollector <> - config1 : ldlat : 0
208 [140461679306432] INFO perfrun.perfcollector <> - config : inv : 0
208 [140461679306432] INFO perfrun.perfcollector <> - config : umask : 81
208 [140461679306432] INFO perfrun.perfcollector <> - config : cmask : 0
208 [140461679306432] WARN perfrun.perfcollector <> - precise event : config : 81d0 , [m_cccrVal & impreciseMask(0x100000)] : 0, at file: vcs/perfrun1/plugins/perfcollector/src/event_manager.cpp:292
208 [140461679306432] INFO perfrun.perfcollector <> - format : cpu/period=0x7a12f,event=0xd0,umask=0x81,name='MEM_UOPS_RETIRED.ALL_LOADS_PS'/
208 [140461679306432] INFO perfrun.perfcollector <> - pmu config : cpu , m_cccrAddr : 187 , m_cccrVal : 4382d0 , m_escrAddr : ffffffff , m_escrVal : 0 , m_dataAddr : c2 , m_dataVal : fffffffffff85ed1
208 [140461679306432] INFO perfrun.perfcollector <> - config : event : d0
208 [140461679306432] INFO perfrun.perfcollector <> - config : pc : 0
208 [140461679306432] INFO perfrun.perfcollector <> - config : edge : 0
208 [140461679306432] INFO perfrun.perfcollector <> - config : any : 0
208 [140461679306432] INFO perfrun.perfcollector <> - config1 : offcore_rsp : 0
208 [140461679306432] INFO perfrun.perfcollector <> - config1 : ldlat : 0
208 [140461679306432] INFO perfrun.perfcollector <> - config : inv : 0
208 [140461679306432] INFO perfrun.perfcollector <> - config : umask : 82
208 [140461679306432] INFO perfrun.perfcollector <> - config : cmask : 0
208 [140461679306432] WARN perfrun.perfcollector <> - precise event : config : 82d0 , [m_cccrVal & impreciseMask(0x100000)] : 0, at file: vcs/perfrun1/plugins/perfcollector/src/event_manager.cpp:292
208 [140461679306432] INFO perfrun.perfcollector <> - format : cpu/period=0x7a12f,event=0xd0,umask=0x82,name='MEM_UOPS_RETIRED.ALL_STORES_PS'/
208 [140461679306432] INFO perfrun.perfcollector <> - pmu config : cpu , m_cccrAddr : 188 , m_cccrVal : 4301d3 , m_escrAddr : ffffffff , m_escrVal : 0 , m_dataAddr : c3 , m_dataVal : fffffffffff85ed1
208 [140461679306432] INFO perfrun.perfcollector <> - config : event : d3
208 [140461679306432] INFO perfrun.perfcollector <> - config : pc : 0
208 [140461679306432] INFO perfrun.perfcollector <> - config : edge : 0
208 [140461679306432] INFO perfrun.perfcollector <> - config : any : 0
208 [140461679306432] INFO perfrun.perfcollector <> - config1 : offcore_rsp : 0
208 [140461679306432] INFO perfrun.perfcollector <> - config1 : ldlat : 0
208 [140461679306432] INFO perfrun.perfcollector <> - config : inv : 0
208 [140461679306432] INFO perfrun.perfcollector <> - config : umask : 1
208 [140461679306432] INFO perfrun.perfcollector <> - config : cmask : 0
208 [140461679306432] WARN perfrun.perfcollector <> - precise event : config : 1d3 , [m_cccrVal & impreciseMask(0x100000)] : 0, at file: vcs/perfrun1/plugins/perfcollector/src/event_manager.cpp:292
208 [140461679306432] INFO perfrun.perfcollector <> - format : cpu/period=0x7a12f,event=0xd3,umask=0x1,name='MEM_LOAD_UOPS_L3_MISS_RETIRED.LOCAL_DRAM_PS'/
208 [140461679306432] INFO perfrun.perfcollector <> - pmu config : cpu , m_cccrAddr : 189 , m_cccrVal : 4304d3 , m_escrAddr : ffffffff , m_escrVal : 0 , m_dataAddr : c4 , m_dataVal : fffffffffff85ed1
208 [140461679306432] INFO perfrun.perfcollector <> - config : event : d3
208 [140461679306432] INFO perfrun.perfcollector <> - config : pc : 0
208 [140461679306432] INFO perfrun.perfcollector <> - config : edge : 0
208 [140461679306432] INFO perfrun.perfcollector <> - config : any : 0
208 [140461679306432] INFO perfrun.perfcollector <> - config1 : offcore_rsp : 0
208 [140461679306432] INFO perfrun.perfcollector <> - config1 : ldlat : 0
208 [140461679306432] INFO perfrun.perfcollector <> - config : inv : 0
208 [140461679306432] INFO perfrun.perfcollector <> - config : umask : 4
208 [140461679306432] INFO perfrun.perfcollector <> - config : cmask : 0
208 [140461679306432] WARN perfrun.perfcollector <> - precise event : config : 4d3 , [m_cccrVal & impreciseMask(0x100000)] : 0, at file: vcs/perfrun1/plugins/perfcollector/src/event_manager.cpp:292
208 [140461679306432] INFO perfrun.perfcollector <> - format : cpu/period=0x7a12f,event=0xd3,umask=0x4,name='MEM_LOAD_UOPS_L3_MISS_RETIRED.REMOTE_DRAM_PS'/
208 [140461679306432] INFO perfrun.perfcollector <> - pmu config : cpu , m_cccrAddr : 186 , m_cccrVal : 4310d3 , m_escrAddr : ffffffff , m_escrVal : 0 , m_dataAddr : c1 , m_dataVal : fffffffffff85ed1
208 [140461679306432] INFO perfrun.perfcollector <> - config : event : d3
208 [140461679306432] INFO perfrun.perfcollector <> - config : pc : 0
208 [140461679306432] INFO perfrun.perfcollector <> - config : edge : 0
208 [140461679306432] INFO perfrun.perfcollector <> - config : any : 0
208 [140461679306432] INFO perfrun.perfcollector <> - config1 : offcore_rsp : 0
208 [140461679306432] INFO perfrun.perfcollector <> - config1 : ldlat : 0
208 [140461679306432] INFO perfrun.perfcollector <> - config : inv : 0
208 [140461679306432] INFO perfrun.perfcollector <> - config : umask : 10
208 [140461679306432] INFO perfrun.perfcollector <> - config : cmask : 0
208 [140461679306432] WARN perfrun.perfcollector <> - precise event : config : 10d3 , [m_cccrVal & impreciseMask(0x100000)] : 0, at file: vcs/perfrun1/plugins/perfcollector/src/event_manager.cpp:292
208 [140461679306432] INFO perfrun.perfcollector <> - format : cpu/period=0x7a12f,event=0xd3,umask=0x10,name='MEM_LOAD_UOPS_L3_MISS_RETIRED.REMOTE_HITM_PS'/
208 [140461679306432] INFO perfrun.perfcollector <> - pmu config : cpu , m_cccrAddr : 187 , m_cccrVal : 4320d3 , m_escrAddr : ffffffff , m_escrVal : 0 , m_dataAddr : c2 , m_dataVal : fffffffffff85ed1
208 [140461679306432] INFO perfrun.perfcollector <> - config : event : d3
208 [140461679306432] INFO perfrun.perfcollector <> - config : pc : 0
208 [140461679306432] INFO perfrun.perfcollector <> - config : edge : 0
208 [140461679306432] INFO perfrun.perfcollector <> - config : any : 0
209 [140461679306432] INFO perfrun.perfcollector <> - config1 : offcore_rsp : 0
209 [140461679306432] INFO perfrun.perfcollector <> - config1 : ldlat : 0
209 [140461679306432] INFO perfrun.perfcollector <> - config : inv : 0
209 [140461679306432] INFO perfrun.perfcollector <> - config : umask : 20
209 [140461679306432] INFO perfrun.perfcollector <> - config : cmask : 0
209 [140461679306432] WARN perfrun.perfcollector <> - precise event : config : 20d3 , [m_cccrVal & impreciseMask(0x100000)] : 0, at file: vcs/perfrun1/plugins/perfcollector/src/event_manager.cpp:292
209 [140461679306432] INFO perfrun.perfcollector <> - format : cpu/period=0x7a12f,event=0xd3,umask=0x20,name='MEM_LOAD_UOPS_L3_MISS_RETIRED.REMOTE_FWD_PS'/
209 [140461679306432] INFO perfrun.perfcollector <> - pmu config : uncore_imc_0 , m_cccrAddr : d8 , m_cccrVal : 400304 , m_escrAddr : ffffffff , m_escrVal : 0 , m_dataAddr : a0 , m_dataVal : 0
209 [140461679306432] INFO perfrun.perfcollector <> - config : event : 4
209 [140461679306432] INFO perfrun.perfcollector <> - config : edge : 0
209 [140461679306432] INFO perfrun.perfcollector <> - config : inv : 0
209 [140461679306432] INFO perfrun.perfcollector <> - config : umask : 3
209 [140461679306432] INFO perfrun.perfcollector <> - config : thresh : 0
209 [140461679306432] INFO perfrun.perfcollector <> - format : uncore_imc_0/period=0x0,event=0x4,umask=0x3,name='UNC_M_CAS_COUNT.RD[UNIT0]'/
209 [140461679306432] INFO perfrun.perfcollector <> - pmu config : uncore_imc_1 , m_cccrAddr : d8 , m_cccrVal : 400304 , m_escrAddr : ffffffff , m_escrVal : 0 , m_dataAddr : a0 , m_dataVal : 0
209 [140461679306432] INFO perfrun.perfcollector <> - config : event : 4
209 [140461679306432] INFO perfrun.perfcollector <> - config : edge : 0
209 [140461679306432] INFO perfrun.perfcollector <> - config : inv : 0
209 [140461679306432] INFO perfrun.perfcollector <> - config : umask : 3
209 [140461679306432] INFO perfrun.perfcollector <> - config : thresh : 0
209 [140461679306432] INFO perfrun.perfcollector <> - format : uncore_imc_1/period=0x0,event=0x4,umask=0x3,name='UNC_M_CAS_COUNT.RD[UNIT1]'/
209 [140461679306432] INFO perfrun.perfcollector <> - pmu config : uncore_imc_4 , m_cccrAddr : d8 , m_cccrVal : 400304 , m_escrAddr : ffffffff , m_escrVal : 0 , m_dataAddr : a0 , m_dataVal : 0
209 [140461679306432] INFO perfrun.perfcollector <> - config : event : 4
209 [140461679306432] INFO perfrun.perfcollector <> - config : edge : 0
209 [140461679306432] INFO perfrun.perfcollector <> - config : inv : 0
209 [140461679306432] INFO perfrun.perfcollector <> - config : umask : 3
209 [140461679306432] INFO perfrun.perfcollector <> - config : thresh : 0
209 [140461679306432] INFO perfrun.perfcollector <> - format : uncore_imc_4/period=0x0,event=0x4,umask=0x3,name='UNC_M_CAS_COUNT.RD[UNIT4]'/
209 [140461679306432] INFO perfrun.perfcollector <> - pmu config : uncore_imc_5 , m_cccrAddr : d8 , m_cccrVal : 400304 , m_escrAddr : ffffffff , m_escrVal : 0 , m_dataAddr : a0 , m_dataVal : 0
209 [140461679306432] INFO perfrun.perfcollector <> - config : event : 4
209 [140461679306432] INFO perfrun.perfcollector <> - config : edge : 0
209 [140461679306432] INFO perfrun.perfcollector <> - config : inv : 0
209 [140461679306432] INFO perfrun.perfcollector <> - config : umask : 3
209 [140461679306432] INFO perfrun.perfcollector <> - config : thresh : 0
209 [140461679306432] INFO perfrun.perfcollector <> - format : uncore_imc_5/period=0x0,event=0x4,umask=0x3,name='UNC_M_CAS_COUNT.RD[UNIT5]'/
209 [140461679306432] INFO perfrun.perfcollector <> - pmu config : uncore_imc_0 , m_cccrAddr : dc , m_cccrVal : 400c04 , m_escrAddr : ffffffff , m_escrVal : 0 , m_dataAddr : a8 , m_dataVal : 0
209 [140461679306432] INFO perfrun.perfcollector <> - config : event : 4
209 [140461679306432] INFO perfrun.perfcollector <> - config : edge : 0
209 [140461679306432] INFO perfrun.perfcollector <> - config : inv : 0
209 [140461679306432] INFO perfrun.perfcollector <> - config : umask : c
209 [140461679306432] INFO perfrun.perfcollector <> - config : thresh : 0
209 [140461679306432] INFO perfrun.perfcollector <> - format : uncore_imc_0/period=0x0,event=0x4,umask=0xc,name='UNC_M_CAS_COUNT.WR[UNIT0]'/
209 [140461679306432] INFO perfrun.perfcollector <> - pmu config : uncore_imc_1 , m_cccrAddr : dc , m_cccrVal : 400c04 , m_escrAddr : ffffffff , m_escrVal : 0 , m_dataAddr : a8 , m_dataVal : 0
209 [140461679306432] INFO perfrun.perfcollector <> - config : event : 4
209 [140461679306432] INFO perfrun.perfcollector <> - config : edge : 0
209 [140461679306432] INFO perfrun.perfcollector <> - config : inv : 0
209 [140461679306432] INFO perfrun.perfcollector <> - config : umask : c
209 [140461679306432] INFO perfrun.perfcollector <> - config : thresh : 0
209 [140461679306432] INFO perfrun.perfcollector <> - format : uncore_imc_1/period=0x0,event=0x4,umask=0xc,name='UNC_M_CAS_COUNT.WR[UNIT1]'/
209 [140461679306432] INFO perfrun.perfcollector <> - pmu config : uncore_imc_4 , m_cccrAddr : dc , m_cccrVal : 400c04 , m_escrAddr : ffffffff , m_escrVal : 0 , m_dataAddr : a8 , m_dataVal : 0
209 [140461679306432] INFO perfrun.perfcollector <> - config : event : 4
209 [140461679306432] INFO perfrun.perfcollector <> - config : edge : 0
209 [140461679306432] INFO perfrun.perfcollector <> - config : inv : 0
209 [140461679306432] INFO perfrun.perfcollector <> - config : umask : c
209 [140461679306432] INFO perfrun.perfcollector <> - config : thresh : 0
209 [140461679306432] INFO perfrun.perfcollector <> - format : uncore_imc_4/period=0x0,event=0x4,umask=0xc,name='UNC_M_CAS_COUNT.WR[UNIT4]'/
209 [140461679306432] INFO perfrun.perfcollector <> - pmu config : uncore_imc_5 , m_cccrAddr : dc , m_cccrVal : 400c04 , m_escrAddr : ffffffff , m_escrVal : 0 , m_dataAddr : a8 , m_dataVal : 0
209 [140461679306432] INFO perfrun.perfcollector <> - config : event : 4
209 [140461679306432] INFO perfrun.perfcollector <> - config : edge : 0
209 [140461679306432] INFO perfrun.perfcollector <> - config : inv : 0
209 [140461679306432] INFO perfrun.perfcollector <> - config : umask : c
209 [140461679306432] INFO perfrun.perfcollector <> - config : thresh : 0
209 [140461679306432] INFO perfrun.perfcollector <> - format : uncore_imc_5/period=0x0,event=0x4,umask=0xc,name='UNC_M_CAS_COUNT.WR[UNIT5]'/
209 [140461679306432] INFO perfrun.perfcollector <> - event: cpu/period=0xaf79e0,event=0x3c,name='CPU_CLK_UNHALTED.THREAD'/Duk , added for sampling
209 [140461679306432] INFO perfrun.perfcollector <> - event: cpu/period=0xaf79e0,umask=0x3,name='CPU_CLK_UNHALTED.REF_TSC'/Duk , added for sampling
209 [140461679306432] INFO perfrun.perfcollector <> - event: cpu/period=0xaf79e0,event=0xc0,name='INST_RETIRED.ANY'/Duk , added for sampling
209 [140461679306432] INFO perfrun.perfcollector <> - event: cpu/period=0x98968f,event=0xa3,umask=0xc,cmask=0xc,name='CYCLE_ACTIVITY.STALLS_L1D_PENDING'/uk , added for sampling
209 [140461679306432] INFO perfrun.perfcollector <> - event: cpu/period=0x7a12f,event=0x3c,umask=0x1,name='CPU_CLK_UNHALTED.REF_XCLK'/uk , added for sampling
209 [140461679306432] INFO perfrun.perfcollector <> - event: cpu/period=0x7a12f,event=0x3c,umask=0x2,name='CPU_CLK_UNHALTED.ONE_THREAD_ACTIVE'/uk , added for sampling
209 [140461679306432] INFO perfrun.perfcollector <> - event: cpu/period=0x98968f,event=0xa3,umask=0x4,cmask=0x4,name='CYCLE_ACTIVITY.CYCLES_NO_EXECUTE'/uk , added for sampling
209 [140461679306432] INFO perfrun.perfcollector <> - event: cpu/period=0x98968f,event=0xa3,umask=0x6,cmask=0x6,name='CYCLE_ACTIVITY.STALLS_LDM_PENDING'/uk , added for sampling
209 [140461679306432] INFO perfrun.perfcollector <> - event: cpu/period=0x98968f,event=0xa3,umask=0x5,cmask=0x5,name='CYCLE_ACTIVITY.STALLS_L2_PENDING'/uk , added for sampling
209 [140461679306432] INFO perfrun.perfcollector <> - event: cpu/period=0x98968f,event=0x9c,umask=0x1,name='IDQ_UOPS_NOT_DELIVERED.CORE'/uk , added for sampling
209 [140461679306432] INFO perfrun.perfcollector <> - event: cpu/period=0x98968f,event=0xd,umask=0x3,cmask=0x1,name='INT_MISC.RECOVERY_CYCLES'/uk , added for sampling
209 [140461679306432] INFO perfrun.perfcollector <> - event: cpu/period=0x3d09f,event=0xd1,umask=0x4,name='MEM_LOAD_UOPS_RETIRED.L3_HIT_PS'/ukpp , added for sampling
209 [140461679306432] INFO perfrun.perfcollector <> - event: cpu/period=0x3d09f,event=0xd1,umask=0x20,name='MEM_LOAD_UOPS_RETIRED.L3_MISS_PS'/ukpp , added for sampling
209 [140461679306432] INFO perfrun.perfcollector <> - event: cpu/period=0x98968f,event=0x60,umask=0x8,cmask=0x1,name='OFFCORE_REQUESTS_OUTSTANDING.CYCLES_WITH_DATA_RD'/uk , added for sampling
209 [140461679306432] INFO perfrun.perfcollector <> - event: cpu/period=0x98968f,event=0x60,umask=0x8,cmask=0x6,name='OFFCORE_REQUESTS_OUTSTANDING.ALL_DATA_RD:cmask=6'/uk , added for sampling
209 [140461679306432] INFO perfrun.perfcollector <> - event: cpu/period=0x98968f,event=0xa2,umask=0x8,name='RESOURCE_STALLS.SB'/uk , added for sampling
209 [140461679306432] INFO perfrun.perfcollector <> - event: cpu/period=0x98968f,event=0x5e,umask=0x1,name='RS_EVENTS.EMPTY_CYCLES'/uk , added for sampling
209 [140461679306432] INFO perfrun.perfcollector <> - event: cpu/period=0x98968f,event=0xb1,umask=0x2,cmask=0x1,name='UOPS_EXECUTED.CORE:cmask=1'/uk , added for sampling
209 [140461679306432] INFO perfrun.perfcollector <> - event: cpu/period=0x98968f,event=0xb1,umask=0x2,cmask=0x2,name='UOPS_EXECUTED.CORE:cmask=2'/uk , added for sampling
209 [140461679306432] INFO perfrun.perfcollector <> - event: cpu/period=0x98968f,event=0xb1,umask=0x2,cmask=0x3,name='UOPS_EXECUTED.CORE:cmask=3'/uk , added for sampling
209 [140461679306432] INFO perfrun.perfcollector <> - event: cpu/period=0x98968f,event=0xe,umask=0x1,name='UOPS_ISSUED.ANY'/uk , added for sampling
209 [140461679306432] INFO perfrun.perfcollector <> - event: cpu/period=0x98968f,event=0xc2,umask=0x2,name='UOPS_RETIRED.RETIRE_SLOTS'/uk , added for sampling
209 [140461679306432] INFO perfrun.perfcollector <> - event: cpu/period=0x98968f,event=0x9c,umask=0x1,cmask=0x4,name='IDQ_UOPS_NOT_DELIVERED.CYCLES_0_UOPS_DELIV.CORE'/uk , added for sampling
209 [140461679306432] INFO perfrun.perfcollector <> - event: cpu/period=0x7a12f,event=0xd0,umask=0x81,name='MEM_UOPS_RETIRED.ALL_LOADS_PS'/ukpp , added for sampling
209 [140461679306432] INFO perfrun.perfcollector <> - event: cpu/period=0x7a12f,event=0xd0,umask=0x82,name='MEM_UOPS_RETIRED.ALL_STORES_PS'/ukpp , added for sampling
209 [140461679306432] INFO perfrun.perfcollector <> - event: cpu/period=0x7a12f,event=0xd3,umask=0x1,name='MEM_LOAD_UOPS_L3_MISS_RETIRED.LOCAL_DRAM_PS'/ukpp , added for sampling
209 [140461679306432] INFO perfrun.perfcollector <> - event: cpu/period=0x7a12f,event=0xd3,umask=0x4,name='MEM_LOAD_UOPS_L3_MISS_RETIRED.REMOTE_DRAM_PS'/ukpp , added for sampling
209 [140461679306432] INFO perfrun.perfcollector <> - event: cpu/period=0x7a12f,event=0xd3,umask=0x10,name='MEM_LOAD_UOPS_L3_MISS_RETIRED.REMOTE_HITM_PS'/ukpp , added for sampling
209 [140461679306432] INFO perfrun.perfcollector <> - event: cpu/period=0x7a12f,event=0xd3,umask=0x20,name='MEM_LOAD_UOPS_L3_MISS_RETIRED.REMOTE_FWD_PS'/ukpp , added for sampling
209 [140461679306432] INFO perfrun.perfcollector <> - event: uncore_imc_0/period=0x0,event=0x4,umask=0x3,name='UNC_M_CAS_COUNT.RD[UNIT0]'/ , added for counting
209 [140461679306432] INFO perfrun.perfcollector <> - event: uncore_imc_1/period=0x0,event=0x4,umask=0x3,name='UNC_M_CAS_COUNT.RD[UNIT1]'/ , added for counting
209 [140461679306432] INFO perfrun.perfcollector <> - event: uncore_imc_4/period=0x0,event=0x4,umask=0x3,name='UNC_M_CAS_COUNT.RD[UNIT4]'/ , added for counting
209 [140461679306432] INFO perfrun.perfcollector <> - event: uncore_imc_5/period=0x0,event=0x4,umask=0x3,name='UNC_M_CAS_COUNT.RD[UNIT5]'/ , added for counting
209 [140461679306432] INFO perfrun.perfcollector <> - event: uncore_imc_0/period=0x0,event=0x4,umask=0xc,name='UNC_M_CAS_COUNT.WR[UNIT0]'/ , added for counting
209 [140461679306432] INFO perfrun.perfcollector <> - event: uncore_imc_1/period=0x0,event=0x4,umask=0xc,name='UNC_M_CAS_COUNT.WR[UNIT1]'/ , added for counting
209 [140461679306432] INFO perfrun.perfcollector <> - event: uncore_imc_4/period=0x0,event=0x4,umask=0xc,name='UNC_M_CAS_COUNT.WR[UNIT4]'/ , added for counting
209 [140461679306432] INFO perfrun.perfcollector <> - event: uncore_imc_5/period=0x0,event=0x4,umask=0xc,name='UNC_M_CAS_COUNT.WR[UNIT5]'/ , added for counting
209 [140461649188544] WARN perfrun.perfcollector <> - Perf stat trace pipe capacity: read = 1048576, write = 1048576, at file: vcs/perfrun1/plugins/perfcollector/src/profiler.cpp:763
209 [140461649188544] INFO perfrun.perfcollector <> - Path to Perf control pipe: /tmp/amplxe-tmp-phffleck/perf-pipe-1022884-57037544182247376
211 [140461649188544] INFO perfrun.sdk <> - runCmd: "/home/intel/oneapi/vtune/2021.1.1/bin64/amplxe-perf" stat -v --log-fd 11 --pipe "/tmp/amplxe-tmp-phffleck/perf-pipe-1022884-57037544182247376" --pipe-sync -I 10 -A --scale -x ; -a -e uncore_imc_0/period=0x0,event=0x4,umask=0x3,name='UNC_M_CAS_COUNT.RD[UNIT0]'/,uncore_imc_1/period=0x0,event=0x4,umask=0x3,name='UNC_M_CAS_COUNT.RD[UNIT1]'/,uncore_imc_4/period=0x0,event=0x4,umask=0x3,name='UNC_M_CAS_COUNT.RD[UNIT4]'/,uncore_imc_5/period=0x0,event=0x4,umask=0x3,name='UNC_M_CAS_COUNT.RD[UNIT5]'/,uncore_imc_0/period=0x0,event=0x4,umask=0xc,name='UNC_M_CAS_COUNT.WR[UNIT0]'/,uncore_imc_1/period=0x0,event=0x4,umask=0xc,name='UNC_M_CAS_COUNT.WR[UNIT1]'/,uncore_imc_4/period=0x0,event=0x4,umask=0xc,name='UNC_M_CAS_COUNT.WR[UNIT4]'/,uncore_imc_5/period=0x0,event=0x4,umask=0xc,name='UNC_M_CAS_COUNT.WR[UNIT5]'/ "/home/intel/oneapi/vtune/2021.1.1/bin64/amplxe-perf-sync" dryrun sys
251 [140461640795840] INFO perfrun.perfcollector <> - PERF_STAT : "     0.008515149;CPU0;3212;;UNC_M_CAS_COUNT.RD[UNIT0];8431381;100.00;;"
251 [140461640795840] INFO perfrun.perfcollector <> - PERF_STAT : "     0.008515149;CPU10;4661;;UNC_M_CAS_COUNT.RD[UNIT0];8204502;100.00;;"
251 [140461640795840] INFO perfrun.perfcollector <> - PERF_STAT : "     0.008515149;CPU0;2581;;UNC_M_CAS_COUNT.RD[UNIT1];8413699;100.00;;"
251 [140461640795840] INFO perfrun.perfcollector <> - PERF_STAT : "     0.008515149;CPU10;4359;;UNC_M_CAS_COUNT.RD[UNIT1];8186398;100.00;;"
251 [140461640795840] INFO perfrun.perfcollector <> - PERF_STAT : "     0.008515149;CPU0;3132;;UNC_M_CAS_COUNT.RD[UNIT4];8395911;100.00;;"
251 [140461640795840] INFO perfrun.perfcollector <> - PERF_STAT : "     0.008515149;CPU10;4677;;UNC_M_CAS_COUNT.RD[UNIT4];8167349;100.00;;"
251 [140461640795840] INFO perfrun.perfcollector <> - PERF_STAT : "     0.008515149;CPU0;2594;;UNC_M_CAS_COUNT.RD[UNIT5];8378353;100.00;;"
251 [140461640795840] INFO perfrun.perfcollector <> - PERF_STAT : "     0.008515149;CPU10;4229;;UNC_M_CAS_COUNT.RD[UNIT5];8171957;100.00;;"
251 [140461640795840] INFO perfrun.perfcollector <> - PERF_STAT : "     0.008515149;CPU0;3525;;UNC_M_CAS_COUNT.WR[UNIT0];8364292;100.00;;"
251 [140461640795840] INFO perfrun.perfcollector <> - PERF_STAT : "     0.008515149;CPU10;1221;;UNC_M_CAS_COUNT.WR[UNIT0];8166821;100.00;;"
251 [140461640795840] INFO perfrun.perfcollector <> - PERF_STAT : "     0.008515149;CPU0;3084;;UNC_M_CAS_COUNT.WR[UNIT1];8338790;100.00;;"
251 [140461640795840] INFO perfrun.perfcollector <> - PERF_STAT : "     0.008515149;CPU10;849;;UNC_M_CAS_COUNT.WR[UNIT1];8155467;100.00;;"
251 [140461640795840] INFO perfrun.perfcollector <> - PERF_STAT : "     0.008515149;CPU0;3466;;UNC_M_CAS_COUNT.WR[UNIT4];8309653;100.00;;"
251 [140461640795840] INFO perfrun.perfcollector <> - PERF_STAT : "     0.008515149;CPU10;1233;;UNC_M_CAS_COUNT.WR[UNIT4];8132582;100.00;;"
251 [140461640795840] INFO perfrun.perfcollector <> - PERF_STAT : "     0.008515149;CPU0;3004;;UNC_M_CAS_COUNT.WR[UNIT5];8280643;100.00;;"
251 [140461640795840] INFO perfrun.perfcollector <> - PERF_STAT : "     0.008515149;CPU10;820;;UNC_M_CAS_COUNT.WR[UNIT5];8120060;100.00;;"
254 [140461649188544] INFO perfrun.perfcollector <> - Monitor: runCmd RC = true
254 [140461640795840] INFO perfrun.perfcollector <> - Path to Perf control pipe: /tmp/amplxe-tmp-phffleck/perf-pipe-1022884-57037544286064073
254 [140461640795840] INFO perfrun.sdk <> - runCmd: "/home/intel/oneapi/vtune/2021.1.1/bin64/amplxe-perf" record -v --pipe "/tmp/amplxe-tmp-phffleck/perf-pipe-1022884-57037544286064073" --pipe-sync -o "/tmp/amplxe-tmp-phffleck/amplxe-res-1022884-57037543828959926/data.0/temp.dryrun.perf" -N -B -T -R --compression-level=1 -e cpu/period=0xaf79e0,event=0x3c,name='CPU_CLK_UNHALTED.THREAD'/Duk,cpu/period=0xaf79e0,umask=0x3,name='CPU_CLK_UNHALTED.REF_TSC'/Duk,cpu/period=0xaf79e0,event=0xc0,name='INST_RETIRED.ANY'/Duk,cpu/period=0x98968f,event=0xa3,umask=0xc,cmask=0xc,name='CYCLE_ACTIVITY.STALLS_L1D_PENDING'/uk,cpu/period=0x7a12f,event=0x3c,umask=0x1,name='CPU_CLK_UNHALTED.REF_XCLK'/uk,cpu/period=0x7a12f,event=0x3c,umask=0x2,name='CPU_CLK_UNHALTED.ONE_THREAD_ACTIVE'/uk,cpu/period=0x98968f,event=0xa3,umask=0x4,cmask=0x4,name='CYCLE_ACTIVITY.CYCLES_NO_EXECUTE'/uk,cpu/period=0x98968f,event=0xa3,umask=0x6,cmask=0x6,name='CYCLE_ACTIVITY.STALLS_LDM_PENDING'/uk,cpu/period=0x98968f,event=0xa3,umask=0x5,cmask=0x5,name='CYCLE_ACTIVITY.STALLS_L2_PENDING'/uk,cpu/period=0x98968f,event=0x9c,umask=0x1,name='IDQ_UOPS_NOT_DELIVERED.CORE'/uk,cpu/period=0x98968f,event=0xd,umask=0x3,cmask=0x1,name='INT_MISC.RECOVERY_CYCLES'/uk,cpu/period=0x3d09f,event=0xd1,umask=0x4,name='MEM_LOAD_UOPS_RETIRED.L3_HIT_PS'/ukpp,cpu/period=0x3d09f,event=0xd1,umask=0x20,name='MEM_LOAD_UOPS_RETIRED.L3_MISS_PS'/ukpp,cpu/period=0x98968f,event=0x60,umask=0x8,cmask=0x1,name='OFFCORE_REQUESTS_OUTSTANDING.CYCLES_WITH_DATA_RD'/uk,cpu/period=0x98968f,event=0x60,umask=0x8,cmask=0x6,name='OFFCORE_REQUESTS_OUTSTANDING.ALL_DATA_RD:cmask=6'/uk,cpu/period=0x98968f,event=0xa2,umask=0x8,name='RESOURCE_STALLS.SB'/uk,cpu/period=0x98968f,event=0x5e,umask=0x1,name='RS_EVENTS.EMPTY_CYCLES'/uk,cpu/period=0x98968f,event=0xb1,umask=0x2,cmask=0x1,name='UOPS_EXECUTED.CORE:cmask=1'/uk,cpu/period=0x98968f,event=0xb1,umask=0x2,cmask=0x2,name='UOPS_EXECUTED.CORE:cmask=2'/uk,cpu/period=0x98968f,event=0xb1,umask=0x2,cmask=0x3,name='UOPS_EXECUTED.CORE:cmask=3'/uk,cpu/period=0x98968f,event=0xe,umask=0x1,name='UOPS_ISSUED.ANY'/uk,cpu/period=0x98968f,event=0xc2,umask=0x2,name='UOPS_RETIRED.RETIRE_SLOTS'/uk,cpu/period=0x98968f,event=0x9c,umask=0x1,cmask=0x4,name='IDQ_UOPS_NOT_DELIVERED.CYCLES_0_UOPS_DELIV.CORE'/uk,cpu/period=0x7a12f,event=0xd0,umask=0x81,name='MEM_UOPS_RETIRED.ALL_LOADS_PS'/ukpp,cpu/period=0x7a12f,event=0xd0,umask=0x82,name='MEM_UOPS_RETIRED.ALL_STORES_PS'/ukpp,cpu/period=0x7a12f,event=0xd3,umask=0x1,name='MEM_LOAD_UOPS_L3_MISS_RETIRED.LOCAL_DRAM_PS'/ukpp,cpu/period=0x7a12f,event=0xd3,umask=0x4,name='MEM_LOAD_UOPS_L3_MISS_RETIRED.REMOTE_DRAM_PS'/ukpp,cpu/period=0x7a12f,event=0xd3,umask=0x10,name='MEM_LOAD_UOPS_L3_MISS_RETIRED.REMOTE_HITM_PS'/ukpp,cpu/period=0x7a12f,event=0xd3,umask=0x20,name='MEM_LOAD_UOPS_L3_MISS_RETIRED.REMOTE_FWD_PS'/ukpp --clockid=monotonic_raw "/home/intel/oneapi/vtune/2021.1.1/bin64/amplxe-perf-sync" dryrun sys
560 [140461640795840] INFO perfrun.perfcollector <> - Monitor: runCmd RC = true
561 [140461632403136] WARN perfrun.perfcollector <> - Perf stat trace pipe capacity: read = 1048576, write = 1048576, at file: vcs/perfrun1/plugins/perfcollector/src/profiler.cpp:763
561 [140461632403136] INFO perfrun.perfcollector <> - Path to Perf control pipe: /tmp/amplxe-tmp-phffleck/perf-pipe-1022884-57037544989854047
562 [140461632403136] INFO perfrun.sdk <> - runCmd: "/home/intel/oneapi/vtune/2021.1.1/bin64/amplxe-perf" stat -v --log-fd 11 --pipe "/tmp/amplxe-tmp-phffleck/perf-pipe-1022884-57037544989854047" --pipe-sync -I 10 -A --scale -x ; -a -e uncore_imc_0/period=0x0,event=0x4,umask=0x3,name='UNC_M_CAS_COUNT.RD[UNIT0]'/,uncore_imc_1/period=0x0,event=0x4,umask=0x3,name='UNC_M_CAS_COUNT.RD[UNIT1]'/,uncore_imc_4/period=0x0,event=0x4,umask=0x3,name='UNC_M_CAS_COUNT.RD[UNIT4]'/,uncore_imc_5/period=0x0,event=0x4,umask=0x3,name='UNC_M_CAS_COUNT.RD[UNIT5]'/,uncore_imc_0/period=0x0,event=0x4,umask=0xc,name='UNC_M_CAS_COUNT.WR[UNIT0]'/,uncore_imc_1/period=0x0,event=0x4,umask=0xc,name='UNC_M_CAS_COUNT.WR[UNIT1]'/,uncore_imc_4/period=0x0,event=0x4,umask=0xc,name='UNC_M_CAS_COUNT.WR[UNIT4]'/,uncore_imc_5/period=0x0,event=0x4,umask=0xc,name='UNC_M_CAS_COUNT.WR[UNIT5]'/ "/home/intel/oneapi/vtune/2021.1.1/bin64/amplxe-perf-sync" dryrun sys
597 [140461649188544] INFO perfrun.perfcollector <> - PERF_STAT : "     0.006137320;CPU0;2100;;UNC_M_CAS_COUNT.RD[UNIT0];6113875;100.00;;"
597 [140461649188544] INFO perfrun.perfcollector <> - PERF_STAT : "     0.006137320;CPU10;2135;;UNC_M_CAS_COUNT.RD[UNIT0];6080919;100.00;;"
597 [140461649188544] INFO perfrun.perfcollector <> - PERF_STAT : "     0.006137320;CPU0;1832;;UNC_M_CAS_COUNT.RD[UNIT1];6110673;100.00;;"
597 [140461649188544] INFO perfrun.perfcollector <> - PERF_STAT : "     0.006137320;CPU10;1841;;UNC_M_CAS_COUNT.RD[UNIT1];6073676;100.00;;"
597 [140461649188544] INFO perfrun.perfcollector <> - PERF_STAT : "     0.006137320;CPU0;2021;;UNC_M_CAS_COUNT.RD[UNIT4];6105685;100.00;;"
597 [140461649188544] INFO perfrun.perfcollector <> - PERF_STAT : "     0.006137320;CPU10;2195;;UNC_M_CAS_COUNT.RD[UNIT4];6067018;100.00;;"
597 [140461649188544] INFO perfrun.perfcollector <> - PERF_STAT : "     0.006137320;CPU0;1647;;UNC_M_CAS_COUNT.RD[UNIT5];6101020;100.00;;"
597 [140461649188544] INFO perfrun.perfcollector <> - PERF_STAT : "     0.006137320;CPU10;1926;;UNC_M_CAS_COUNT.RD[UNIT5];6059969;100.00;;"
597 [140461649188544] INFO perfrun.perfcollector <> - PERF_STAT : "     0.006137320;CPU0;483;;UNC_M_CAS_COUNT.WR[UNIT0];6097638;100.00;;"
597 [140461649188544] INFO perfrun.perfcollector <> - PERF_STAT : "     0.006137320;CPU10;1530;;UNC_M_CAS_COUNT.WR[UNIT0];6054679;100.00;;"
597 [140461649188544] INFO perfrun.perfcollector <> - PERF_STAT : "     0.006137320;CPU0;279;;UNC_M_CAS_COUNT.WR[UNIT1];6093665;100.00;;"
598 [140461649188544] INFO perfrun.perfcollector <> - PERF_STAT : "     0.006137320;CPU10;1206;;UNC_M_CAS_COUNT.WR[UNIT1];6041896;100.00;;"
598 [140461649188544] INFO perfrun.perfcollector <> - PERF_STAT : "     0.006137320;CPU0;436;;UNC_M_CAS_COUNT.WR[UNIT4];6084007;100.00;;"
598 [140461649188544] INFO perfrun.perfcollector <> - PERF_STAT : "     0.006137320;CPU10;1551;;UNC_M_CAS_COUNT.WR[UNIT4];6029554;100.00;;"
598 [140461649188544] INFO perfrun.perfcollector <> - PERF_STAT : "     0.006137320;CPU0;220;;UNC_M_CAS_COUNT.WR[UNIT5];6074506;100.00;;"
598 [140461649188544] INFO perfrun.perfcollector <> - PERF_STAT : "     0.006137320;CPU10;1086;;UNC_M_CAS_COUNT.WR[UNIT5];6017137;100.00;;"
600 [140461632403136] INFO perfrun.perfcollector <> - Monitor: runCmd RC = true
600 [140461649188544] INFO perfrun.perfcollector <> - Path to Perf control pipe: /tmp/amplxe-tmp-phffleck/perf-pipe-1022884-57037545081133860
601 [140461649188544] INFO perfrun.sdk <> - runCmd: "/home/intel/oneapi/vtune/2021.1.1/bin64/amplxe-perf" record -v --pipe "/tmp/amplxe-tmp-phffleck/perf-pipe-1022884-57037545081133860" --pipe-sync -o "/tmp/amplxe-tmp-phffleck/amplxe-res-1022884-57037543828959926/data.0/temp.dryrun.perf" -N -B -T -R -d --compression-level=1 -e cpu/period=0xaf79e0,event=0x3c,name='CPU_CLK_UNHALTED.THREAD'/Duk,cpu/period=0xaf79e0,umask=0x3,name='CPU_CLK_UNHALTED.REF_TSC'/Duk,cpu/period=0xaf79e0,event=0xc0,name='INST_RETIRED.ANY'/Duk,cpu/period=0x98968f,event=0xa3,umask=0xc,cmask=0xc,name='CYCLE_ACTIVITY.STALLS_L1D_PENDING'/uk,cpu/period=0x7a12f,event=0x3c,umask=0x1,name='CPU_CLK_UNHALTED.REF_XCLK'/uk,cpu/period=0x7a12f,event=0x3c,umask=0x2,name='CPU_CLK_UNHALTED.ONE_THREAD_ACTIVE'/uk,cpu/period=0x98968f,event=0xa3,umask=0x4,cmask=0x4,name='CYCLE_ACTIVITY.CYCLES_NO_EXECUTE'/uk,cpu/period=0x98968f,event=0xa3,umask=0x6,cmask=0x6,name='CYCLE_ACTIVITY.STALLS_LDM_PENDING'/uk,cpu/period=0x98968f,event=0xa3,umask=0x5,cmask=0x5,name='CYCLE_ACTIVITY.STALLS_L2_PENDING'/uk,cpu/period=0x98968f,event=0x9c,umask=0x1,name='IDQ_UOPS_NOT_DELIVERED.CORE'/uk,cpu/period=0x98968f,event=0xd,umask=0x3,cmask=0x1,name='INT_MISC.RECOVERY_CYCLES'/uk,cpu/period=0x3d09f,event=0xd1,umask=0x4,name='MEM_LOAD_UOPS_RETIRED.L3_HIT_PS'/ukpp,cpu/period=0x3d09f,event=0xd1,umask=0x20,name='MEM_LOAD_UOPS_RETIRED.L3_MISS_PS'/ukpp,cpu/period=0x98968f,event=0x60,umask=0x8,cmask=0x1,name='OFFCORE_REQUESTS_OUTSTANDING.CYCLES_WITH_DATA_RD'/uk,cpu/period=0x98968f,event=0x60,umask=0x8,cmask=0x6,name='OFFCORE_REQUESTS_OUTSTANDING.ALL_DATA_RD:cmask=6'/uk,cpu/period=0x98968f,event=0xa2,umask=0x8,name='RESOURCE_STALLS.SB'/uk,cpu/period=0x98968f,event=0x5e,umask=0x1,name='RS_EVENTS.EMPTY_CYCLES'/uk,cpu/period=0x98968f,event=0xb1,umask=0x2,cmask=0x1,name='UOPS_EXECUTED.CORE:cmask=1'/uk,cpu/period=0x98968f,event=0xb1,umask=0x2,cmask=0x2,name='UOPS_EXECUTED.CORE:cmask=2'/uk,cpu/period=0x98968f,event=0xb1,umask=0x2,cmask=0x3,name='UOPS_EXECUTED.CORE:cmask=3'/uk,cpu/period=0x98968f,event=0xe,umask=0x1,name='UOPS_ISSUED.ANY'/uk,cpu/period=0x98968f,event=0xc2,umask=0x2,name='UOPS_RETIRED.RETIRE_SLOTS'/uk,cpu/period=0x98968f,event=0x9c,umask=0x1,cmask=0x4,name='IDQ_UOPS_NOT_DELIVERED.CYCLES_0_UOPS_DELIV.CORE'/uk,cpu/period=0x7a12f,event=0xd0,umask=0x81,name='MEM_UOPS_RETIRED.ALL_LOADS_PS'/ukpp,cpu/period=0x7a12f,event=0xd0,umask=0x82,name='MEM_UOPS_RETIRED.ALL_STORES_PS'/ukpp,cpu/period=0x7a12f,event=0xd3,umask=0x1,name='MEM_LOAD_UOPS_L3_MISS_RETIRED.LOCAL_DRAM_PS'/ukpp,cpu/period=0x7a12f,event=0xd3,umask=0x4,name='MEM_LOAD_UOPS_L3_MISS_RETIRED.REMOTE_DRAM_PS'/ukpp,cpu/period=0x7a12f,event=0xd3,umask=0x10,name='MEM_LOAD_UOPS_L3_MISS_RETIRED.REMOTE_HITM_PS'/ukpp,cpu/period=0x7a12f,event=0xd3,umask=0x20,name='MEM_LOAD_UOPS_L3_MISS_RETIRED.REMOTE_FWD_PS'/ukpp --clockid=monotonic_raw "/home/intel/oneapi/vtune/2021.1.1/bin64/amplxe-perf-sync" dryrun sys
869 [140461649188544] INFO perfrun.perfcollector <> - Monitor: runCmd RC = true
869 [140461679306432] INFO perfrun.launcher <> - plugin [aoclprofile] was disabled because it doesn't support the given collection type.
869 [140461679306432] INFO perfrun.tpss <> - initialize tpss controller
869 [140461679306432] INFO perfrun.launcher <> - plugin [tpss] was disabled because it doesn't support the given collection type.
869 [140461679306432] INFO perfrun.launcher <> - plugin [exprof] was disabled because it doesn't support the given collection type.
869 [140461679306432] INFO perfrun.launcher <> - plugin [ice] was disabled because it doesn't support the given collection type.
869 [140461679306432] INFO perfrun.launcher <> - plugin [] was disabled because it doesn't support the given collection type.
869 [140461679306432] INFO perfrun.launcher <> - plugin [] was disabled because it doesn't support the given collection type.
869 [140461679306432] INFO perfrun.launcher <> - plugin [parallelfs] was disabled because it doesn't support the given collection type.
869 [140461679306432] INFO perfrun.launcher <> - plugin [power] was disabled because it doesn't support the given collection type.
869 [140461679306432] INFO perfrun.launcher <> - plugin [hwloc] was disabled because it doesn't support the given collection type.
869 [140461679306432] INFO perfrun.launcher <> - plugin [ipmwatch] was disabled because it doesn't support the given collection type.
869 [140461679306432] INFO perfrun.launcher <> - plugin [os_counters] was disabled because it doesn't support the given collection type.
869 [140461835342528] INFO perfrun.launcher <> - set environment variable: LD_LIBRARY_PATH = /home/intel/oneapi/vtune/2021.1.1/lib32/runtime:/home/intel/oneapi/vtune/2021.1.1/lib64/runtime
869 [140461835342528] INFO perfrun.launcher <> - set environment variable: INTEL_LIBITTNOTIFY32 = /home/intel/oneapi/vtune/2021.1.1/lib32/runtime/libittnotify_collector.so
869 [140461835342528] INFO perfrun.launcher <> - set environment variable: INTEL_LIBITTNOTIFY64 = /home/intel/oneapi/vtune/2021.1.1/lib64/runtime/libittnotify_collector.so
869 [140461835342528] INFO perfrun.launcher <> - set environment variable: INTEL_ITTNOTIFY_GROUPS = 
869 [140461835342528] INFO perfrun.launcher <> - set environment variable: INTEL_JIT_PROFILER32 = /home/intel/oneapi/vtune/2021.1.1/lib32/runtime/libittnotify_collector.so
869 [140461835342528] INFO perfrun.launcher <> - set environment variable: INTEL_JIT_PROFILER64 = /home/intel/oneapi/vtune/2021.1.1/lib64/runtime/libittnotify_collector.so
869 [140461835342528] INFO perfrun.launcher <> - set environment variable: VS_PROFILER = libittnotify_collector.so
869 [140461835342528] INFO perfrun.launcher <> - set environment variable: OMP_TOOL_LIBRARIES = /home/intel/oneapi/vtune/2021.1.1/lib32/runtime/libittnotify_collector.so:/home/intel/oneapi/vtune/2021.1.1/lib64/runtime/libittnotify_collector.so
869 [140461835342528] INFO perfrun.launcher <> - set environment variable: ENABLE_JITPROFILING = 1
869 [140461835342528] INFO perfrun.launcher <> - set environment variable: CL_CONFIG_USE_VTUNE = True
869 [140461835342528] INFO perfrun.launcher <> - set environment variable: INTEL_MRTE_DATA_DIR = /tmp/amplxe-tmp-phffleck/amplxe-res-1022884-57037543828959926/data.0
869 [140461835342528] INFO perfrun.launcher <> - set environment variable: INTEL_MRTE_HOST_NAME = hype1
869 [140461835342528] INFO perfrun.launcher <> - set environment variable: JAVA_TOOL_OPTIONS = -agentlib:amplxe_samplingmrte_javaprof_1.0 -Dsun.boot.library.path=/home/intel/oneapi/vtune/2021.1.1/lib32/runtime:/home/intel/oneapi/vtune/2021.1.1/lib64/runtime
870 [140461835342528] INFO perfrun.launcher <> - set environment variable: CORECLR_ENABLE_PROFILING = 1
870 [140461835342528] INFO perfrun.launcher <> - set environment variable: CORECLR_PROFILER = {AA5E4821-E3B1-479c-B7FF-5AD047D22CED}
870 [140461835342528] INFO perfrun.launcher <> - set environment variable: CORECLR_PROFILER_PATH = /home/intel/oneapi/vtune/2021.1.1/lib64/libamplxe_samplingmrte_clrprof_1.0.so
870 [140461835342528] INFO perfrun.launcher <> - set environment variable: INTEL_MRTE_PROFILER_MODE = mixed
870 [140461835342528] INFO perfrun.launcher <> - RpcServer: run RPC server to handle requests
873 [140461835342528] INFO perfrun.launcher <> - Launcher: command line to start before modification = /home/users/phffleck/trabalho-1-openmp/ga_seq_paralelizado/ga_seq_paralelizado 4000 2000 500 0.0005 42
873 [140461835342528] INFO perfrun.launcher <> - Launcher: command line to start after modification = /home/users/phffleck/trabalho-1-openmp/ga_seq_paralelizado/ga_seq_paralelizado 4000 2000 500 0.0005 42
873 [140461835342528] INFO perfrun.launcher <> - ProcessCreator object was created
873 [140461835342528] INFO perfrun.launcher <> - Launcher: the process was started in suspend mode
873 [140461679306432] INFO perfrun.launcher <> - Messenger::say: Peak bandwidth measurement started.
6356 [140461679306432] INFO perfrun.launcher <> - Messenger::say: Peak bandwidth measurement finished.
6360 [140461679306432] WARN perfrun.system <> - Could not do anything with /sys/kernel/debug/kvm: boost::filesystem::status: Permission denied: "/sys/kernel/debug/kvm", at file: vcs/perfrun1/plugins/system/src/trace_writer.cpp:796
6360 [140461679306432] WARN perfrun.system <> - Folder "/var/run/libvirt/qemu/"doesn't exist, at file: vcs/perfrun1/plugins/system/src/trace_writer.cpp:809
6399 [140461679306432] WARN perfrun.sdk <> - Failed to find xl binary on any of the system paths: /bin, /sbin, /usr/bin, /usr/sbin., at file: vcs/perfrun1/sdk/src/utils.cpp:197
6399 [140461679306432] WARN perfrun.system <> - Could not start ContainerMapping collector, at file: vcs/perfrun1/plugins/system/src/controller.cpp:468
6433 [140461679306432] INFO perfrun.vdso <> - Helper runtool '/home/intel/oneapi/vtune/2021.1.1/bin32/amplxe-runss -dump-vdso -r /tmp/amplxe-tmp-phffleck/amplxe-res-1022884-57037543828959926 --tmp-dir /tmp/amplxe-tmp-phffleck' returned 1
6524 [140461679306432] INFO perfrun.vdso <> - Helper runtool '/home/intel/oneapi/vtune/2021.1.1/bin64/amplxe-runss -dump-vdso -r /tmp/amplxe-tmp-phffleck/amplxe-res-1022884-57037543828959926 --tmp-dir /tmp/amplxe-tmp-phffleck' returned 0
6524 [140461679306432] INFO perfrun.itt <> - start itt controller for pid #1022928
6525 [140460337125056] WARN perfrun.perfcollector <> - Perf stat trace pipe capacity: read = 1048576, write = 1048576, at file: vcs/perfrun1/plugins/perfcollector/src/profiler.cpp:763
6525 [140460337125056] INFO perfrun.perfcollector <> - Path to Perf control pipe: /tmp/amplxe-tmp-phffleck/perf-pipe-1022884-57037558690898675
6526 [140460337125056] INFO perfrun.sdk <> - runCmd: "/home/intel/oneapi/vtune/2021.1.1/bin64/amplxe-perf" stat -v --log-fd 22 --pipe "/tmp/amplxe-tmp-phffleck/perf-pipe-1022884-57037558690898675" --pipe-sync -I 10 -A --scale -x ; -a -e uncore_imc_0/period=0x0,event=0x4,umask=0x3,name='UNC_M_CAS_COUNT.RD[UNIT0]'/,uncore_imc_1/period=0x0,event=0x4,umask=0x3,name='UNC_M_CAS_COUNT.RD[UNIT1]'/,uncore_imc_4/period=0x0,event=0x4,umask=0x3,name='UNC_M_CAS_COUNT.RD[UNIT4]'/,uncore_imc_5/period=0x0,event=0x4,umask=0x3,name='UNC_M_CAS_COUNT.RD[UNIT5]'/,uncore_imc_0/period=0x0,event=0x4,umask=0xc,name='UNC_M_CAS_COUNT.WR[UNIT0]'/,uncore_imc_1/period=0x0,event=0x4,umask=0xc,name='UNC_M_CAS_COUNT.WR[UNIT1]'/,uncore_imc_4/period=0x0,event=0x4,umask=0xc,name='UNC_M_CAS_COUNT.WR[UNIT4]'/,uncore_imc_5/period=0x0,event=0x4,umask=0xc,name='UNC_M_CAS_COUNT.WR[UNIT5]'/ "/home/intel/oneapi/vtune/2021.1.1/bin64/amplxe-perf-sync" sync sys
6559 [140460345517760] INFO perfrun.perfcollector <> - Path to Perf control pipe: /tmp/amplxe-tmp-phffleck/perf-pipe-1022884-57037558770732849
6559 [140460345517760] INFO perfrun.sdk <> - runCmd: "/home/intel/oneapi/vtune/2021.1.1/bin64/amplxe-perf" record -v --pipe "/tmp/amplxe-tmp-phffleck/perf-pipe-1022884-57037558770732849" --pipe-sync -o "/tmp/amplxe-tmp-phffleck/amplxe-res-1022884-57037543828959926/data.0/1022928.perf" -N -B -T -R -d -p 1022928 --compression-level=1 --threads -e cpu/period=0xaf79e0,event=0x3c,name='CPU_CLK_UNHALTED.THREAD'/Duk,cpu/period=0xaf79e0,umask=0x3,name='CPU_CLK_UNHALTED.REF_TSC'/Duk,cpu/period=0xaf79e0,event=0xc0,name='INST_RETIRED.ANY'/Duk,cpu/period=0x98968f,event=0xa3,umask=0xc,cmask=0xc,name='CYCLE_ACTIVITY.STALLS_L1D_PENDING'/uk,cpu/period=0x7a12f,event=0x3c,umask=0x1,name='CPU_CLK_UNHALTED.REF_XCLK'/uk,cpu/period=0x7a12f,event=0x3c,umask=0x2,name='CPU_CLK_UNHALTED.ONE_THREAD_ACTIVE'/uk,cpu/period=0x98968f,event=0xa3,umask=0x4,cmask=0x4,name='CYCLE_ACTIVITY.CYCLES_NO_EXECUTE'/uk,cpu/period=0x98968f,event=0xa3,umask=0x6,cmask=0x6,name='CYCLE_ACTIVITY.STALLS_LDM_PENDING'/uk,cpu/period=0x98968f,event=0xa3,umask=0x5,cmask=0x5,name='CYCLE_ACTIVITY.STALLS_L2_PENDING'/uk,cpu/period=0x98968f,event=0x9c,umask=0x1,name='IDQ_UOPS_NOT_DELIVERED.CORE'/uk,cpu/period=0x98968f,event=0xd,umask=0x3,cmask=0x1,name='INT_MISC.RECOVERY_CYCLES'/uk,cpu/period=0x3d09f,event=0xd1,umask=0x4,name='MEM_LOAD_UOPS_RETIRED.L3_HIT_PS'/ukpp,cpu/period=0x3d09f,event=0xd1,umask=0x20,name='MEM_LOAD_UOPS_RETIRED.L3_MISS_PS'/ukpp,cpu/period=0x98968f,event=0x60,umask=0x8,cmask=0x1,name='OFFCORE_REQUESTS_OUTSTANDING.CYCLES_WITH_DATA_RD'/uk,cpu/period=0x98968f,event=0x60,umask=0x8,cmask=0x6,name='OFFCORE_REQUESTS_OUTSTANDING.ALL_DATA_RD:cmask=6'/uk,cpu/period=0x98968f,event=0xa2,umask=0x8,name='RESOURCE_STALLS.SB'/uk,cpu/period=0x98968f,event=0x5e,umask=0x1,name='RS_EVENTS.EMPTY_CYCLES'/uk,cpu/period=0x98968f,event=0xb1,umask=0x2,cmask=0x1,name='UOPS_EXECUTED.CORE:cmask=1'/uk,cpu/period=0x98968f,event=0xb1,umask=0x2,cmask=0x2,name='UOPS_EXECUTED.CORE:cmask=2'/uk,cpu/period=0x98968f,event=0xb1,umask=0x2,cmask=0x3,name='UOPS_EXECUTED.CORE:cmask=3'/uk,cpu/period=0x98968f,event=0xe,umask=0x1,name='UOPS_ISSUED.ANY'/uk,cpu/period=0x98968f,event=0xc2,umask=0x2,name='UOPS_RETIRED.RETIRE_SLOTS'/uk,cpu/period=0x98968f,event=0x9c,umask=0x1,cmask=0x4,name='IDQ_UOPS_NOT_DELIVERED.CYCLES_0_UOPS_DELIV.CORE'/uk,cpu/period=0x7a12f,event=0xd0,umask=0x81,name='MEM_UOPS_RETIRED.ALL_LOADS_PS'/ukpp,cpu/period=0x7a12f,event=0xd0,umask=0x82,name='MEM_UOPS_RETIRED.ALL_STORES_PS'/ukpp,cpu/period=0x7a12f,event=0xd3,umask=0x1,name='MEM_LOAD_UOPS_L3_MISS_RETIRED.LOCAL_DRAM_PS'/ukpp,cpu/period=0x7a12f,event=0xd3,umask=0x4,name='MEM_LOAD_UOPS_L3_MISS_RETIRED.REMOTE_DRAM_PS'/ukpp,cpu/period=0x7a12f,event=0xd3,umask=0x10,name='MEM_LOAD_UOPS_L3_MISS_RETIRED.REMOTE_HITM_PS'/ukpp,cpu/period=0x7a12f,event=0xd3,umask=0x20,name='MEM_LOAD_UOPS_L3_MISS_RETIRED.REMOTE_FWD_PS'/ukpp --clockid=monotonic_raw "/home/intel/oneapi/vtune/2021.1.1/bin64/amplxe-perf-sync" sync sys
6566 [140461632403136] INFO perfrun.perfcollector <> - PERF_STAT : "     0.010390992;CPU0;7360;;UNC_M_CAS_COUNT.RD[UNIT0];10373852;100.00;;"
6566 [140461632403136] INFO perfrun.perfcollector <> - PERF_STAT : "     0.010390992;CPU10;8157;;UNC_M_CAS_COUNT.RD[UNIT0];10300851;100.00;;"
6566 [140461632403136] INFO perfrun.perfcollector <> - PERF_STAT : "     0.010390992;CPU0;6991;;UNC_M_CAS_COUNT.RD[UNIT1];10367404;100.00;;"
6566 [140461632403136] INFO perfrun.perfcollector <> - PERF_STAT : "     0.010390992;CPU10;7538;;UNC_M_CAS_COUNT.RD[UNIT1];10284409;100.00;;"
6566 [140461632403136] INFO perfrun.perfcollector <> - PERF_STAT : "     0.010390992;CPU0;7254;;UNC_M_CAS_COUNT.RD[UNIT4];10360127;100.00;;"
6566 [140461632403136] INFO perfrun.perfcollector <> - PERF_STAT : "     0.010390992;CPU10;8031;;UNC_M_CAS_COUNT.RD[UNIT4];10276021;100.00;;"
6566 [140461632403136] INFO perfrun.perfcollector <> - PERF_STAT : "     0.010390992;CPU0;6828;;UNC_M_CAS_COUNT.RD[UNIT5];10352947;100.00;;"
6566 [140461632403136] INFO perfrun.perfcollector <> - PERF_STAT : "     0.010390992;CPU10;7594;;UNC_M_CAS_COUNT.RD[UNIT5];10268192;100.00;;"
6566 [140461632403136] INFO perfrun.perfcollector <> - PERF_STAT : "     0.010390992;CPU0;2119;;UNC_M_CAS_COUNT.WR[UNIT0];10346911;100.00;;"
6566 [140461632403136] INFO perfrun.perfcollector <> - PERF_STAT : "     0.010390992;CPU10;4818;;UNC_M_CAS_COUNT.WR[UNIT0];10262101;100.00;;"
6566 [140461632403136] INFO perfrun.perfcollector <> - PERF_STAT : "     0.010390992;CPU0;1572;;UNC_M_CAS_COUNT.WR[UNIT1];10338044;100.00;;"
6567 [140461632403136] INFO perfrun.perfcollector <> - PERF_STAT : "     0.010390992;CPU10;4262;;UNC_M_CAS_COUNT.WR[UNIT1];10248928;100.00;;"
6567 [140461632403136] INFO perfrun.perfcollector <> - PERF_STAT : "     0.010390992;CPU0;2040;;UNC_M_CAS_COUNT.WR[UNIT4];10326142;100.00;;"
6567 [140461632403136] INFO perfrun.perfcollector <> - PERF_STAT : "     0.010390992;CPU10;4765;;UNC_M_CAS_COUNT.WR[UNIT4];10235892;100.00;;"
6567 [140461632403136] INFO perfrun.perfcollector <> - PERF_STAT : "     0.010390992;CPU0;1637;;UNC_M_CAS_COUNT.WR[UNIT5];10314152;100.00;;"
6567 [140461632403136] INFO perfrun.perfcollector <> - PERF_STAT : "     0.010390992;CPU10;4216;;UNC_M_CAS_COUNT.WR[UNIT5];10222648;100.00;;"
6576 [140461632403136] INFO perfrun.perfcollector <> - PERF_STAT : "     0.020667787;CPU0;1773;;UNC_M_CAS_COUNT.RD[UNIT0];10273595;100.00;;"
6577 [140461632403136] INFO perfrun.perfcollector <> - PERF_STAT : "     0.020667787;CPU10;1184;;UNC_M_CAS_COUNT.RD[UNIT0];10268700;100.00;;"
6577 [140461632403136] INFO perfrun.perfcollector <> - PERF_STAT : "     0.020667787;CPU0;1135;;UNC_M_CAS_COUNT.RD[UNIT1];10273358;100.00;;"
6577 [140461632403136] INFO perfrun.perfcollector <> - PERF_STAT : "     0.020667787;CPU10;671;;UNC_M_CAS_COUNT.RD[UNIT1];10268569;100.00;;"
6577 [140461632403136] INFO perfrun.perfcollector <> - PERF_STAT : "     0.020667787;CPU0;1693;;UNC_M_CAS_COUNT.RD[UNIT4];10273333;100.00;;"
6577 [140461632403136] INFO perfrun.perfcollector <> - PERF_STAT : "     0.020667787;CPU10;1098;;UNC_M_CAS_COUNT.RD[UNIT4];10268668;100.00;;"
6577 [140461632403136] INFO perfrun.perfcollector <> - PERF_STAT : "     0.020667787;CPU0;1223;;UNC_M_CAS_COUNT.RD[UNIT5];10273596;100.00;;"
6577 [140461632403136] INFO perfrun.perfcollector <> - PERF_STAT : "     0.020667787;CPU10;586;;UNC_M_CAS_COUNT.RD[UNIT5];10268558;100.00;;"
6577 [140461632403136] INFO perfrun.perfcollector <> - PERF_STAT : "     0.020667787;CPU0;866;;UNC_M_CAS_COUNT.WR[UNIT0];10273674;100.00;;"
6577 [140461632403136] INFO perfrun.perfcollector <> - PERF_STAT : "     0.020667787;CPU10;1152;;UNC_M_CAS_COUNT.WR[UNIT0];10268432;100.00;;"
6577 [140461632403136] INFO perfrun.perfcollector <> - PERF_STAT : "     0.020667787;CPU0;358;;UNC_M_CAS_COUNT.WR[UNIT1];10270454;100.00;;"
6577 [140461632403136] INFO perfrun.perfcollector <> - PERF_STAT : "     0.020667787;CPU10;546;;UNC_M_CAS_COUNT.WR[UNIT1];10268388;100.00;;"
6577 [140461632403136] INFO perfrun.perfcollector <> - PERF_STAT : "     0.020667787;CPU0;905;;UNC_M_CAS_COUNT.WR[UNIT4];10270735;100.00;;"
6577 [140461632403136] INFO perfrun.perfcollector <> - PERF_STAT : "     0.020667787;CPU10;1116;;UNC_M_CAS_COUNT.WR[UNIT4];10268387;100.00;;"
6577 [140461632403136] INFO perfrun.perfcollector <> - PERF_STAT : "     0.020667787;CPU0;315;;UNC_M_CAS_COUNT.WR[UNIT5];10270781;100.00;;"
6577 [140461632403136] INFO perfrun.perfcollector <> - PERF_STAT : "     0.020667787;CPU10;582;;UNC_M_CAS_COUNT.WR[UNIT5];10268392;100.00;;"
6587 [140461632403136] INFO perfrun.perfcollector <> - PERF_STAT : "     0.030883559;CPU0;1010;;UNC_M_CAS_COUNT.RD[UNIT0];10219296;100.00;;"
6587 [140461632403136] INFO perfrun.perfcollector <> - PERF_STAT : "     0.030883559;CPU10;917;;UNC_M_CAS_COUNT.RD[UNIT0];10235171;100.00;;"
6587 [140461632403136] INFO perfrun.perfcollector <> - PERF_STAT : "     0.030883559;CPU0;444;;UNC_M_CAS_COUNT.RD[UNIT1];10236266;100.00;;"
6587 [140461632403136] INFO perfrun.perfcollector <> - PERF_STAT : "     0.030883559;CPU10;422;;UNC_M_CAS_COUNT.RD[UNIT1];10235305;100.00;;"
6587 [140461632403136] INFO perfrun.perfcollector <> - PERF_STAT : "     0.030883559;CPU0;997;;UNC_M_CAS_COUNT.RD[UNIT4];10236269;100.00;;"
6587 [140461632403136] INFO perfrun.perfcollector <> - PERF_STAT : "     0.030883559;CPU10;803;;UNC_M_CAS_COUNT.RD[UNIT4];10235154;100.00;;"
6587 [140461632403136] INFO perfrun.perfcollector <> - PERF_STAT : "     0.030883559;CPU0;438;;UNC_M_CAS_COUNT.RD[UNIT5];10236028;100.00;;"
6587 [140461632403136] INFO perfrun.perfcollector <> - PERF_STAT : "     0.030883559;CPU10;362;;UNC_M_CAS_COUNT.RD[UNIT5];10235207;100.00;;"
6587 [140461632403136] INFO perfrun.perfcollector <> - PERF_STAT : "     0.030883559;CPU0;694;;UNC_M_CAS_COUNT.WR[UNIT0];10235873;100.00;;"
6587 [140461632403136] INFO perfrun.perfcollector <> - PERF_STAT : "     0.030883559;CPU10;713;;UNC_M_CAS_COUNT.WR[UNIT0];10235197;100.00;;"
6587 [140461632403136] INFO perfrun.perfcollector <> - PERF_STAT : "     0.030883559;CPU0;152;;UNC_M_CAS_COUNT.WR[UNIT1];10235841;100.00;;"
6587 [140461632403136] INFO perfrun.perfcollector <> - PERF_STAT : "     0.030883559;CPU10;212;;UNC_M_CAS_COUNT.WR[UNIT1];10235168;100.00;;"
6587 [140461632403136] INFO perfrun.perfcollector <> - PERF_STAT : "     0.030883559;CPU0;695;;UNC_M_CAS_COUNT.WR[UNIT4];10235631;100.00;;"
6587 [140461632403136] INFO perfrun.perfcollector <> - PERF_STAT : "     0.030883559;CPU10;715;;UNC_M_CAS_COUNT.WR[UNIT4];10235186;100.00;;"
6587 [140461632403136] INFO perfrun.perfcollector <> - PERF_STAT : "     0.030883559;CPU0;168;;UNC_M_CAS_COUNT.WR[UNIT5];10235564;100.00;;"
6587 [140461632403136] INFO perfrun.perfcollector <> - PERF_STAT : "     0.030883559;CPU10;187;;UNC_M_CAS_COUNT.WR[UNIT5];10235148;100.00;;"
6597 [140461632403136] INFO perfrun.perfcollector <> - PERF_STAT : "     0.041139065;CPU0;2434;;UNC_M_CAS_COUNT.RD[UNIT0];10253075;100.00;;"
6597 [140461632403136] INFO perfrun.perfcollector <> - PERF_STAT : "     0.041139065;CPU10;5104;;UNC_M_CAS_COUNT.RD[UNIT0];10235831;100.00;;"
6597 [140461632403136] INFO perfrun.perfcollector <> - PERF_STAT : "     0.041139065;CPU0;1973;;UNC_M_CAS_COUNT.RD[UNIT1];10235982;100.00;;"
6597 [140461632403136] INFO perfrun.perfcollector <> - PERF_STAT : "     0.041139065;CPU10;4526;;UNC_M_CAS_COUNT.RD[UNIT1];10235588;100.00;;"
6597 [140461632403136] INFO perfrun.perfcollector <> - PERF_STAT : "     0.041139065;CPU0;2465;;UNC_M_CAS_COUNT.RD[UNIT4];10235976;100.00;;"
6597 [140461632403136] INFO perfrun.perfcollector <> - PERF_STAT : "     0.041139065;CPU10;4978;;UNC_M_CAS_COUNT.RD[UNIT4];10235698;100.00;;"
6597 [140461632403136] INFO perfrun.perfcollector <> - PERF_STAT : "     0.041139065;CPU0;1912;;UNC_M_CAS_COUNT.RD[UNIT5];10235896;100.00;;"
6597 [140461632403136] INFO perfrun.perfcollector <> - PERF_STAT : "     0.041139065;CPU10;4581;;UNC_M_CAS_COUNT.RD[UNIT5];10235623;100.00;;"
6597 [140461632403136] INFO perfrun.perfcollector <> - PERF_STAT : "     0.041139065;CPU0;1590;;UNC_M_CAS_COUNT.WR[UNIT0];10235897;100.00;;"
6597 [140461632403136] INFO perfrun.perfcollector <> - PERF_STAT : "     0.041139065;CPU10;1430;;UNC_M_CAS_COUNT.WR[UNIT0];10235501;100.00;;"
6597 [140461632403136] INFO perfrun.perfcollector <> - PERF_STAT : "     0.041139065;CPU0;1105;;UNC_M_CAS_COUNT.WR[UNIT1];10235888;100.00;;"
6597 [140461632403136] INFO perfrun.perfcollector <> - PERF_STAT : "     0.041139065;CPU10;944;;UNC_M_CAS_COUNT.WR[UNIT1];10235488;100.00;;"
6597 [140461632403136] INFO perfrun.perfcollector <> - PERF_STAT : "     0.041139065;CPU0;1654;;UNC_M_CAS_COUNT.WR[UNIT4];10236002;100.00;;"
6597 [140461632403136] INFO perfrun.perfcollector <> - PERF_STAT : "     0.041139065;CPU10;1446;;UNC_M_CAS_COUNT.WR[UNIT4];10235420;100.00;;"
6597 [140461632403136] INFO perfrun.perfcollector <> - PERF_STAT : "     0.041139065;CPU0;1076;;UNC_M_CAS_COUNT.WR[UNIT5];10235980;100.00;;"
6597 [140461632403136] INFO perfrun.perfcollector <> - PERF_STAT : "     0.041139065;CPU10;982;;UNC_M_CAS_COUNT.WR[UNIT5];10235388;100.00;;"
6607 [140461632403136] INFO perfrun.perfcollector <> - PERF_STAT : "     0.051375870;CPU0;1644;;UNC_M_CAS_COUNT.RD[UNIT0];10236135;100.00;;"
6607 [140461632403136] INFO perfrun.perfcollector <> - PERF_STAT : "     0.051375870;CPU10;6279;;UNC_M_CAS_COUNT.RD[UNIT0];10236133;100.00;;"
6607 [140461632403136] INFO perfrun.perfcollector <> - PERF_STAT : "     0.051375870;CPU0;1051;;UNC_M_CAS_COUNT.RD[UNIT1];10236081;100.00;;"
6607 [140461632403136] INFO perfrun.perfcollector <> - PERF_STAT : "     0.051375870;CPU10;5689;;UNC_M_CAS_COUNT.RD[UNIT1];10236139;100.00;;"
6607 [140461632403136] INFO perfrun.perfcollector <> - PERF_STAT : "     0.051375870;CPU0;1532;;UNC_M_CAS_COUNT.RD[UNIT4];10236133;100.00;;"
6607 [140461632403136] INFO perfrun.perfcollector <> - PERF_STAT : "     0.051375870;CPU10;6087;;UNC_M_CAS_COUNT.RD[UNIT4];10236006;100.00;;"
6607 [140461632403136] INFO perfrun.perfcollector <> - PERF_STAT : "     0.051375870;CPU0;1109;;UNC_M_CAS_COUNT.RD[UNIT5];10236145;100.00;;"
6607 [140461632403136] INFO perfrun.perfcollector <> - PERF_STAT : "     0.051375870;CPU10;5671;;UNC_M_CAS_COUNT.RD[UNIT5];10235991;100.00;;"
6607 [140461632403136] INFO perfrun.perfcollector <> - PERF_STAT : "     0.051375870;CPU0;2059;;UNC_M_CAS_COUNT.WR[UNIT0];10236227;100.00;;"
6607 [140461632403136] INFO perfrun.perfcollector <> - PERF_STAT : "     0.051375870;CPU10;1396;;UNC_M_CAS_COUNT.WR[UNIT0];10236180;100.00;;"
6607 [140461632403136] INFO perfrun.perfcollector <> - PERF_STAT : "     0.051375870;CPU0;1420;;UNC_M_CAS_COUNT.WR[UNIT1];10236187;100.00;;"
6607 [140461632403136] INFO perfrun.perfcollector <> - PERF_STAT : "     0.051375870;CPU10;870;;UNC_M_CAS_COUNT.WR[UNIT1];10236217;100.00;;"
6607 [140461632403136] INFO perfrun.perfcollector <> - PERF_STAT : "     0.051375870;CPU0;1935;;UNC_M_CAS_COUNT.WR[UNIT4];10236038;100.00;;"
6607 [140461632403136] INFO perfrun.perfcollector <> - PERF_STAT : "     0.051375870;CPU10;1422;;UNC_M_CAS_COUNT.WR[UNIT4];10236204;100.00;;"
6607 [140461632403136] INFO perfrun.perfcollector <> - PERF_STAT : "     0.051375870;CPU0;1424;;UNC_M_CAS_COUNT.WR[UNIT5];10236033;100.00;;"
6607 [140461632403136] INFO perfrun.perfcollector <> - PERF_STAT : "     0.051375870;CPU10;835;;UNC_M_CAS_COUNT.WR[UNIT5];10236203;100.00;;"
6617 [140461632403136] INFO perfrun.perfcollector <> - PERF_STAT : "     0.061611029;CPU0;1398;;UNC_M_CAS_COUNT.RD[UNIT0];10235844;100.00;;"
6617 [140461632403136] INFO perfrun.perfcollector <> - PERF_STAT : "     0.061611029;CPU10;6982;;UNC_M_CAS_COUNT.RD[UNIT0];10235201;100.00;;"
6617 [140461632403136] INFO perfrun.perfcollector <> - PERF_STAT : "     0.061611029;CPU0;905;;UNC_M_CAS_COUNT.RD[UNIT1];10235770;100.00;;"
6617 [140461632403136] INFO perfrun.perfcollector <> - PERF_STAT : "     0.061611029;CPU10;6502;;UNC_M_CAS_COUNT.RD[UNIT1];10235229;100.00;;"
6617 [140461632403136] INFO perfrun.perfcollector <> - PERF_STAT : "     0.061611029;CPU0;1348;;UNC_M_CAS_COUNT.RD[UNIT4];10235708;100.00;;"
6617 [140461632403136] INFO perfrun.perfcollector <> - PERF_STAT : "     0.061611029;CPU10;6839;;UNC_M_CAS_COUNT.RD[UNIT4];10235208;100.00;;"
6618 [140461632403136] INFO perfrun.perfcollector <> - PERF_STAT : "     0.061611029;CPU0;854;;UNC_M_CAS_COUNT.RD[UNIT5];10235678;100.00;;"
6618 [140461632403136] INFO perfrun.perfcollector <> - PERF_STAT : "     0.061611029;CPU10;6422;;UNC_M_CAS_COUNT.RD[UNIT5];10235190;100.00;;"
6618 [140461632403136] INFO perfrun.perfcollector <> - PERF_STAT : "     0.061611029;CPU0;2068;;UNC_M_CAS_COUNT.WR[UNIT0];10235589;100.00;;"
6618 [140461632403136] INFO perfrun.perfcollector <> - PERF_STAT : "     0.061611029;CPU10;1444;;UNC_M_CAS_COUNT.WR[UNIT0];10235078;100.00;;"
6618 [140461632403136] INFO perfrun.perfcollector <> - PERF_STAT : "     0.061611029;CPU0;1565;;UNC_M_CAS_COUNT.WR[UNIT1];10235577;100.00;;"
6618 [140461632403136] INFO perfrun.perfcollector <> - PERF_STAT : "     0.061611029;CPU10;946;;UNC_M_CAS_COUNT.WR[UNIT1];10235022;100.00;;"
6618 [140461632403136] INFO perfrun.perfcollector <> - PERF_STAT : "     0.061611029;CPU0;2160;;UNC_M_CAS_COUNT.WR[UNIT4];10235572;100.00;;"
6618 [140461632403136] INFO perfrun.perfcollector <> - PERF_STAT : "     0.061611029;CPU10;1463;;UNC_M_CAS_COUNT.WR[UNIT4];10235009;100.00;;"
6618 [140461632403136] INFO perfrun.perfcollector <> - PERF_STAT : "     0.061611029;CPU0;1629;;UNC_M_CAS_COUNT.WR[UNIT5];10235548;100.00;;"
6618 [140461632403136] INFO perfrun.perfcollector <> - PERF_STAT : "     0.061611029;CPU10;941;;UNC_M_CAS_COUNT.WR[UNIT5];10235046;100.00;;"
6628 [140461632403136] INFO perfrun.perfcollector <> - PERF_STAT : "     0.071845055;CPU0;1887;;UNC_M_CAS_COUNT.RD[UNIT0];10233826;100.00;;"
6628 [140461632403136] INFO perfrun.perfcollector <> - PERF_STAT : "     0.071845055;CPU10;3066;;UNC_M_CAS_COUNT.RD[UNIT0];10233933;100.00;;"
6628 [140461632403136] INFO perfrun.perfcollector <> - PERF_STAT : "     0.071845055;CPU0;1353;;UNC_M_CAS_COUNT.RD[UNIT1];10233992;100.00;;"
6628 [140461632403136] INFO perfrun.perfcollector <> - PERF_STAT : "     0.071845055;CPU10;2594;;UNC_M_CAS_COUNT.RD[UNIT1];10233963;100.00;;"
6628 [140461632403136] INFO perfrun.perfcollector <> - PERF_STAT : "     0.071845055;CPU0;1802;;UNC_M_CAS_COUNT.RD[UNIT4];10233984;100.00;;"
6628 [140461632403136] INFO perfrun.perfcollector <> - PERF_STAT : "     0.071845055;CPU10;3032;;UNC_M_CAS_COUNT.RD[UNIT4];10234118;100.00;;"
6628 [140461632403136] INFO perfrun.perfcollector <> - PERF_STAT : "     0.071845055;CPU0;1333;;UNC_M_CAS_COUNT.RD[UNIT5];10233953;100.00;;"
6628 [140461632403136] INFO perfrun.perfcollector <> - PERF_STAT : "     0.071845055;CPU10;2493;;UNC_M_CAS_COUNT.RD[UNIT5];10234246;100.00;;"
6628 [140461632403136] INFO perfrun.perfcollector <> - PERF_STAT : "     0.071845055;CPU0;1510;;UNC_M_CAS_COUNT.WR[UNIT0];10233913;100.00;;"
6628 [140461632403136] INFO perfrun.perfcollector <> - PERF_STAT : "     0.071845055;CPU10;1026;;UNC_M_CAS_COUNT.WR[UNIT0];10234253;100.00;;"
6628 [140461632403136] INFO perfrun.perfcollector <> - PERF_STAT : "     0.071845055;CPU0;972;;UNC_M_CAS_COUNT.WR[UNIT1];10233890;100.00;;"
6628 [140461632403136] INFO perfrun.perfcollector <> - PERF_STAT : "     0.071845055;CPU10;491;;UNC_M_CAS_COUNT.WR[UNIT1];10234506;100.00;;"
6628 [140461632403136] INFO perfrun.perfcollector <> - PERF_STAT : "     0.071845055;CPU0;1416;;UNC_M_CAS_COUNT.WR[UNIT4];10233948;100.00;;"
6628 [140461632403136] INFO perfrun.perfcollector <> - PERF_STAT : "     0.071845055;CPU10;1029;;UNC_M_CAS_COUNT.WR[UNIT4];10234507;100.00;;"
6628 [140461632403136] INFO perfrun.perfcollector <> - PERF_STAT : "     0.071845055;CPU0;939;;UNC_M_CAS_COUNT.WR[UNIT5];10233940;100.00;;"
6628 [140461632403136] INFO perfrun.perfcollector <> - PERF_STAT : "     0.071845055;CPU10;471;;UNC_M_CAS_COUNT.WR[UNIT5];10234476;100.00;;"
6638 [140461632403136] INFO perfrun.perfcollector <> - PERF_STAT : "     0.082078903;CPU0;2227;;UNC_M_CAS_COUNT.RD[UNIT0];10231913;100.00;;"
6638 [140461632403136] INFO perfrun.perfcollector <> - PERF_STAT : "     0.082078903;CPU10;872;;UNC_M_CAS_COUNT.RD[UNIT0];10231678;100.00;;"
6638 [140461632403136] INFO perfrun.perfcollector <> - PERF_STAT : "     0.082078903;CPU0;1667;;UNC_M_CAS_COUNT.RD[UNIT1];10231646;100.00;;"
6638 [140461632403136] INFO perfrun.perfcollector <> - PERF_STAT : "     0.082078903;CPU10;350;;UNC_M_CAS_COUNT.RD[UNIT1];10231596;100.00;;"
6638 [140461632403136] INFO perfrun.perfcollector <> - PERF_STAT : "     0.082078903;CPU0;2201;;UNC_M_CAS_COUNT.RD[UNIT4];10231706;100.00;;"
6638 [140461632403136] INFO perfrun.perfcollector <> - PERF_STAT : "     0.082078903;CPU10;769;;UNC_M_CAS_COUNT.RD[UNIT4];10231561;100.00;;"
6638 [140461632403136] INFO perfrun.perfcollector <> - PERF_STAT : "     0.082078903;CPU0;1685;;UNC_M_CAS_COUNT.RD[UNIT5];10231804;100.00;;"
6638 [140461632403136] INFO perfrun.perfcollector <> - PERF_STAT : "     0.082078903;CPU10;318;;UNC_M_CAS_COUNT.RD[UNIT5];10231530;100.00;;"
6638 [140461632403136] INFO perfrun.perfcollector <> - PERF_STAT : "     0.082078903;CPU0;984;;UNC_M_CAS_COUNT.WR[UNIT0];10231797;100.00;;"
6638 [140461632403136] INFO perfrun.perfcollector <> - PERF_STAT : "     0.082078903;CPU10;807;;UNC_M_CAS_COUNT.WR[UNIT0];10231662;100.00;;"
6638 [140461632403136] INFO perfrun.perfcollector <> - PERF_STAT : "     0.082078903;CPU0;426;;UNC_M_CAS_COUNT.WR[UNIT1];10231818;100.00;;"
6638 [140461632403136] INFO perfrun.perfcollector <> - PERF_STAT : "     0.082078903;CPU10;255;;UNC_M_CAS_COUNT.WR[UNIT1];10231399;100.00;;"
6638 [140461632403136] INFO perfrun.perfcollector <> - PERF_STAT : "     0.082078903;CPU0;971;;UNC_M_CAS_COUNT.WR[UNIT4];10231790;100.00;;"
6638 [140461632403136] INFO perfrun.perfcollector <> - PERF_STAT : "     0.082078903;CPU10;827;;UNC_M_CAS_COUNT.WR[UNIT4];10231398;100.00;;"
6638 [140461632403136] INFO perfrun.perfcollector <> - PERF_STAT : "     0.082078903;CPU0;436;;UNC_M_CAS_COUNT.WR[UNIT5];10231784;100.00;;"
6638 [140461632403136] INFO perfrun.perfcollector <> - PERF_STAT : "     0.082078903;CPU10;246;;UNC_M_CAS_COUNT.WR[UNIT5];10231385;100.00;;"
6648 [140461632403136] INFO perfrun.perfcollector <> - PERF_STAT : "     0.092314106;CPU0;1688;;UNC_M_CAS_COUNT.RD[UNIT0];10238273;100.00;;"
6648 [140461632403136] INFO perfrun.perfcollector <> - PERF_STAT : "     0.092314106;CPU10;898;;UNC_M_CAS_COUNT.RD[UNIT0];10237864;100.00;;"
6648 [140461632403136] INFO perfrun.perfcollector <> - PERF_STAT : "     0.092314106;CPU0;1132;;UNC_M_CAS_COUNT.RD[UNIT1];10238271;100.00;;"
6648 [140461632403136] INFO perfrun.perfcollector <> - PERF_STAT : "     0.092314106;CPU10;373;;UNC_M_CAS_COUNT.RD[UNIT1];10238024;100.00;;"
6648 [140461632403136] INFO perfrun.perfcollector <> - PERF_STAT : "     0.092314106;CPU0;1632;;UNC_M_CAS_COUNT.RD[UNIT4];10238247;100.00;;"
6648 [140461632403136] INFO perfrun.perfcollector <> - PERF_STAT : "     0.092314106;CPU10;778;;UNC_M_CAS_COUNT.RD[UNIT4];10237952;100.00;;"
6648 [140461632403136] INFO perfrun.perfcollector <> - PERF_STAT : "     0.092314106;CPU0;1125;;UNC_M_CAS_COUNT.RD[UNIT5];10238146;100.00;;"
6648 [140461632403136] INFO perfrun.perfcollector <> - PERF_STAT : "     0.092314106;CPU10;333;;UNC_M_CAS_COUNT.RD[UNIT5];10237834;100.00;;"
6648 [140461632403136] INFO perfrun.perfcollector <> - PERF_STAT : "     0.092314106;CPU0;772;;UNC_M_CAS_COUNT.WR[UNIT0];10238220;100.00;;"
6648 [140461632403136] INFO perfrun.perfcollector <> - PERF_STAT : "     0.092314106;CPU10;770;;UNC_M_CAS_COUNT.WR[UNIT0];10237692;100.00;;"
6648 [140461632403136] INFO perfrun.perfcollector <> - PERF_STAT : "     0.092314106;CPU0;268;;UNC_M_CAS_COUNT.WR[UNIT1];10238197;100.00;;"
6648 [140461632403136] INFO perfrun.perfcollector <> - PERF_STAT : "     0.092314106;CPU10;249;;UNC_M_CAS_COUNT.WR[UNIT1];10237683;100.00;;"
6648 [140461632403136] INFO perfrun.perfcollector <> - PERF_STAT : "     0.092314106;CPU0;775;;UNC_M_CAS_COUNT.WR[UNIT4];10238136;100.00;;"
6648 [140461632403136] INFO perfrun.perfcollector <> - PERF_STAT : "     0.092314106;CPU10;715;;UNC_M_CAS_COUNT.WR[UNIT4];10237677;100.00;;"
6648 [140461632403136] INFO perfrun.perfcollector <> - PERF_STAT : "     0.092314106;CPU0;242;;UNC_M_CAS_COUNT.WR[UNIT5];10238131;100.00;;"
6648 [140461632403136] INFO perfrun.perfcollector <> - PERF_STAT : "     0.092314106;CPU10;217;;UNC_M_CAS_COUNT.WR[UNIT5];10237668;100.00;;"
6658 [140461632403136] INFO perfrun.perfcollector <> - PERF_STAT : "     0.102545614;CPU0;2149;;UNC_M_CAS_COUNT.RD[UNIT0];10230677;100.00;;"
6658 [140461632403136] INFO perfrun.perfcollector <> - PERF_STAT : "     0.102545614;CPU10;746;;UNC_M_CAS_COUNT.RD[UNIT0];10232007;100.00;;"
6658 [140461632403136] INFO perfrun.perfcollector <> - PERF_STAT : "     0.102545614;CPU0;1396;;UNC_M_CAS_COUNT.RD[UNIT1];10230714;100.00;;"
6658 [140461632403136] INFO perfrun.perfcollector <> - PERF_STAT : "     0.102545614;CPU10;198;;UNC_M_CAS_COUNT.RD[UNIT1];10239980;100.00;;"
6658 [140461632403136] INFO perfrun.perfcollector <> - PERF_STAT : "     0.102545614;CPU0;2110;;UNC_M_CAS_COUNT.RD[UNIT4];10230678;100.00;;"
6658 [140461632403136] INFO perfrun.perfcollector <> - PERF_STAT : "     0.102545614;CPU10;698;;UNC_M_CAS_COUNT.RD[UNIT4];10239942;100.00;;"
6658 [140461632403136] INFO perfrun.perfcollector <> - PERF_STAT : "     0.102545614;CPU0;1363;;UNC_M_CAS_COUNT.RD[UNIT5];10230673;100.00;;"
6658 [140461632403136] INFO perfrun.perfcollector <> - PERF_STAT : "     0.102545614;CPU10;192;;UNC_M_CAS_COUNT.RD[UNIT5];10239999;100.00;;"
6658 [140461632403136] INFO perfrun.perfcollector <> - PERF_STAT : "     0.102545614;CPU0;802;;UNC_M_CAS_COUNT.WR[UNIT0];10230757;100.00;;"
6658 [140461632403136] INFO perfrun.perfcollector <> - PERF_STAT : "     0.102545614;CPU10;661;;UNC_M_CAS_COUNT.WR[UNIT0];10239923;100.00;;"
6659 [140461632403136] INFO perfrun.perfcollector <> - PERF_STAT : "     0.102545614;CPU0;254;;UNC_M_CAS_COUNT.WR[UNIT1];10230821;100.00;;"
6659 [140461632403136] INFO perfrun.perfcollector <> - PERF_STAT : "     0.102545614;CPU10;138;;UNC_M_CAS_COUNT.WR[UNIT1];10240033;100.00;;"
6659 [140461632403136] INFO perfrun.perfcollector <> - PERF_STAT : "     0.102545614;CPU0;764;;UNC_M_CAS_COUNT.WR[UNIT4];10230821;100.00;;"
6659 [140461632403136] INFO perfrun.perfcollector <> - PERF_STAT : "     0.102545614;CPU10;682;;UNC_M_CAS_COUNT.WR[UNIT4];10240034;100.00;;"
6659 [140461632403136] INFO perfrun.perfcollector <> - PERF_STAT : "     0.102545614;CPU0;195;;UNC_M_CAS_COUNT.WR[UNIT5];10230837;100.00;;"
6659 [140461632403136] INFO perfrun.perfcollector <> - PERF_STAT : "     0.102545614;CPU10;144;;UNC_M_CAS_COUNT.WR[UNIT5];10240160;100.00;;"
6669 [140461632403136] INFO perfrun.perfcollector <> - PERF_STAT : "     0.112790711;CPU0;1051;;UNC_M_CAS_COUNT.RD[UNIT0];10245062;100.00;;"
6669 [140461632403136] INFO perfrun.perfcollector <> - PERF_STAT : "     0.112790711;CPU10;879;;UNC_M_CAS_COUNT.RD[UNIT0];10244433;100.00;;"
6669 [140461632403136] INFO perfrun.perfcollector <> - PERF_STAT : "     0.112790711;CPU0;492;;UNC_M_CAS_COUNT.RD[UNIT1];10245153;100.00;;"
6669 [140461632403136] INFO perfrun.perfcollector <> - PERF_STAT : "     0.112790711;CPU10;363;;UNC_M_CAS_COUNT.RD[UNIT1];10236383;100.00;;"
6669 [140461632403136] INFO perfrun.perfcollector <> - PERF_STAT : "     0.112790711;CPU0;992;;UNC_M_CAS_COUNT.RD[UNIT4];10245075;100.00;;"
6669 [140461632403136] INFO perfrun.perfcollector <> - PERF_STAT : "     0.112790711;CPU10;755;;UNC_M_CAS_COUNT.RD[UNIT4];10236596;100.00;;"
6669 [140461632403136] INFO perfrun.perfcollector <> - PERF_STAT : "     0.112790711;CPU0;467;;UNC_M_CAS_COUNT.RD[UNIT5];10245081;100.00;;"
6669 [140461632403136] INFO perfrun.perfcollector <> - PERF_STAT : "     0.112790711;CPU10;374;;UNC_M_CAS_COUNT.RD[UNIT5];10236557;100.00;;"
6669 [140461632403136] INFO perfrun.perfcollector <> - PERF_STAT : "     0.112790711;CPU0;649;;UNC_M_CAS_COUNT.WR[UNIT0];10244912;100.00;;"
6669 [140461632403136] INFO perfrun.perfcollector <> - PERF_STAT : "     0.112790711;CPU10;639;;UNC_M_CAS_COUNT.WR[UNIT0];10236646;100.00;;"
6669 [140461632403136] INFO perfrun.perfcollector <> - PERF_STAT : "     0.112790711;CPU0;123;;UNC_M_CAS_COUNT.WR[UNIT1];10244847;100.00;;"
6669 [140461632403136] INFO perfrun.perfcollector <> - PERF_STAT : "     0.112790711;CPU10;108;;UNC_M_CAS_COUNT.WR[UNIT1];10236567;100.00;;"
6669 [140461632403136] INFO perfrun.perfcollector <> - PERF_STAT : "     0.112790711;CPU0;651;;UNC_M_CAS_COUNT.WR[UNIT4];10244866;100.00;;"
6669 [140461632403136] INFO perfrun.perfcollector <> - PERF_STAT : "     0.112790711;CPU10;626;;UNC_M_CAS_COUNT.WR[UNIT4];10236561;100.00;;"
6669 [140461632403136] INFO perfrun.perfcollector <> - PERF_STAT : "     0.112790711;CPU0;109;;UNC_M_CAS_COUNT.WR[UNIT5];10244845;100.00;;"
6669 [140461632403136] INFO perfrun.perfcollector <> - PERF_STAT : "     0.112790711;CPU10;109;;UNC_M_CAS_COUNT.WR[UNIT5];10236440;100.00;;"
6679 [140461632403136] INFO perfrun.perfcollector <> - PERF_STAT : "     0.123021865;CPU0;2210;;UNC_M_CAS_COUNT.RD[UNIT0];10231493;100.00;;"
6679 [140461632403136] INFO perfrun.perfcollector <> - PERF_STAT : "     0.123021865;CPU10;671;;UNC_M_CAS_COUNT.RD[UNIT0];10230905;100.00;;"
6679 [140461632403136] INFO perfrun.perfcollector <> - PERF_STAT : "     0.123021865;CPU0;1657;;UNC_M_CAS_COUNT.RD[UNIT1];10231479;100.00;;"
6679 [140461632403136] INFO perfrun.perfcollector <> - PERF_STAT : "     0.123021865;CPU10;147;;UNC_M_CAS_COUNT.RD[UNIT1];10230856;100.00;;"
6679 [140461632403136] INFO perfrun.perfcollector <> - PERF_STAT : "     0.123021865;CPU0;2159;;UNC_M_CAS_COUNT.RD[UNIT4];10231526;100.00;;"
6679 [140461632403136] INFO perfrun.perfcollector <> - PERF_STAT : "     0.123021865;CPU10;645;;UNC_M_CAS_COUNT.RD[UNIT4];10230812;100.00;;"
6679 [140461632403136] INFO perfrun.perfcollector <> - PERF_STAT : "     0.123021865;CPU0;1670;;UNC_M_CAS_COUNT.RD[UNIT5];10231537;100.00;;"
6679 [140461632403136] INFO perfrun.perfcollector <> - PERF_STAT : "     0.123021865;CPU10;136;;UNC_M_CAS_COUNT.RD[UNIT5];10230817;100.00;;"
6679 [140461632403136] INFO perfrun.perfcollector <> - PERF_STAT : "     0.123021865;CPU0;907;;UNC_M_CAS_COUNT.WR[UNIT0];10231547;100.00;;"
6679 [140461632403136] INFO perfrun.perfcollector <> - PERF_STAT : "     0.123021865;CPU10;738;;UNC_M_CAS_COUNT.WR[UNIT0];10230772;100.00;;"
6679 [140461632403136] INFO perfrun.perfcollector <> - PERF_STAT : "     0.123021865;CPU0;393;;UNC_M_CAS_COUNT.WR[UNIT1];10231546;100.00;;"
6679 [140461632403136] INFO perfrun.perfcollector <> - PERF_STAT : "     0.123021865;CPU10;221;;UNC_M_CAS_COUNT.WR[UNIT1];10230879;100.00;;"
6679 [140461632403136] INFO perfrun.perfcollector <> - PERF_STAT : "     0.123021865;CPU0;940;;UNC_M_CAS_COUNT.WR[UNIT4];10231604;100.00;;"
6679 [140461632403136] INFO perfrun.perfcollector <> - PERF_STAT : "     0.123021865;CPU10;748;;UNC_M_CAS_COUNT.WR[UNIT4];10230969;100.00;;"
6679 [140461632403136] INFO perfrun.perfcollector <> - PERF_STAT : "     0.123021865;CPU0;447;;UNC_M_CAS_COUNT.WR[UNIT5];10231613;100.00;;"
6679 [140461632403136] INFO perfrun.perfcollector <> - PERF_STAT : "     0.123021865;CPU10;221;;UNC_M_CAS_COUNT.WR[UNIT5];10231162;100.00;;"
6689 [140461632403136] INFO perfrun.perfcollector <> - PERF_STAT : "     0.133253285;CPU0;2364;;UNC_M_CAS_COUNT.RD[UNIT0];10230119;100.00;;"
6689 [140461632403136] INFO perfrun.perfcollector <> - PERF_STAT : "     0.133253285;CPU10;629;;UNC_M_CAS_COUNT.RD[UNIT0];10230249;100.00;;"
6689 [140461632403136] INFO perfrun.perfcollector <> - PERF_STAT : "     0.133253285;CPU0;1793;;UNC_M_CAS_COUNT.RD[UNIT1];10229992;100.00;;"
6689 [140461632403136] INFO perfrun.perfcollector <> - PERF_STAT : "     0.133253285;CPU10;103;;UNC_M_CAS_COUNT.RD[UNIT1];10230240;100.00;;"
6689 [140461632403136] INFO perfrun.perfcollector <> - PERF_STAT : "     0.133253285;CPU0;2323;;UNC_M_CAS_COUNT.RD[UNIT4];10230116;100.00;;"
6689 [140461632403136] INFO perfrun.perfcollector <> - PERF_STAT : "     0.133253285;CPU10;606;;UNC_M_CAS_COUNT.RD[UNIT4];10230086;100.00;;"
6689 [140461632403136] INFO perfrun.perfcollector <> - PERF_STAT : "     0.133253285;CPU0;1794;;UNC_M_CAS_COUNT.RD[UNIT5];10230169;100.00;;"
6689 [140461632403136] INFO perfrun.perfcollector <> - PERF_STAT : "     0.133253285;CPU10;108;;UNC_M_CAS_COUNT.RD[UNIT5];10230068;100.00;;"
6689 [140461632403136] INFO perfrun.perfcollector <> - PERF_STAT : "     0.133253285;CPU0;921;;UNC_M_CAS_COUNT.WR[UNIT0];10230167;100.00;;"
6689 [140461632403136] INFO perfrun.perfcollector <> - PERF_STAT : "     0.133253285;CPU10;745;;UNC_M_CAS_COUNT.WR[UNIT0];10230091;100.00;;"
6689 [140461632403136] INFO perfrun.perfcollector <> - PERF_STAT : "     0.133253285;CPU0;440;;UNC_M_CAS_COUNT.WR[UNIT1];10230159;100.00;;"
6689 [140461632403136] INFO perfrun.perfcollector <> - PERF_STAT : "     0.133253285;CPU10;245;;UNC_M_CAS_COUNT.WR[UNIT1];10229969;100.00;;"
6689 [140461632403136] INFO perfrun.perfcollector <> - PERF_STAT : "     0.133253285;CPU0;939;;UNC_M_CAS_COUNT.WR[UNIT4];10230085;100.00;;"
6689 [140461632403136] INFO perfrun.perfcollector <> - PERF_STAT : "     0.133253285;CPU10;768;;UNC_M_CAS_COUNT.WR[UNIT4];10229880;100.00;;"
6689 [140461632403136] INFO perfrun.perfcollector <> - PERF_STAT : "     0.133253285;CPU0;373;;UNC_M_CAS_COUNT.WR[UNIT5];10230081;100.00;;"
6689 [140461632403136] INFO perfrun.perfcollector <> - PERF_STAT : "     0.133253285;CPU10;206;;UNC_M_CAS_COUNT.WR[UNIT5];10229677;100.00;;"
6699 [140461632403136] INFO perfrun.perfcollector <> - PERF_STAT : "     0.143484531;CPU0;3215;;UNC_M_CAS_COUNT.RD[UNIT0];10232341;100.00;;"
6699 [140461632403136] INFO perfrun.perfcollector <> - PERF_STAT : "     0.143484531;CPU10;1872;;UNC_M_CAS_COUNT.RD[UNIT0];10232326;100.00;;"
6699 [140461632403136] INFO perfrun.perfcollector <> - PERF_STAT : "     0.143484531;CPU0;2676;;UNC_M_CAS_COUNT.RD[UNIT1];10232386;100.00;;"
6699 [140461632403136] INFO perfrun.perfcollector <> - PERF_STAT : "     0.143484531;CPU10;1379;;UNC_M_CAS_COUNT.RD[UNIT1];10232311;100.00;;"
6699 [140461632403136] INFO perfrun.perfcollector <> - PERF_STAT : "     0.143484531;CPU0;3186;;UNC_M_CAS_COUNT.RD[UNIT4];10232316;100.00;;"
6699 [140461632403136] INFO perfrun.perfcollector <> - PERF_STAT : "     0.143484531;CPU10;1838;;UNC_M_CAS_COUNT.RD[UNIT4];10232273;100.00;;"
6699 [140461632403136] INFO perfrun.perfcollector <> - PERF_STAT : "     0.143484531;CPU0;2677;;UNC_M_CAS_COUNT.RD[UNIT5];10232331;100.00;;"
6699 [140461632403136] INFO perfrun.perfcollector <> - PERF_STAT : "     0.143484531;CPU10;1356;;UNC_M_CAS_COUNT.RD[UNIT5];10232382;100.00;;"
6699 [140461632403136] INFO perfrun.perfcollector <> - PERF_STAT : "     0.143484531;CPU0;1502;;UNC_M_CAS_COUNT.WR[UNIT0];10232336;100.00;;"
6699 [140461632403136] INFO perfrun.perfcollector <> - PERF_STAT : "     0.143484531;CPU10;999;;UNC_M_CAS_COUNT.WR[UNIT0];10232509;100.00;;"
6699 [140461632403136] INFO perfrun.perfcollector <> - PERF_STAT : "     0.143484531;CPU0;989;;UNC_M_CAS_COUNT.WR[UNIT1];10232355;100.00;;"
6699 [140461632403136] INFO perfrun.perfcollector <> - PERF_STAT : "     0.143484531;CPU10;477;;UNC_M_CAS_COUNT.WR[UNIT1];10232721;100.00;;"
6699 [140461632403136] INFO perfrun.perfcollector <> - PERF_STAT : "     0.143484531;CPU0;1533;;UNC_M_CAS_COUNT.WR[UNIT4];10232353;100.00;;"
6699 [140461632403136] INFO perfrun.perfcollector <> - PERF_STAT : "     0.143484531;CPU10;971;;UNC_M_CAS_COUNT.WR[UNIT4];10232726;100.00;;"
6699 [140461632403136] INFO perfrun.perfcollector <> - PERF_STAT : "     0.143484531;CPU0;996;;UNC_M_CAS_COUNT.WR[UNIT5];10232403;100.00;;"
6700 [140461632403136] INFO perfrun.perfcollector <> - PERF_STAT : "     0.143484531;CPU10;437;;UNC_M_CAS_COUNT.WR[UNIT5];10232730;100.00;;"
6710 [140461632403136] INFO perfrun.perfcollector <> - PERF_STAT : "     0.153716437;CPU0;2470;;UNC_M_CAS_COUNT.RD[UNIT0];10231776;100.00;;"
6710 [140461632403136] INFO perfrun.perfcollector <> - PERF_STAT : "     0.153716437;CPU10;1308;;UNC_M_CAS_COUNT.RD[UNIT0];10231675;100.00;;"
6710 [140461632403136] INFO perfrun.perfcollector <> - PERF_STAT : "     0.153716437;CPU0;1907;;UNC_M_CAS_COUNT.RD[UNIT1];10231757;100.00;;"
6710 [140461632403136] INFO perfrun.perfcollector <> - PERF_STAT : "     0.153716437;CPU10;781;;UNC_M_CAS_COUNT.RD[UNIT1];10231696;100.00;;"
6710 [140461632403136] INFO perfrun.perfcollector <> - PERF_STAT : "     0.153716437;CPU0;2427;;UNC_M_CAS_COUNT.RD[UNIT4];10231642;100.00;;"
6710 [140461632403136] INFO perfrun.perfcollector <> - PERF_STAT : "     0.153716437;CPU10;1282;;UNC_M_CAS_COUNT.RD[UNIT4];10231697;100.00;;"
6710 [140461632403136] INFO perfrun.perfcollector <> - PERF_STAT : "     0.153716437;CPU0;1930;;UNC_M_CAS_COUNT.RD[UNIT5];10231634;100.00;;"
6710 [140461632403136] INFO perfrun.perfcollector <> - PERF_STAT : "     0.153716437;CPU10;799;;UNC_M_CAS_COUNT.RD[UNIT5];10231598;100.00;;"
6710 [140461632403136] INFO perfrun.perfcollector <> - PERF_STAT : "     0.153716437;CPU0;1290;;UNC_M_CAS_COUNT.WR[UNIT0];10231642;100.00;;"
6710 [140461632403136] INFO perfrun.perfcollector <> - PERF_STAT : "     0.153716437;CPU10;823;;UNC_M_CAS_COUNT.WR[UNIT0];10231481;100.00;;"
6710 [140461632403136] INFO perfrun.perfcollector <> - PERF_STAT : "     0.153716437;CPU0;691;;UNC_M_CAS_COUNT.WR[UNIT1];10231633;100.00;;"
6710 [140461632403136] INFO perfrun.perfcollector <> - PERF_STAT : "     0.153716437;CPU10;309;;UNC_M_CAS_COUNT.WR[UNIT1];10231264;100.00;;"
6710 [140461632403136] INFO perfrun.perfcollector <> - PERF_STAT : "     0.153716437;CPU0;1226;;UNC_M_CAS_COUNT.WR[UNIT4];10231641;100.00;;"
6710 [140461632403136] INFO perfrun.perfcollector <> - PERF_STAT : "     0.153716437;CPU10;822;;UNC_M_CAS_COUNT.WR[UNIT4];10231255;100.00;;"
6710 [140461632403136] INFO perfrun.perfcollector <> - PERF_STAT : "     0.153716437;CPU0;673;;UNC_M_CAS_COUNT.WR[UNIT5];10231669;100.00;;"
6710 [140461632403136] INFO perfrun.perfcollector <> - PERF_STAT : "     0.153716437;CPU10;304;;UNC_M_CAS_COUNT.WR[UNIT5];10231247;100.00;;"
6720 [140461632403136] INFO perfrun.perfcollector <> - PERF_STAT : "     0.163945355;CPU0;1703;;UNC_M_CAS_COUNT.RD[UNIT0];10228430;100.00;;"
6720 [140461632403136] INFO perfrun.perfcollector <> - PERF_STAT : "     0.163945355;CPU10;1892;;UNC_M_CAS_COUNT.RD[UNIT0];10228564;100.00;;"
6720 [140461632403136] INFO perfrun.perfcollector <> - PERF_STAT : "     0.163945355;CPU0;1164;;UNC_M_CAS_COUNT.RD[UNIT1];10228401;100.00;;"
6720 [140461632403136] INFO perfrun.perfcollector <> - PERF_STAT : "     0.163945355;CPU10;1329;;UNC_M_CAS_COUNT.RD[UNIT1];10228581;100.00;;"
6720 [140461632403136] INFO perfrun.perfcollector <> - PERF_STAT : "     0.163945355;CPU0;1665;;UNC_M_CAS_COUNT.RD[UNIT4];10228589;100.00;;"
6720 [140461632403136] INFO perfrun.perfcollector <> - PERF_STAT : "     0.163945355;CPU10;1829;;UNC_M_CAS_COUNT.RD[UNIT4];10228585;100.00;;"
6720 [140461632403136] INFO perfrun.perfcollector <> - PERF_STAT : "     0.163945355;CPU0;1171;;UNC_M_CAS_COUNT.RD[UNIT5];10228564;100.00;;"
6720 [140461632403136] INFO perfrun.perfcollector <> - PERF_STAT : "     0.163945355;CPU10;1323;;UNC_M_CAS_COUNT.RD[UNIT5];10228581;100.00;;"
6720 [140461632403136] INFO perfrun.perfcollector <> - PERF_STAT : "     0.163945355;CPU0;1152;;UNC_M_CAS_COUNT.WR[UNIT0];10228607;100.00;;"
6720 [140461632403136] INFO perfrun.perfcollector <> - PERF_STAT : "     0.163945355;CPU10;868;;UNC_M_CAS_COUNT.WR[UNIT0];10228618;100.00;;"
6720 [140461632403136] INFO perfrun.perfcollector <> - PERF_STAT : "     0.163945355;CPU0;541;;UNC_M_CAS_COUNT.WR[UNIT1];10228614;100.00;;"
6720 [140461632403136] INFO perfrun.perfcollector <> - PERF_STAT : "     0.163945355;CPU10;321;;UNC_M_CAS_COUNT.WR[UNIT1];10228608;100.00;;"
6720 [140461632403136] INFO perfrun.perfcollector <> - PERF_STAT : "     0.163945355;CPU0;1095;;UNC_M_CAS_COUNT.WR[UNIT4];10228610;100.00;;"
6720 [140461632403136] INFO perfrun.perfcollector <> - PERF_STAT : "     0.163945355;CPU10;852;;UNC_M_CAS_COUNT.WR[UNIT4];10228615;100.00;;"
6720 [140461632403136] INFO perfrun.perfcollector <> - PERF_STAT : "     0.163945355;CPU0;593;;UNC_M_CAS_COUNT.WR[UNIT5];10228537;100.00;;"
6720 [140461632403136] INFO perfrun.perfcollector <> - PERF_STAT : "     0.163945355;CPU10;324;;UNC_M_CAS_COUNT.WR[UNIT5];10228627;100.00;;"
6730 [140461632403136] INFO perfrun.perfcollector <> - PERF_STAT : "     0.174176443;CPU0;1263;;UNC_M_CAS_COUNT.RD[UNIT0];10230621;100.00;;"
6730 [140461632403136] INFO perfrun.perfcollector <> - PERF_STAT : "     0.174176443;CPU10;1707;;UNC_M_CAS_COUNT.RD[UNIT0];10230403;100.00;;"
6730 [140461632403136] INFO perfrun.perfcollector <> - PERF_STAT : "     0.174176443;CPU0;729;;UNC_M_CAS_COUNT.RD[UNIT1];10230646;100.00;;"
6730 [140461632403136] INFO perfrun.perfcollector <> - PERF_STAT : "     0.174176443;CPU10;1153;;UNC_M_CAS_COUNT.RD[UNIT1];10230363;100.00;;"
6730 [140461632403136] INFO perfrun.perfcollector <> - PERF_STAT : "     0.174176443;CPU0;1264;;UNC_M_CAS_COUNT.RD[UNIT4];10230522;100.00;;"
6730 [140461632403136] INFO perfrun.perfcollector <> - PERF_STAT : "     0.174176443;CPU10;1681;;UNC_M_CAS_COUNT.RD[UNIT4];10230478;100.00;;"
6730 [140461632403136] INFO perfrun.perfcollector <> - PERF_STAT : "     0.174176443;CPU0;738;;UNC_M_CAS_COUNT.RD[UNIT5];10230490;100.00;;"
6730 [140461632403136] INFO perfrun.perfcollector <> - PERF_STAT : "     0.174176443;CPU10;1151;;UNC_M_CAS_COUNT.RD[UNIT5];10230473;100.00;;"
6730 [140461632403136] INFO perfrun.perfcollector <> - PERF_STAT : "     0.174176443;CPU0;1015;;UNC_M_CAS_COUNT.WR[UNIT0];10230461;100.00;;"
6730 [140461632403136] INFO perfrun.perfcollector <> - PERF_STAT : "     0.174176443;CPU10;722;;UNC_M_CAS_COUNT.WR[UNIT0];10230432;100.00;;"
6730 [140461632403136] INFO perfrun.perfcollector <> - PERF_STAT : "     0.174176443;CPU0;474;;UNC_M_CAS_COUNT.WR[UNIT1];10230443;100.00;;"
6730 [140461632403136] INFO perfrun.perfcollector <> - PERF_STAT : "     0.174176443;CPU10;187;;UNC_M_CAS_COUNT.WR[UNIT1];10230439;100.00;;"
6730 [140461632403136] INFO perfrun.perfcollector <> - PERF_STAT : "     0.174176443;CPU0;957;;UNC_M_CAS_COUNT.WR[UNIT4];10230440;100.00;;"
6730 [140461632403136] INFO perfrun.perfcollector <> - PERF_STAT : "     0.174176443;CPU10;715;;UNC_M_CAS_COUNT.WR[UNIT4];10230555;100.00;;"
6730 [140461632403136] INFO perfrun.perfcollector <> - PERF_STAT : "     0.174176443;CPU0;454;;UNC_M_CAS_COUNT.WR[UNIT5];10230451;100.00;;"
6730 [140461632403136] INFO perfrun.perfcollector <> - PERF_STAT : "     0.174176443;CPU10;190;;UNC_M_CAS_COUNT.WR[UNIT5];10230566;100.00;;"
6740 [140461632403136] INFO perfrun.perfcollector <> - PERF_STAT : "     0.184405643;CPU0;2157;;UNC_M_CAS_COUNT.RD[UNIT0];10229187;100.00;;"
6740 [140461632403136] INFO perfrun.perfcollector <> - PERF_STAT : "     0.184405643;CPU10;674;;UNC_M_CAS_COUNT.RD[UNIT0];10228689;100.00;;"
6740 [140461632403136] INFO perfrun.perfcollector <> - PERF_STAT : "     0.184405643;CPU0;1574;;UNC_M_CAS_COUNT.RD[UNIT1];10229186;100.00;;"
6740 [140461632403136] INFO perfrun.perfcollector <> - PERF_STAT : "     0.184405643;CPU10;141;;UNC_M_CAS_COUNT.RD[UNIT1];10228760;100.00;;"
6740 [140461632403136] INFO perfrun.perfcollector <> - PERF_STAT : "     0.184405643;CPU0;2106;;UNC_M_CAS_COUNT.RD[UNIT4];10229125;100.00;;"
6740 [140461632403136] INFO perfrun.perfcollector <> - PERF_STAT : "     0.184405643;CPU10;648;;UNC_M_CAS_COUNT.RD[UNIT4];10228649;100.00;;"
6740 [140461632403136] INFO perfrun.perfcollector <> - PERF_STAT : "     0.184405643;CPU0;1594;;UNC_M_CAS_COUNT.RD[UNIT5];10229114;100.00;;"
6740 [140461632403136] INFO perfrun.perfcollector <> - PERF_STAT : "     0.184405643;CPU10;126;;UNC_M_CAS_COUNT.RD[UNIT5];10228663;100.00;;"
6740 [140461632403136] INFO perfrun.perfcollector <> - PERF_STAT : "     0.184405643;CPU0;933;;UNC_M_CAS_COUNT.WR[UNIT0];10229205;100.00;;"
6740 [140461632403136] INFO perfrun.perfcollector <> - PERF_STAT : "     0.184405643;CPU10;716;;UNC_M_CAS_COUNT.WR[UNIT0];10228697;100.00;;"
6740 [140461632403136] INFO perfrun.perfcollector <> - PERF_STAT : "     0.184405643;CPU0;400;;UNC_M_CAS_COUNT.WR[UNIT1];10229221;100.00;;"
6740 [140461632403136] INFO perfrun.perfcollector <> - PERF_STAT : "     0.184405643;CPU10;198;;UNC_M_CAS_COUNT.WR[UNIT1];10228788;100.00;;"
6740 [140461632403136] INFO perfrun.perfcollector <> - PERF_STAT : "     0.184405643;CPU0;893;;UNC_M_CAS_COUNT.WR[UNIT4];10229252;100.00;;"
6740 [140461632403136] INFO perfrun.perfcollector <> - PERF_STAT : "     0.184405643;CPU10;707;;UNC_M_CAS_COUNT.WR[UNIT4];10228667;100.00;;"
6740 [140461632403136] INFO perfrun.perfcollector <> - PERF_STAT : "     0.184405643;CPU0;402;;UNC_M_CAS_COUNT.WR[UNIT5];10229246;100.00;;"
6740 [140461632403136] INFO perfrun.perfcollector <> - PERF_STAT : "     0.184405643;CPU10;160;;UNC_M_CAS_COUNT.WR[UNIT5];10228673;100.00;;"
6750 [140461632403136] INFO perfrun.perfcollector <> - PERF_STAT : "     0.194634049;CPU0;1651;;UNC_M_CAS_COUNT.RD[UNIT0];10229123;100.00;;"
6750 [140461632403136] INFO perfrun.perfcollector <> - PERF_STAT : "     0.194634049;CPU10;968;;UNC_M_CAS_COUNT.RD[UNIT0];10229748;100.00;;"
6750 [140461632403136] INFO perfrun.perfcollector <> - PERF_STAT : "     0.194634049;CPU0;1103;;UNC_M_CAS_COUNT.RD[UNIT1];10229207;100.00;;"
6750 [140461632403136] INFO perfrun.perfcollector <> - PERF_STAT : "     0.194634049;CPU10;443;;UNC_M_CAS_COUNT.RD[UNIT1];10229846;100.00;;"
6751 [140461632403136] INFO perfrun.perfcollector <> - PERF_STAT : "     0.194634049;CPU0;1582;;UNC_M_CAS_COUNT.RD[UNIT4];10229454;100.00;;"
6751 [140461632403136] INFO perfrun.perfcollector <> - PERF_STAT : "     0.194634049;CPU10;953;;UNC_M_CAS_COUNT.RD[UNIT4];10229877;100.00;;"
6751 [140461632403136] INFO perfrun.perfcollector <> - PERF_STAT : "     0.194634049;CPU0;1106;;UNC_M_CAS_COUNT.RD[UNIT5];10229534;100.00;;"
6751 [140461632403136] INFO perfrun.perfcollector <> - PERF_STAT : "     0.194634049;CPU10;442;;UNC_M_CAS_COUNT.RD[UNIT5];10229886;100.00;;"
6751 [140461632403136] INFO perfrun.perfcollector <> - PERF_STAT : "     0.194634049;CPU0;934;;UNC_M_CAS_COUNT.WR[UNIT0];10229426;100.00;;"
6751 [140461632403136] INFO perfrun.perfcollector <> - PERF_STAT : "     0.194634049;CPU10;700;;UNC_M_CAS_COUNT.WR[UNIT0];10230006;100.00;;"
6751 [140461632403136] INFO perfrun.perfcollector <> - PERF_STAT : "     0.194634049;CPU0;374;;UNC_M_CAS_COUNT.WR[UNIT1];10229430;100.00;;"
6751 [140461632403136] INFO perfrun.perfcollector <> - PERF_STAT : "     0.194634049;CPU10;180;;UNC_M_CAS_COUNT.WR[UNIT1];10229917;100.00;;"
6751 [140461632403136] INFO perfrun.perfcollector <> - PERF_STAT : "     0.194634049;CPU0;914;;UNC_M_CAS_COUNT.WR[UNIT4];10229411;100.00;;"
6751 [140461632403136] INFO perfrun.perfcollector <> - PERF_STAT : "     0.194634049;CPU10;673;;UNC_M_CAS_COUNT.WR[UNIT4];10229912;100.00;;"
6751 [140461632403136] INFO perfrun.perfcollector <> - PERF_STAT : "     0.194634049;CPU0;380;;UNC_M_CAS_COUNT.WR[UNIT5];10229407;100.00;;"
6751 [140461632403136] INFO perfrun.perfcollector <> - PERF_STAT : "     0.194634049;CPU10;149;;UNC_M_CAS_COUNT.WR[UNIT5];10229894;100.00;;"
6761 [140461632403136] INFO perfrun.perfcollector <> - PERF_STAT : "     0.204847890;CPU0;3648;;UNC_M_CAS_COUNT.RD[UNIT0];10219323;100.00;;"
6761 [140461632403136] INFO perfrun.perfcollector <> - PERF_STAT : "     0.204847890;CPU10;3910;;UNC_M_CAS_COUNT.RD[UNIT0];10258803;100.00;;"
6761 [140461632403136] INFO perfrun.perfcollector <> - PERF_STAT : "     0.204847890;CPU0;3116;;UNC_M_CAS_COUNT.RD[UNIT1];10219586;100.00;;"
6761 [140461632403136] INFO perfrun.perfcollector <> - PERF_STAT : "     0.204847890;CPU10;3081;;UNC_M_CAS_COUNT.RD[UNIT1];10258988;100.00;;"
6761 [140461632403136] INFO perfrun.perfcollector <> - PERF_STAT : "     0.204847890;CPU0;3450;;UNC_M_CAS_COUNT.RD[UNIT4];10225955;100.00;;"
6761 [140461632403136] INFO perfrun.perfcollector <> - PERF_STAT : "     0.204847890;CPU10;3721;;UNC_M_CAS_COUNT.RD[UNIT4];10265765;100.00;;"
6761 [140461632403136] INFO perfrun.perfcollector <> - PERF_STAT : "     0.204847890;CPU0;3258;;UNC_M_CAS_COUNT.RD[UNIT5];10226180;100.00;;"
6761 [140461632403136] INFO perfrun.perfcollector <> - PERF_STAT : "     0.204847890;CPU10;3312;;UNC_M_CAS_COUNT.RD[UNIT5];10265980;100.00;;"
6761 [140461632403136] INFO perfrun.perfcollector <> - PERF_STAT : "     0.204847890;CPU0;7719;;UNC_M_CAS_COUNT.WR[UNIT0];10226568;100.00;;"
6761 [140461632403136] INFO perfrun.perfcollector <> - PERF_STAT : "     0.204847890;CPU10;3489;;UNC_M_CAS_COUNT.WR[UNIT0];10266133;100.00;;"
6761 [140461632403136] INFO perfrun.perfcollector <> - PERF_STAT : "     0.204847890;CPU0;7126;;UNC_M_CAS_COUNT.WR[UNIT1];10232693;100.00;;"
6761 [140461632403136] INFO perfrun.perfcollector <> - PERF_STAT : "     0.204847890;CPU10;2814;;UNC_M_CAS_COUNT.WR[UNIT1];10272754;100.00;;"
6761 [140461632403136] INFO perfrun.perfcollector <> - PERF_STAT : "     0.204847890;CPU0;7697;;UNC_M_CAS_COUNT.WR[UNIT4];10232955;100.00;;"
6761 [140461632403136] INFO perfrun.perfcollector <> - PERF_STAT : "     0.204847890;CPU10;3394;;UNC_M_CAS_COUNT.WR[UNIT4];10273172;100.00;;"
6761 [140461632403136] INFO perfrun.perfcollector <> - PERF_STAT : "     0.204847890;CPU0;7323;;UNC_M_CAS_COUNT.WR[UNIT5];10233150;100.00;;"
6761 [140461632403136] INFO perfrun.perfcollector <> - PERF_STAT : "     0.204847890;CPU10;2783;;UNC_M_CAS_COUNT.WR[UNIT5];10273369;100.00;;"
6771 [140461632403136] INFO perfrun.perfcollector <> - PERF_STAT : "     0.215173045;CPU0;1979;;UNC_M_CAS_COUNT.RD[UNIT0];10295835;100.00;;"
6771 [140461632403136] INFO perfrun.perfcollector <> - PERF_STAT : "     0.215173045;CPU10;8011;;UNC_M_CAS_COUNT.RD[UNIT0];10255040;100.00;;"
6771 [140461632403136] INFO perfrun.perfcollector <> - PERF_STAT : "     0.215173045;CPU0;1339;;UNC_M_CAS_COUNT.RD[UNIT1];10295122;100.00;;"
6771 [140461632403136] INFO perfrun.perfcollector <> - PERF_STAT : "     0.215173045;CPU10;7109;;UNC_M_CAS_COUNT.RD[UNIT1];10254520;100.00;;"
6771 [140461632403136] INFO perfrun.perfcollector <> - PERF_STAT : "     0.215173045;CPU0;1834;;UNC_M_CAS_COUNT.RD[UNIT4];10288658;100.00;;"
6771 [140461632403136] INFO perfrun.perfcollector <> - PERF_STAT : "     0.215173045;CPU10;7536;;UNC_M_CAS_COUNT.RD[UNIT4];10247953;100.00;;"
6771 [140461632403136] INFO perfrun.perfcollector <> - PERF_STAT : "     0.215173045;CPU0;2104;;UNC_M_CAS_COUNT.RD[UNIT5];10288391;100.00;;"
6771 [140461632403136] INFO perfrun.perfcollector <> - PERF_STAT : "     0.215173045;CPU10;7276;;UNC_M_CAS_COUNT.RD[UNIT5];10247820;100.00;;"
6771 [140461632403136] INFO perfrun.perfcollector <> - PERF_STAT : "     0.215173045;CPU0;965;;UNC_M_CAS_COUNT.WR[UNIT0];10288227;100.00;;"
6771 [140461632403136] INFO perfrun.perfcollector <> - PERF_STAT : "     0.215173045;CPU10;1201;;UNC_M_CAS_COUNT.WR[UNIT0];10247589;100.00;;"
6771 [140461632403136] INFO perfrun.perfcollector <> - PERF_STAT : "     0.215173045;CPU0;378;;UNC_M_CAS_COUNT.WR[UNIT1];10282271;100.00;;"
6771 [140461632403136] INFO perfrun.perfcollector <> - PERF_STAT : "     0.215173045;CPU10;434;;UNC_M_CAS_COUNT.WR[UNIT1];10241139;100.00;;"
6771 [140461632403136] INFO perfrun.perfcollector <> - PERF_STAT : "     0.215173045;CPU0;898;;UNC_M_CAS_COUNT.WR[UNIT4];10282203;100.00;;"
6771 [140461632403136] INFO perfrun.perfcollector <> - PERF_STAT : "     0.215173045;CPU10;957;;UNC_M_CAS_COUNT.WR[UNIT4];10240906;100.00;;"
6771 [140461632403136] INFO perfrun.perfcollector <> - PERF_STAT : "     0.215173045;CPU0;679;;UNC_M_CAS_COUNT.WR[UNIT5];10282282;100.00;;"
6771 [140461632403136] INFO perfrun.perfcollector <> - PERF_STAT : "     0.215173045;CPU10;472;;UNC_M_CAS_COUNT.WR[UNIT5];10240892;100.00;;"
6781 [140461632403136] INFO perfrun.perfcollector <> - PERF_STAT : "     0.225377218;CPU0;1182;;UNC_M_CAS_COUNT.RD[UNIT0];10252817;100.00;;"
6781 [140461632403136] INFO perfrun.perfcollector <> - PERF_STAT : "     0.225377218;CPU10;675;;UNC_M_CAS_COUNT.RD[UNIT0];10286050;100.00;;"
6781 [140461632403136] INFO perfrun.perfcollector <> - PERF_STAT : "     0.225377218;CPU0;819;;UNC_M_CAS_COUNT.RD[UNIT1];10256128;100.00;;"
6781 [140461632403136] INFO perfrun.perfcollector <> - PERF_STAT : "     0.225377218;CPU10;143;;UNC_M_CAS_COUNT.RD[UNIT1];10286348;100.00;;"
6781 [140461632403136] INFO perfrun.perfcollector <> - PERF_STAT : "     0.225377218;CPU0;1161;;UNC_M_CAS_COUNT.RD[UNIT4];10257975;100.00;;"
6781 [140461632403136] INFO perfrun.perfcollector <> - PERF_STAT : "     0.225377218;CPU10;666;;UNC_M_CAS_COUNT.RD[UNIT4];10286155;100.00;;"
6781 [140461632403136] INFO perfrun.perfcollector <> - PERF_STAT : "     0.225377218;CPU0;730;;UNC_M_CAS_COUNT.RD[UNIT5];10259893;100.00;;"
6781 [140461632403136] INFO perfrun.perfcollector <> - PERF_STAT : "     0.225377218;CPU10;151;;UNC_M_CAS_COUNT.RD[UNIT5];10286245;100.00;;"
6781 [140461632403136] INFO perfrun.perfcollector <> - PERF_STAT : "     0.225377218;CPU0;311;;UNC_M_CAS_COUNT.WR[UNIT0];10261795;100.00;;"
6781 [140461632403136] INFO perfrun.perfcollector <> - PERF_STAT : "     0.225377218;CPU10;609;;UNC_M_CAS_COUNT.WR[UNIT0];10286343;100.00;;"
6781 [140461632403136] INFO perfrun.perfcollector <> - PERF_STAT : "     0.225377218;CPU0;117;;UNC_M_CAS_COUNT.WR[UNIT1];10263583;100.00;;"
6781 [140461632403136] INFO perfrun.perfcollector <> - PERF_STAT : "     0.225377218;CPU10;75;;UNC_M_CAS_COUNT.WR[UNIT1];10286342;100.00;;"
6781 [140461632403136] INFO perfrun.perfcollector <> - PERF_STAT : "     0.225377218;CPU0;308;;UNC_M_CAS_COUNT.WR[UNIT4];10265367;100.00;;"
6781 [140461632403136] INFO perfrun.perfcollector <> - PERF_STAT : "     0.225377218;CPU10;599;;UNC_M_CAS_COUNT.WR[UNIT4];10286199;100.00;;"
6781 [140461632403136] INFO perfrun.perfcollector <> - PERF_STAT : "     0.225377218;CPU0;90;;UNC_M_CAS_COUNT.WR[UNIT5];10267028;100.00;;"
6781 [140461632403136] INFO perfrun.perfcollector <> - PERF_STAT : "     0.225377218;CPU10;71;;UNC_M_CAS_COUNT.WR[UNIT5];10286029;100.00;;"
6791 [140461632403136] INFO perfrun.perfcollector <> - PERF_STAT : "     0.235663909;CPU0;773;;UNC_M_CAS_COUNT.RD[UNIT0];10263228;100.00;;"
6791 [140461632403136] INFO perfrun.perfcollector <> - PERF_STAT : "     0.235663909;CPU10;906;;UNC_M_CAS_COUNT.RD[UNIT0];10231495;100.00;;"
6792 [140461632403136] INFO perfrun.perfcollector <> - PERF_STAT : "     0.235663909;CPU0;696;;UNC_M_CAS_COUNT.RD[UNIT1];10260265;100.00;;"
6792 [140461632403136] INFO perfrun.perfcollector <> - PERF_STAT : "     0.235663909;CPU10;381;;UNC_M_CAS_COUNT.RD[UNIT1];10231397;100.00;;"
6792 [140461632403136] INFO perfrun.perfcollector <> - PERF_STAT : "     0.235663909;CPU0;711;;UNC_M_CAS_COUNT.RD[UNIT4];10258426;100.00;;"
6792 [140461632403136] INFO perfrun.perfcollector <> - PERF_STAT : "     0.235663909;CPU10;889;;UNC_M_CAS_COUNT.RD[UNIT4];10231501;100.00;;"
6792 [140461632403136] INFO perfrun.perfcollector <> - PERF_STAT : "     0.235663909;CPU0;648;;UNC_M_CAS_COUNT.RD[UNIT5];10256563;100.00;;"
6792 [140461632403136] INFO perfrun.perfcollector <> - PERF_STAT : "     0.235663909;CPU10;401;;UNC_M_CAS_COUNT.RD[UNIT5];10231321;100.00;;"
6792 [140461632403136] INFO perfrun.perfcollector <> - PERF_STAT : "     0.235663909;CPU0;588;;UNC_M_CAS_COUNT.WR[UNIT0];10254439;100.00;;"
6792 [140461632403136] INFO perfrun.perfcollector <> - PERF_STAT : "     0.235663909;CPU10;735;;UNC_M_CAS_COUNT.WR[UNIT0];10231073;100.00;;"
6792 [140461632403136] INFO perfrun.perfcollector <> - PERF_STAT : "     0.235663909;CPU0;490;;UNC_M_CAS_COUNT.WR[UNIT1];10252486;100.00;;"
6792 [140461632403136] INFO perfrun.perfcollector <> - PERF_STAT : "     0.235663909;CPU10;218;;UNC_M_CAS_COUNT.WR[UNIT1];10230903;100.00;;"
6792 [140461632403136] INFO perfrun.perfcollector <> - PERF_STAT : "     0.235663909;CPU0;567;;UNC_M_CAS_COUNT.WR[UNIT4];10250528;100.00;;"
6792 [140461632403136] INFO perfrun.perfcollector <> - PERF_STAT : "     0.235663909;CPU10;717;;UNC_M_CAS_COUNT.WR[UNIT4];10230866;100.00;;"
6792 [140461632403136] INFO perfrun.perfcollector <> - PERF_STAT : "     0.235663909;CPU0;475;;UNC_M_CAS_COUNT.WR[UNIT5];10248611;100.00;;"
6792 [140461632403136] INFO perfrun.perfcollector <> - PERF_STAT : "     0.235663909;CPU10;229;;UNC_M_CAS_COUNT.WR[UNIT5];10230860;100.00;;"
6802 [140461632403136] INFO perfrun.perfcollector <> - PERF_STAT : "     0.245894218;CPU0;4942;;UNC_M_CAS_COUNT.RD[UNIT0];10231112;100.00;;"
6802 [140461632403136] INFO perfrun.perfcollector <> - PERF_STAT : "     0.245894218;CPU10;2358;;UNC_M_CAS_COUNT.RD[UNIT0];10233152;100.00;;"
6802 [140461632403136] INFO perfrun.perfcollector <> - PERF_STAT : "     0.245894218;CPU0;4350;;UNC_M_CAS_COUNT.RD[UNIT1];10231542;100.00;;"
6802 [140461632403136] INFO perfrun.perfcollector <> - PERF_STAT : "     0.245894218;CPU10;1825;;UNC_M_CAS_COUNT.RD[UNIT1];10233164;100.00;;"
6802 [140461632403136] INFO perfrun.perfcollector <> - PERF_STAT : "     0.245894218;CPU0;4900;;UNC_M_CAS_COUNT.RD[UNIT4];10231651;100.00;;"
6802 [140461632403136] INFO perfrun.perfcollector <> - PERF_STAT : "     0.245894218;CPU10;2294;;UNC_M_CAS_COUNT.RD[UNIT4];10233014;100.00;;"
6802 [140461632403136] INFO perfrun.perfcollector <> - PERF_STAT : "     0.245894218;CPU0;4311;;UNC_M_CAS_COUNT.RD[UNIT5];10231846;100.00;;"
6802 [140461632403136] INFO perfrun.perfcollector <> - PERF_STAT : "     0.245894218;CPU10;1846;;UNC_M_CAS_COUNT.RD[UNIT5];10233025;100.00;;"
6802 [140461632403136] INFO perfrun.perfcollector <> - PERF_STAT : "     0.245894218;CPU0;28263;;UNC_M_CAS_COUNT.WR[UNIT0];10232325;100.00;;"
6802 [140461632403136] INFO perfrun.perfcollector <> - PERF_STAT : "     0.245894218;CPU10;13583;;UNC_M_CAS_COUNT.WR[UNIT0];10233100;100.00;;"
6802 [140461632403136] INFO perfrun.perfcollector <> - PERF_STAT : "     0.245894218;CPU0;27987;;UNC_M_CAS_COUNT.WR[UNIT1];10232383;100.00;;"
6802 [140461632403136] INFO perfrun.perfcollector <> - PERF_STAT : "     0.245894218;CPU10;12924;;UNC_M_CAS_COUNT.WR[UNIT1];10233121;100.00;;"
6802 [140461632403136] INFO perfrun.perfcollector <> - PERF_STAT : "     0.245894218;CPU0;28676;;UNC_M_CAS_COUNT.WR[UNIT4];10232445;100.00;;"
6802 [140461632403136] INFO perfrun.perfcollector <> - PERF_STAT : "     0.245894218;CPU10;13501;;UNC_M_CAS_COUNT.WR[UNIT4];10233120;100.00;;"
6802 [140461632403136] INFO perfrun.perfcollector <> - PERF_STAT : "     0.245894218;CPU0;28158;;UNC_M_CAS_COUNT.WR[UNIT5];10232444;100.00;;"
6802 [140461632403136] INFO perfrun.perfcollector <> - PERF_STAT : "     0.245894218;CPU10;13126;;UNC_M_CAS_COUNT.WR[UNIT5];10233123;100.00;;"
6812 [140461632403136] INFO perfrun.perfcollector <> - PERF_STAT : "     0.256115251;CPU0;10724;;UNC_M_CAS_COUNT.RD[UNIT0];10194980;100.00;;"
6812 [140461632403136] INFO perfrun.perfcollector <> - PERF_STAT : "     0.256115251;CPU10;8698;;UNC_M_CAS_COUNT.RD[UNIT0];10188880;100.00;;"
6812 [140461632403136] INFO perfrun.perfcollector <> - PERF_STAT : "     0.256115251;CPU0;10239;;UNC_M_CAS_COUNT.RD[UNIT1];10194665;100.00;;"
6812 [140461632403136] INFO perfrun.perfcollector <> - PERF_STAT : "     0.256115251;CPU10;8756;;UNC_M_CAS_COUNT.RD[UNIT1];10188851;100.00;;"
6812 [140461632403136] INFO perfrun.perfcollector <> - PERF_STAT : "     0.256115251;CPU0;11165;;UNC_M_CAS_COUNT.RD[UNIT4];10194483;100.00;;"
6812 [140461632403136] INFO perfrun.perfcollector <> - PERF_STAT : "     0.256115251;CPU10;9114;;UNC_M_CAS_COUNT.RD[UNIT4];10188991;100.00;;"
6812 [140461632403136] INFO perfrun.perfcollector <> - PERF_STAT : "     0.256115251;CPU0;9905;;UNC_M_CAS_COUNT.RD[UNIT5];10194278;100.00;;"
6812 [140461632403136] INFO perfrun.perfcollector <> - PERF_STAT : "     0.256115251;CPU10;9365;;UNC_M_CAS_COUNT.RD[UNIT5];10189039;100.00;;"
6812 [140461632403136] INFO perfrun.perfcollector <> - PERF_STAT : "     0.256115251;CPU0;26378;;UNC_M_CAS_COUNT.WR[UNIT0];10193773;100.00;;"
6812 [140461632403136] INFO perfrun.perfcollector <> - PERF_STAT : "     0.256115251;CPU10;14849;;UNC_M_CAS_COUNT.WR[UNIT0];10189304;100.00;;"
6812 [140461632403136] INFO perfrun.perfcollector <> - PERF_STAT : "     0.256115251;CPU0;25844;;UNC_M_CAS_COUNT.WR[UNIT1];10193708;100.00;;"
6812 [140461632403136] INFO perfrun.perfcollector <> - PERF_STAT : "     0.256115251;CPU10;14354;;UNC_M_CAS_COUNT.WR[UNIT1];10189379;100.00;;"
6812 [140461632403136] INFO perfrun.perfcollector <> - PERF_STAT : "     0.256115251;CPU0;26103;;UNC_M_CAS_COUNT.WR[UNIT4];10193592;100.00;;"
6812 [140461632403136] INFO perfrun.perfcollector <> - PERF_STAT : "     0.256115251;CPU10;15118;;UNC_M_CAS_COUNT.WR[UNIT4];10189531;100.00;;"
6812 [140461632403136] INFO perfrun.perfcollector <> - PERF_STAT : "     0.256115251;CPU0;25508;;UNC_M_CAS_COUNT.WR[UNIT5];10193496;100.00;;"
6812 [140461632403136] INFO perfrun.perfcollector <> - PERF_STAT : "     0.256115251;CPU10;14400;;UNC_M_CAS_COUNT.WR[UNIT5];10189514;100.00;;"
6818 [140461835342528] INFO perfrun.launcher <> - Launcher: all plugins were started
6818 [140461835342528] INFO perfrun.launcher <> - DirectoryMonitor object was created
6818 [140461835342528] INFO perfrun.launcher <> - DirectoryMonitor: a callback was added
6818 [140461835342528] INFO perfrun.launcher <> - DirectoryMonitor was started with pingTime = 1000
6818 [140461835342528] INFO perfrun.launcher <> - DeadlineTimer is going to be constructed
6818 [140461835342528] INFO perfrun.launcher <> - DeadlineTimer: a callback was added
6822 [140461632403136] INFO perfrun.perfcollector <> - PERF_STAT : "     0.266352000;CPU0;11666;;UNC_M_CAS_COUNT.RD[UNIT0];10280105;100.00;;"
6822 [140461632403136] INFO perfrun.perfcollector <> - PERF_STAT : "     0.266352000;CPU10;14873;;UNC_M_CAS_COUNT.RD[UNIT0];10291523;100.00;;"
6822 [140461632403136] INFO perfrun.perfcollector <> - PERF_STAT : "     0.266352000;CPU0;11024;;UNC_M_CAS_COUNT.RD[UNIT1];10280057;100.00;;"
6822 [140461632403136] INFO perfrun.perfcollector <> - PERF_STAT : "     0.266352000;CPU10;14666;;UNC_M_CAS_COUNT.RD[UNIT1];10294458;100.00;;"
6822 [140461632403136] INFO perfrun.perfcollector <> - PERF_STAT : "     0.266352000;CPU0;11580;;UNC_M_CAS_COUNT.RD[UNIT4];10280089;100.00;;"
6822 [140461632403136] INFO perfrun.perfcollector <> - PERF_STAT : "     0.266352000;CPU10;15355;;UNC_M_CAS_COUNT.RD[UNIT4];10296451;100.00;;"
6822 [140461632403136] INFO perfrun.perfcollector <> - PERF_STAT : "     0.266352000;CPU0;10937;;UNC_M_CAS_COUNT.RD[UNIT5];10280019;100.00;;"
6822 [140461632403136] INFO perfrun.perfcollector <> - PERF_STAT : "     0.266352000;CPU10;14793;;UNC_M_CAS_COUNT.RD[UNIT5];10298323;100.00;;"
6822 [140461632403136] INFO perfrun.perfcollector <> - PERF_STAT : "     0.266352000;CPU0;10666;;UNC_M_CAS_COUNT.WR[UNIT0];10280022;100.00;;"
6822 [140461632403136] INFO perfrun.perfcollector <> - PERF_STAT : "     0.266352000;CPU10;10225;;UNC_M_CAS_COUNT.WR[UNIT0];10300034;100.00;;"
6823 [140461632403136] INFO perfrun.perfcollector <> - PERF_STAT : "     0.266352000;CPU0;10167;;UNC_M_CAS_COUNT.WR[UNIT1];10280153;100.00;;"
6823 [140461632403136] INFO perfrun.perfcollector <> - PERF_STAT : "     0.266352000;CPU10;9887;;UNC_M_CAS_COUNT.WR[UNIT1];10301830;100.00;;"
6823 [140461632403136] INFO perfrun.perfcollector <> - PERF_STAT : "     0.266352000;CPU0;10709;;UNC_M_CAS_COUNT.WR[UNIT4];10280198;100.00;;"
6823 [140461632403136] INFO perfrun.perfcollector <> - PERF_STAT : "     0.266352000;CPU10;10170;;UNC_M_CAS_COUNT.WR[UNIT4];10303623;100.00;;"
6823 [140461632403136] INFO perfrun.perfcollector <> - PERF_STAT : "     0.266352000;CPU0;10225;;UNC_M_CAS_COUNT.WR[UNIT5];10280261;100.00;;"
6823 [140461632403136] INFO perfrun.perfcollector <> - PERF_STAT : "     0.266352000;CPU10;9623;;UNC_M_CAS_COUNT.WR[UNIT5];10305546;100.00;;"
6825 [140461835342528] INFO perfrun.launcher <> - Launcher: resume the profiled application and  wait its termination or stop command
6842 [140461632403136] INFO perfrun.perfcollector <> - PERF_STAT : "     0.276707047;CPU0;6071;;UNC_M_CAS_COUNT.RD[UNIT0];20239150;100.00;;"
6843 [140461632403136] INFO perfrun.perfcollector <> - PERF_STAT : "     0.276707047;CPU10;5087;;UNC_M_CAS_COUNT.RD[UNIT0];20267381;100.00;;"
6843 [140461632403136] INFO perfrun.perfcollector <> - PERF_STAT : "     0.276707047;CPU0;5177;;UNC_M_CAS_COUNT.RD[UNIT1];20239476;100.00;;"
6843 [140461632403136] INFO perfrun.perfcollector <> - PERF_STAT : "     0.276707047;CPU10;4800;;UNC_M_CAS_COUNT.RD[UNIT1];20264775;100.00;;"
6843 [140461632403136] INFO perfrun.perfcollector <> - PERF_STAT : "     0.276707047;CPU0;6134;;UNC_M_CAS_COUNT.RD[UNIT4];20239532;100.00;;"
6843 [140461632403136] INFO perfrun.perfcollector <> - PERF_STAT : "     0.276707047;CPU10;5029;;UNC_M_CAS_COUNT.RD[UNIT4];20262814;100.00;;"
6843 [140461632403136] INFO perfrun.perfcollector <> - PERF_STAT : "     0.276707047;CPU0;5079;;UNC_M_CAS_COUNT.RD[UNIT5];20239665;100.00;;"
6843 [140461632403136] INFO perfrun.perfcollector <> - PERF_STAT : "     0.276707047;CPU10;4771;;UNC_M_CAS_COUNT.RD[UNIT5];20261171;100.00;;"
6843 [140461632403136] INFO perfrun.perfcollector <> - PERF_STAT : "     0.276707047;CPU0;9532;;UNC_M_CAS_COUNT.WR[UNIT0];20239881;100.00;;"
6843 [140461632403136] INFO perfrun.perfcollector <> - PERF_STAT : "     0.276707047;CPU10;10745;;UNC_M_CAS_COUNT.WR[UNIT0];20259270;100.00;;"
6843 [140461632403136] INFO perfrun.perfcollector <> - PERF_STAT : "     0.276707047;CPU0;8577;;UNC_M_CAS_COUNT.WR[UNIT1];20239922;100.00;;"
6843 [140461632403136] INFO perfrun.perfcollector <> - PERF_STAT : "     0.276707047;CPU10;10361;;UNC_M_CAS_COUNT.WR[UNIT1];20257619;100.00;;"
6843 [140461632403136] INFO perfrun.perfcollector <> - PERF_STAT : "     0.276707047;CPU0;9604;;UNC_M_CAS_COUNT.WR[UNIT4];20240081;100.00;;"
6843 [140461632403136] INFO perfrun.perfcollector <> - PERF_STAT : "     0.276707047;CPU10;10549;;UNC_M_CAS_COUNT.WR[UNIT4];20255904;100.00;;"
6843 [140461632403136] INFO perfrun.perfcollector <> - PERF_STAT : "     0.276707047;CPU0;8717;;UNC_M_CAS_COUNT.WR[UNIT5];20240420;100.00;;"
6843 [140461632403136] INFO perfrun.perfcollector <> - PERF_STAT : "     0.276707047;CPU10;10313;;UNC_M_CAS_COUNT.WR[UNIT5];20254232;100.00;;"
6853 [140461632403136] INFO perfrun.perfcollector <> - PERF_STAT : "     0.296916408;CPU0;1603;;UNC_M_CAS_COUNT.RD[UNIT0];10309331;100.00;;"
6853 [140461632403136] INFO perfrun.perfcollector <> - PERF_STAT : "     0.296916408;CPU10;434;;UNC_M_CAS_COUNT.RD[UNIT0];10288103;100.00;;"
6853 [140461632403136] INFO perfrun.perfcollector <> - PERF_STAT : "     0.296916408;CPU0;1051;;UNC_M_CAS_COUNT.RD[UNIT1];10309071;100.00;;"
6853 [140461632403136] INFO perfrun.perfcollector <> - PERF_STAT : "     0.296916408;CPU10;390;;UNC_M_CAS_COUNT.RD[UNIT1];10290799;100.00;;"
6853 [140461632403136] INFO perfrun.perfcollector <> - PERF_STAT : "     0.296916408;CPU0;1522;;UNC_M_CAS_COUNT.RD[UNIT4];10309366;100.00;;"
6853 [140461632403136] INFO perfrun.perfcollector <> - PERF_STAT : "     0.296916408;CPU10;328;;UNC_M_CAS_COUNT.RD[UNIT4];10292647;100.00;;"
6853 [140461632403136] INFO perfrun.perfcollector <> - PERF_STAT : "     0.296916408;CPU0;984;;UNC_M_CAS_COUNT.RD[UNIT5];10309602;100.00;;"
6853 [140461632403136] INFO perfrun.perfcollector <> - PERF_STAT : "     0.296916408;CPU10;348;;UNC_M_CAS_COUNT.RD[UNIT5];10294310;100.00;;"
6853 [140461632403136] INFO perfrun.perfcollector <> - PERF_STAT : "     0.296916408;CPU0;4594;;UNC_M_CAS_COUNT.WR[UNIT0];10309913;100.00;;"
6853 [140461632403136] INFO perfrun.perfcollector <> - PERF_STAT : "     0.296916408;CPU10;4266;;UNC_M_CAS_COUNT.WR[UNIT0];10296212;100.00;;"
6853 [140461632403136] INFO perfrun.perfcollector <> - PERF_STAT : "     0.296916408;CPU0;3951;;UNC_M_CAS_COUNT.WR[UNIT1];10310198;100.00;;"
6853 [140461632403136] INFO perfrun.perfcollector <> - PERF_STAT : "     0.296916408;CPU10;4193;;UNC_M_CAS_COUNT.WR[UNIT1];10297891;100.00;;"
6853 [140461632403136] INFO perfrun.perfcollector <> - PERF_STAT : "     0.296916408;CPU0;4522;;UNC_M_CAS_COUNT.WR[UNIT4];10310461;100.00;;"
6853 [140461632403136] INFO perfrun.perfcollector <> - PERF_STAT : "     0.296916408;CPU10;4289;;UNC_M_CAS_COUNT.WR[UNIT4];10299595;100.00;;"
6853 [140461632403136] INFO perfrun.perfcollector <> - PERF_STAT : "     0.296916408;CPU0;4007;;UNC_M_CAS_COUNT.WR[UNIT5];10310603;100.00;;"
6853 [140461632403136] INFO perfrun.perfcollector <> - PERF_STAT : "     0.296916408;CPU10;4175;;UNC_M_CAS_COUNT.WR[UNIT5];10301243;100.00;;"
6863 [140461632403136] INFO perfrun.perfcollector <> - PERF_STAT : "     0.307262151;CPU0;3926;;UNC_M_CAS_COUNT.RD[UNIT0];10350620;100.00;;"
6863 [140461632403136] INFO perfrun.perfcollector <> - PERF_STAT : "     0.307262151;CPU10;2793;;UNC_M_CAS_COUNT.RD[UNIT0];10359577;100.00;;"
6863 [140461632403136] INFO perfrun.perfcollector <> - PERF_STAT : "     0.307262151;CPU0;3310;;UNC_M_CAS_COUNT.RD[UNIT1];10350979;100.00;;"
6863 [140461632403136] INFO perfrun.perfcollector <> - PERF_STAT : "     0.307262151;CPU10;2699;;UNC_M_CAS_COUNT.RD[UNIT1];10356647;100.00;;"
6863 [140461632403136] INFO perfrun.perfcollector <> - PERF_STAT : "     0.307262151;CPU0;3867;;UNC_M_CAS_COUNT.RD[UNIT4];10351116;100.00;;"
6863 [140461632403136] INFO perfrun.perfcollector <> - PERF_STAT : "     0.307262151;CPU10;2688;;UNC_M_CAS_COUNT.RD[UNIT4];10354764;100.00;;"
6863 [140461632403136] INFO perfrun.perfcollector <> - PERF_STAT : "     0.307262151;CPU0;3312;;UNC_M_CAS_COUNT.RD[UNIT5];10351204;100.00;;"
6863 [140461632403136] INFO perfrun.perfcollector <> - PERF_STAT : "     0.307262151;CPU10;2644;;UNC_M_CAS_COUNT.RD[UNIT5];10352834;100.00;;"
6863 [140461632403136] INFO perfrun.perfcollector <> - PERF_STAT : "     0.307262151;CPU0;8584;;UNC_M_CAS_COUNT.WR[UNIT0];10351526;100.00;;"
6863 [140461632403136] INFO perfrun.perfcollector <> - PERF_STAT : "     0.307262151;CPU10;7704;;UNC_M_CAS_COUNT.WR[UNIT0];10350819;100.00;;"
6863 [140461632403136] INFO perfrun.perfcollector <> - PERF_STAT : "     0.307262151;CPU0;7964;;UNC_M_CAS_COUNT.WR[UNIT1];10351599;100.00;;"
6863 [140461632403136] INFO perfrun.perfcollector <> - PERF_STAT : "     0.307262151;CPU10;7567;;UNC_M_CAS_COUNT.WR[UNIT1];10348933;100.00;;"
6863 [140461632403136] INFO perfrun.perfcollector <> - PERF_STAT : "     0.307262151;CPU0;8558;;UNC_M_CAS_COUNT.WR[UNIT4];10351641;100.00;;"
6863 [140461632403136] INFO perfrun.perfcollector <> - PERF_STAT : "     0.307262151;CPU10;7789;;UNC_M_CAS_COUNT.WR[UNIT4];10347014;100.00;;"
6863 [140461632403136] INFO perfrun.perfcollector <> - PERF_STAT : "     0.307262151;CPU0;7998;;UNC_M_CAS_COUNT.WR[UNIT5];10351771;100.00;;"
6863 [140461632403136] INFO perfrun.perfcollector <> - PERF_STAT : "     0.307262151;CPU10;7876;;UNC_M_CAS_COUNT.WR[UNIT5];10345151;100.00;;"
6873 [140461632403136] INFO perfrun.perfcollector <> - PERF_STAT : "     0.317563005;CPU0;2615;;UNC_M_CAS_COUNT.RD[UNIT0];10279663;100.00;;"
6873 [140461632403136] INFO perfrun.perfcollector <> - PERF_STAT : "     0.317563005;CPU10;1892;;UNC_M_CAS_COUNT.RD[UNIT0];10266630;100.00;;"
6873 [140461632403136] INFO perfrun.perfcollector <> - PERF_STAT : "     0.317563005;CPU0;2056;;UNC_M_CAS_COUNT.RD[UNIT1];10280149;100.00;;"
6873 [140461632403136] INFO perfrun.perfcollector <> - PERF_STAT : "     0.317563005;CPU10;1844;;UNC_M_CAS_COUNT.RD[UNIT1];10266707;100.00;;"
6873 [140461632403136] INFO perfrun.perfcollector <> - PERF_STAT : "     0.317563005;CPU0;2550;;UNC_M_CAS_COUNT.RD[UNIT4];10280271;100.00;;"
6873 [140461632403136] INFO perfrun.perfcollector <> - PERF_STAT : "     0.317563005;CPU10;1803;;UNC_M_CAS_COUNT.RD[UNIT4];10266593;100.00;;"
6873 [140461632403136] INFO perfrun.perfcollector <> - PERF_STAT : "     0.317563005;CPU0;2001;;UNC_M_CAS_COUNT.RD[UNIT5];10280208;100.00;;"
6873 [140461632403136] INFO perfrun.perfcollector <> - PERF_STAT : "     0.317563005;CPU10;1828;;UNC_M_CAS_COUNT.RD[UNIT5];10266623;100.00;;"
6873 [140461632403136] INFO perfrun.perfcollector <> - PERF_STAT : "     0.317563005;CPU0;23245;;UNC_M_CAS_COUNT.WR[UNIT0];10280056;100.00;;"
6873 [140461632403136] INFO perfrun.perfcollector <> - PERF_STAT : "     0.317563005;CPU10;9584;;UNC_M_CAS_COUNT.WR[UNIT0];10266702;100.00;;"
6874 [140461632403136] INFO perfrun.perfcollector <> - PERF_STAT : "     0.317563005;CPU0;22888;;UNC_M_CAS_COUNT.WR[UNIT1];10280164;100.00;;"
6874 [140461632403136] INFO perfrun.perfcollector <> - PERF_STAT : "     0.317563005;CPU10;9633;;UNC_M_CAS_COUNT.WR[UNIT1];10267071;100.00;;"
6874 [140461632403136] INFO perfrun.perfcollector <> - PERF_STAT : "     0.317563005;CPU0;23210;;UNC_M_CAS_COUNT.WR[UNIT4];10280174;100.00;;"
6874 [140461632403136] INFO perfrun.perfcollector <> - PERF_STAT : "     0.317563005;CPU10;9550;;UNC_M_CAS_COUNT.WR[UNIT4];10267100;100.00;;"
6874 [140461632403136] INFO perfrun.perfcollector <> - PERF_STAT : "     0.317563005;CPU0;22646;;UNC_M_CAS_COUNT.WR[UNIT5];10280126;100.00;;"
6874 [140461632403136] INFO perfrun.perfcollector <> - PERF_STAT : "     0.317563005;CPU10;9341;;UNC_M_CAS_COUNT.WR[UNIT5];10267329;100.00;;"
6884 [140461632403136] INFO perfrun.perfcollector <> - PERF_STAT : "     0.327795801;CPU0;2695;;UNC_M_CAS_COUNT.RD[UNIT0];10231786;100.00;;"
6884 [140461632403136] INFO perfrun.perfcollector <> - PERF_STAT : "     0.327795801;CPU10;2996;;UNC_M_CAS_COUNT.RD[UNIT0];10230521;100.00;;"
6884 [140461632403136] INFO perfrun.perfcollector <> - PERF_STAT : "     0.327795801;CPU0;2200;;UNC_M_CAS_COUNT.RD[UNIT1];10231092;100.00;;"
6884 [140461632403136] INFO perfrun.perfcollector <> - PERF_STAT : "     0.327795801;CPU10;2626;;UNC_M_CAS_COUNT.RD[UNIT1];10230558;100.00;;"
6884 [140461632403136] INFO perfrun.perfcollector <> - PERF_STAT : "     0.327795801;CPU0;2457;;UNC_M_CAS_COUNT.RD[UNIT4];10231015;100.00;;"
6884 [140461632403136] INFO perfrun.perfcollector <> - PERF_STAT : "     0.327795801;CPU10;2937;;UNC_M_CAS_COUNT.RD[UNIT4];10230663;100.00;;"
6884 [140461632403136] INFO perfrun.perfcollector <> - PERF_STAT : "     0.327795801;CPU0;1974;;UNC_M_CAS_COUNT.RD[UNIT5];10231076;100.00;;"
6884 [140461632403136] INFO perfrun.perfcollector <> - PERF_STAT : "     0.327795801;CPU10;2626;;UNC_M_CAS_COUNT.RD[UNIT5];10230679;100.00;;"
6884 [140461632403136] INFO perfrun.perfcollector <> - PERF_STAT : "     0.327795801;CPU0;27786;;UNC_M_CAS_COUNT.WR[UNIT0];10230977;100.00;;"
6884 [140461632403136] INFO perfrun.perfcollector <> - PERF_STAT : "     0.327795801;CPU10;7079;;UNC_M_CAS_COUNT.WR[UNIT0];10230715;100.00;;"
6884 [140461632403136] INFO perfrun.perfcollector <> - PERF_STAT : "     0.327795801;CPU0;27468;;UNC_M_CAS_COUNT.WR[UNIT1];10230882;100.00;;"
6884 [140461632403136] INFO perfrun.perfcollector <> - PERF_STAT : "     0.327795801;CPU10;6745;;UNC_M_CAS_COUNT.WR[UNIT1];10230369;100.00;;"
6884 [140461632403136] INFO perfrun.perfcollector <> - PERF_STAT : "     0.327795801;CPU0;27931;;UNC_M_CAS_COUNT.WR[UNIT4];10231048;100.00;;"
6884 [140461632403136] INFO perfrun.perfcollector <> - PERF_STAT : "     0.327795801;CPU10;7046;;UNC_M_CAS_COUNT.WR[UNIT4];10230450;100.00;;"
6884 [140461632403136] INFO perfrun.perfcollector <> - PERF_STAT : "     0.327795801;CPU0;27442;;UNC_M_CAS_COUNT.WR[UNIT5];10230980;100.00;;"
6884 [140461632403136] INFO perfrun.perfcollector <> - PERF_STAT : "     0.327795801;CPU10;6576;;UNC_M_CAS_COUNT.WR[UNIT5];10230232;100.00;;"
6906 [140461632403136] INFO perfrun.perfcollector <> - PERF_STAT : "     0.338025495;CPU0;66282;;UNC_M_CAS_COUNT.RD[UNIT0];10256159;100.00;;"
6907 [140461632403136] INFO perfrun.perfcollector <> - PERF_STAT : "     0.338025495;CPU10;89179;;UNC_M_CAS_COUNT.RD[UNIT0];22775373;100.00;;"
6907 [140461632403136] INFO perfrun.perfcollector <> - PERF_STAT : "     0.338025495;CPU0;65849;;UNC_M_CAS_COUNT.RD[UNIT1];10258510;100.00;;"
6907 [140461632403136] INFO perfrun.perfcollector <> - PERF_STAT : "     0.338025495;CPU10;87423;;UNC_M_CAS_COUNT.RD[UNIT1];22778797;100.00;;"
6907 [140461632403136] INFO perfrun.perfcollector <> - PERF_STAT : "     0.338025495;CPU0;66531;;UNC_M_CAS_COUNT.RD[UNIT4];10258951;100.00;;"
6907 [140461632403136] INFO perfrun.perfcollector <> - PERF_STAT : "     0.338025495;CPU10;88135;;UNC_M_CAS_COUNT.RD[UNIT4];22779633;100.00;;"
6907 [140461632403136] INFO perfrun.perfcollector <> - PERF_STAT : "     0.338025495;CPU0;65946;;UNC_M_CAS_COUNT.RD[UNIT5];10259814;100.00;;"
6907 [140461632403136] INFO perfrun.perfcollector <> - PERF_STAT : "     0.338025495;CPU10;87366;;UNC_M_CAS_COUNT.RD[UNIT5];22782023;100.00;;"
6907 [140461632403136] INFO perfrun.perfcollector <> - PERF_STAT : "     0.338025495;CPU0;58970;;UNC_M_CAS_COUNT.WR[UNIT0];10260061;100.00;;"
6907 [140461632403136] INFO perfrun.perfcollector <> - PERF_STAT : "     0.338025495;CPU10;131389;;UNC_M_CAS_COUNT.WR[UNIT0];22783599;100.00;;"
6907 [140461632403136] INFO perfrun.perfcollector <> - PERF_STAT : "     0.338025495;CPU0;58294;;UNC_M_CAS_COUNT.WR[UNIT1];10260593;100.00;;"
6907 [140461632403136] INFO perfrun.perfcollector <> - PERF_STAT : "     0.338025495;CPU10;130024;;UNC_M_CAS_COUNT.WR[UNIT1];22784716;100.00;;"
6907 [140461632403136] INFO perfrun.perfcollector <> - PERF_STAT : "     0.338025495;CPU0;58962;;UNC_M_CAS_COUNT.WR[UNIT4];10260821;100.00;;"
6907 [140461632403136] INFO perfrun.perfcollector <> - PERF_STAT : "     0.338025495;CPU10;131687;;UNC_M_CAS_COUNT.WR[UNIT4];22785725;100.00;;"
6907 [140461632403136] INFO perfrun.perfcollector <> - PERF_STAT : "     0.338025495;CPU0;58184;;UNC_M_CAS_COUNT.WR[UNIT5];10261045;100.00;;"
6907 [140461632403136] INFO perfrun.perfcollector <> - PERF_STAT : "     0.338025495;CPU10;130269;;UNC_M_CAS_COUNT.WR[UNIT5];22786931;100.00;;"
6917 [140461632403136] INFO perfrun.perfcollector <> - PERF_STAT : "     0.360870128;CPU0;356133;;UNC_M_CAS_COUNT.RD[UNIT0];22828994;100.00;;"
6917 [140461632403136] INFO perfrun.perfcollector <> - PERF_STAT : "     0.360870128;CPU10;66054;;UNC_M_CAS_COUNT.RD[UNIT0];10315128;100.00;;"
6917 [140461632403136] INFO perfrun.perfcollector <> - PERF_STAT : "     0.360870128;CPU0;354738;;UNC_M_CAS_COUNT.RD[UNIT1];22827866;100.00;;"
6917 [140461632403136] INFO perfrun.perfcollector <> - PERF_STAT : "     0.360870128;CPU10;65358;;UNC_M_CAS_COUNT.RD[UNIT1];10312286;100.00;;"
6917 [140461632403136] INFO perfrun.perfcollector <> - PERF_STAT : "     0.360870128;CPU0;356316;;UNC_M_CAS_COUNT.RD[UNIT4];22827777;100.00;;"
6917 [140461632403136] INFO perfrun.perfcollector <> - PERF_STAT : "     0.360870128;CPU10;65716;;UNC_M_CAS_COUNT.RD[UNIT4];10312113;100.00;;"
6917 [140461632403136] INFO perfrun.perfcollector <> - PERF_STAT : "     0.360870128;CPU0;355623;;UNC_M_CAS_COUNT.RD[UNIT5];22827486;100.00;;"
6917 [140461632403136] INFO perfrun.perfcollector <> - PERF_STAT : "     0.360870128;CPU10;65373;;UNC_M_CAS_COUNT.RD[UNIT5];10310273;100.00;;"
6917 [140461632403136] INFO perfrun.perfcollector <> - PERF_STAT : "     0.360870128;CPU0;76605;;UNC_M_CAS_COUNT.WR[UNIT0];22827481;100.00;;"
6917 [140461632403136] INFO perfrun.perfcollector <> - PERF_STAT : "     0.360870128;CPU10;18756;;UNC_M_CAS_COUNT.WR[UNIT0];10309315;100.00;;"
6917 [140461632403136] INFO perfrun.perfcollector <> - PERF_STAT : "     0.360870128;CPU0;75215;;UNC_M_CAS_COUNT.WR[UNIT1];22827604;100.00;;"
6917 [140461632403136] INFO perfrun.perfcollector <> - PERF_STAT : "     0.360870128;CPU10;18052;;UNC_M_CAS_COUNT.WR[UNIT1];10308881;100.00;;"
6917 [140461632403136] INFO perfrun.perfcollector <> - PERF_STAT : "     0.360870128;CPU0;76086;;UNC_M_CAS_COUNT.WR[UNIT4];22827456;100.00;;"
6917 [140461632403136] INFO perfrun.perfcollector <> - PERF_STAT : "     0.360870128;CPU10;18643;;UNC_M_CAS_COUNT.WR[UNIT4];10308513;100.00;;"
6917 [140461632403136] INFO perfrun.perfcollector <> - PERF_STAT : "     0.360870128;CPU0;75506;;UNC_M_CAS_COUNT.WR[UNIT5];22827572;100.00;;"
6917 [140461632403136] INFO perfrun.perfcollector <> - PERF_STAT : "     0.360870128;CPU10;18059;;UNC_M_CAS_COUNT.WR[UNIT5];10308007;100.00;;"
6927 [140461632403136] INFO perfrun.perfcollector <> - PERF_STAT : "     0.371135320;CPU0;157931;;UNC_M_CAS_COUNT.RD[UNIT0];10262838;100.00;;"
6927 [140461632403136] INFO perfrun.perfcollector <> - PERF_STAT : "     0.371135320;CPU10;65912;;UNC_M_CAS_COUNT.RD[UNIT0];10263497;100.00;;"
6927 [140461632403136] INFO perfrun.perfcollector <> - PERF_STAT : "     0.371135320;CPU0;157489;;UNC_M_CAS_COUNT.RD[UNIT1];10261940;100.00;;"
6927 [140461632403136] INFO perfrun.perfcollector <> - PERF_STAT : "     0.371135320;CPU10;65250;;UNC_M_CAS_COUNT.RD[UNIT1];10263461;100.00;;"
6927 [140461632403136] INFO perfrun.perfcollector <> - PERF_STAT : "     0.371135320;CPU0;158453;;UNC_M_CAS_COUNT.RD[UNIT4];10261652;100.00;;"
6927 [140461632403136] INFO perfrun.perfcollector <> - PERF_STAT : "     0.371135320;CPU10;65923;;UNC_M_CAS_COUNT.RD[UNIT4];10263460;100.00;;"
6927 [140461632403136] INFO perfrun.perfcollector <> - PERF_STAT : "     0.371135320;CPU0;157338;;UNC_M_CAS_COUNT.RD[UNIT5];10261294;100.00;;"
6927 [140461632403136] INFO perfrun.perfcollector <> - PERF_STAT : "     0.371135320;CPU10;65194;;UNC_M_CAS_COUNT.RD[UNIT5];10263627;100.00;;"
6927 [140461632403136] INFO perfrun.perfcollector <> - PERF_STAT : "     0.371135320;CPU0;34131;;UNC_M_CAS_COUNT.WR[UNIT0];10261440;100.00;;"
6927 [140461632403136] INFO perfrun.perfcollector <> - PERF_STAT : "     0.371135320;CPU10;22698;;UNC_M_CAS_COUNT.WR[UNIT0];10263706;100.00;;"
6927 [140461632403136] INFO perfrun.perfcollector <> - PERF_STAT : "     0.371135320;CPU0;33727;;UNC_M_CAS_COUNT.WR[UNIT1];10261023;100.00;;"
6927 [140461632403136] INFO perfrun.perfcollector <> - PERF_STAT : "     0.371135320;CPU10;22082;;UNC_M_CAS_COUNT.WR[UNIT1];10263638;100.00;;"
6927 [140461632403136] INFO perfrun.perfcollector <> - PERF_STAT : "     0.371135320;CPU0;34147;;UNC_M_CAS_COUNT.WR[UNIT4];10261057;100.00;;"
6927 [140461632403136] INFO perfrun.perfcollector <> - PERF_STAT : "     0.371135320;CPU10;22425;;UNC_M_CAS_COUNT.WR[UNIT4];10263737;100.00;;"
6927 [140461632403136] INFO perfrun.perfcollector <> - PERF_STAT : "     0.371135320;CPU0;33637;;UNC_M_CAS_COUNT.WR[UNIT5];10261019;100.00;;"
6927 [140461632403136] INFO perfrun.perfcollector <> - PERF_STAT : "     0.371135320;CPU10;21987;;UNC_M_CAS_COUNT.WR[UNIT5];10263774;100.00;;"
6937 [140461632403136] INFO perfrun.perfcollector <> - PERF_STAT : "     0.381402631;CPU0;159387;;UNC_M_CAS_COUNT.RD[UNIT0];10263315;100.00;;"
6937 [140461632403136] INFO perfrun.perfcollector <> - PERF_STAT : "     0.381402631;CPU10;63719;;UNC_M_CAS_COUNT.RD[UNIT0];10258354;100.00;;"
6937 [140461632403136] INFO perfrun.perfcollector <> - PERF_STAT : "     0.381402631;CPU0;159014;;UNC_M_CAS_COUNT.RD[UNIT1];10262945;100.00;;"
6937 [140461632403136] INFO perfrun.perfcollector <> - PERF_STAT : "     0.381402631;CPU10;62920;;UNC_M_CAS_COUNT.RD[UNIT1];10257821;100.00;;"
6937 [140461632403136] INFO perfrun.perfcollector <> - PERF_STAT : "     0.381402631;CPU0;159809;;UNC_M_CAS_COUNT.RD[UNIT4];10262926;100.00;;"
6937 [140461632403136] INFO perfrun.perfcollector <> - PERF_STAT : "     0.381402631;CPU10;63490;;UNC_M_CAS_COUNT.RD[UNIT4];10257765;100.00;;"
6937 [140461632403136] INFO perfrun.perfcollector <> - PERF_STAT : "     0.381402631;CPU0;159102;;UNC_M_CAS_COUNT.RD[UNIT5];10262897;100.00;;"
6937 [140461632403136] INFO perfrun.perfcollector <> - PERF_STAT : "     0.381402631;CPU10;62913;;UNC_M_CAS_COUNT.RD[UNIT5];10257679;100.00;;"
6937 [140461632403136] INFO perfrun.perfcollector <> - PERF_STAT : "     0.381402631;CPU0;32637;;UNC_M_CAS_COUNT.WR[UNIT0];10262577;100.00;;"
6937 [140461632403136] INFO perfrun.perfcollector <> - PERF_STAT : "     0.381402631;CPU10;15862;;UNC_M_CAS_COUNT.WR[UNIT0];10257513;100.00;;"
6937 [140461632403136] INFO perfrun.perfcollector <> - PERF_STAT : "     0.381402631;CPU0;32017;;UNC_M_CAS_COUNT.WR[UNIT1];10262650;100.00;;"
6937 [140461632403136] INFO perfrun.perfcollector <> - PERF_STAT : "     0.381402631;CPU10;15184;;UNC_M_CAS_COUNT.WR[UNIT1];10257568;100.00;;"
6937 [140461632403136] INFO perfrun.perfcollector <> - PERF_STAT : "     0.381402631;CPU0;32657;;UNC_M_CAS_COUNT.WR[UNIT4];10262698;100.00;;"
6938 [140461632403136] INFO perfrun.perfcollector <> - PERF_STAT : "     0.381402631;CPU10;15808;;UNC_M_CAS_COUNT.WR[UNIT4];10257408;100.00;;"
6938 [140461632403136] INFO perfrun.perfcollector <> - PERF_STAT : "     0.381402631;CPU0;32169;;UNC_M_CAS_COUNT.WR[UNIT5];10262617;100.00;;"
6938 [140461632403136] INFO perfrun.perfcollector <> - PERF_STAT : "     0.381402631;CPU10;15279;;UNC_M_CAS_COUNT.WR[UNIT5];10257328;100.00;;"
6947 [140461632403136] INFO perfrun.perfcollector <> - PERF_STAT : "     0.391654171;CPU0;155017;;UNC_M_CAS_COUNT.RD[UNIT0];10249712;100.00;;"
6947 [140461632403136] INFO perfrun.perfcollector <> - PERF_STAT : "     0.391654171;CPU10;64409;;UNC_M_CAS_COUNT.RD[UNIT0];10250135;100.00;;"
6948 [140461632403136] INFO perfrun.perfcollector <> - PERF_STAT : "     0.391654171;CPU0;154535;;UNC_M_CAS_COUNT.RD[UNIT1];10249746;100.00;;"
6948 [140461632403136] INFO perfrun.perfcollector <> - PERF_STAT : "     0.391654171;CPU10;63662;;UNC_M_CAS_COUNT.RD[UNIT1];10250094;100.00;;"
6948 [140461632403136] INFO perfrun.perfcollector <> - PERF_STAT : "     0.391654171;CPU0;155241;;UNC_M_CAS_COUNT.RD[UNIT4];10250047;100.00;;"
6948 [140461632403136] INFO perfrun.perfcollector <> - PERF_STAT : "     0.391654171;CPU10;64049;;UNC_M_CAS_COUNT.RD[UNIT4];10250161;100.00;;"
6948 [140461632403136] INFO perfrun.perfcollector <> - PERF_STAT : "     0.391654171;CPU0;154638;;UNC_M_CAS_COUNT.RD[UNIT5];10250082;100.00;;"
6948 [140461632403136] INFO perfrun.perfcollector <> - PERF_STAT : "     0.391654171;CPU10;63843;;UNC_M_CAS_COUNT.RD[UNIT5];10250126;100.00;;"
6948 [140461632403136] INFO perfrun.perfcollector <> - PERF_STAT : "     0.391654171;CPU0;31466;;UNC_M_CAS_COUNT.WR[UNIT0];10250202;100.00;;"
6948 [140461632403136] INFO perfrun.perfcollector <> - PERF_STAT : "     0.391654171;CPU10;14711;;UNC_M_CAS_COUNT.WR[UNIT0];10250270;100.00;;"
6948 [140461632403136] INFO perfrun.perfcollector <> - PERF_STAT : "     0.391654171;CPU0;31028;;UNC_M_CAS_COUNT.WR[UNIT1];10250144;100.00;;"
6948 [140461632403136] INFO perfrun.perfcollector <> - PERF_STAT : "     0.391654171;CPU10;14044;;UNC_M_CAS_COUNT.WR[UNIT1];10250281;100.00;;"
6948 [140461632403136] INFO perfrun.perfcollector <> - PERF_STAT : "     0.391654171;CPU0;31415;;UNC_M_CAS_COUNT.WR[UNIT4];10250016;100.00;;"
6948 [140461632403136] INFO perfrun.perfcollector <> - PERF_STAT : "     0.391654171;CPU10;14735;;UNC_M_CAS_COUNT.WR[UNIT4];10250284;100.00;;"
6948 [140461632403136] INFO perfrun.perfcollector <> - PERF_STAT : "     0.391654171;CPU0;30986;;UNC_M_CAS_COUNT.WR[UNIT5];10250057;100.00;;"
6948 [140461632403136] INFO perfrun.perfcollector <> - PERF_STAT : "     0.391654171;CPU10;14208;;UNC_M_CAS_COUNT.WR[UNIT5];10250447;100.00;;"
6958 [140461632403136] INFO perfrun.perfcollector <> - PERF_STAT : "     0.401902426;CPU0;156213;;UNC_M_CAS_COUNT.RD[UNIT0];10247544;100.00;;"
6958 [140461632403136] INFO perfrun.perfcollector <> - PERF_STAT : "     0.401902426;CPU10;61093;;UNC_M_CAS_COUNT.RD[UNIT0];10246515;100.00;;"
6958 [140461632403136] INFO perfrun.perfcollector <> - PERF_STAT : "     0.401902426;CPU0;155360;;UNC_M_CAS_COUNT.RD[UNIT1];10247483;100.00;;"
6958 [140461632403136] INFO perfrun.perfcollector <> - PERF_STAT : "     0.401902426;CPU10;60478;;UNC_M_CAS_COUNT.RD[UNIT1];10246665;100.00;;"
6958 [140461632403136] INFO perfrun.perfcollector <> - PERF_STAT : "     0.401902426;CPU0;156594;;UNC_M_CAS_COUNT.RD[UNIT4];10247268;100.00;;"
6958 [140461632403136] INFO perfrun.perfcollector <> - PERF_STAT : "     0.401902426;CPU10;61048;;UNC_M_CAS_COUNT.RD[UNIT4];10246601;100.00;;"
6958 [140461632403136] INFO perfrun.perfcollector <> - PERF_STAT : "     0.401902426;CPU0;155651;;UNC_M_CAS_COUNT.RD[UNIT5];10247270;100.00;;"
6958 [140461632403136] INFO perfrun.perfcollector <> - PERF_STAT : "     0.401902426;CPU10;60507;;UNC_M_CAS_COUNT.RD[UNIT5];10246628;100.00;;"
6958 [140461632403136] INFO perfrun.perfcollector <> - PERF_STAT : "     0.401902426;CPU0;33035;;UNC_M_CAS_COUNT.WR[UNIT0];10247272;100.00;;"
6958 [140461632403136] INFO perfrun.perfcollector <> - PERF_STAT : "     0.401902426;CPU10;11813;;UNC_M_CAS_COUNT.WR[UNIT0];10246577;100.00;;"
6958 [140461632403136] INFO perfrun.perfcollector <> - PERF_STAT : "     0.401902426;CPU0;32430;;UNC_M_CAS_COUNT.WR[UNIT1];10247141;100.00;;"
6958 [140461632403136] INFO perfrun.perfcollector <> - PERF_STAT : "     0.401902426;CPU10;11255;;UNC_M_CAS_COUNT.WR[UNIT1];10246551;100.00;;"
6958 [140461632403136] INFO perfrun.perfcollector <> - PERF_STAT : "     0.401902426;CPU0;33078;;UNC_M_CAS_COUNT.WR[UNIT4];10247128;100.00;;"
6958 [140461632403136] INFO perfrun.perfcollector <> - PERF_STAT : "     0.401902426;CPU10;11754;;UNC_M_CAS_COUNT.WR[UNIT4];10246584;100.00;;"
6958 [140461632403136] INFO perfrun.perfcollector <> - PERF_STAT : "     0.401902426;CPU0;32504;;UNC_M_CAS_COUNT.WR[UNIT5];10246987;100.00;;"
6958 [140461632403136] INFO perfrun.perfcollector <> - PERF_STAT : "     0.401902426;CPU10;11286;;UNC_M_CAS_COUNT.WR[UNIT5];10246445;100.00;;"
6968 [140461632403136] INFO perfrun.perfcollector <> - PERF_STAT : "     0.412148227;CPU0;150786;;UNC_M_CAS_COUNT.RD[UNIT0];10246432;100.00;;"
6968 [140461632403136] INFO perfrun.perfcollector <> - PERF_STAT : "     0.412148227;CPU10;62672;;UNC_M_CAS_COUNT.RD[UNIT0];10247706;100.00;;"
6968 [140461632403136] INFO perfrun.perfcollector <> - PERF_STAT : "     0.412148227;CPU0;149589;;UNC_M_CAS_COUNT.RD[UNIT1];10246626;100.00;;"
6968 [140461632403136] INFO perfrun.perfcollector <> - PERF_STAT : "     0.412148227;CPU10;61984;;UNC_M_CAS_COUNT.RD[UNIT1];10247815;100.00;;"
6968 [140461632403136] INFO perfrun.perfcollector <> - PERF_STAT : "     0.412148227;CPU0;150966;;UNC_M_CAS_COUNT.RD[UNIT4];10246534;100.00;;"
6968 [140461632403136] INFO perfrun.perfcollector <> - PERF_STAT : "     0.412148227;CPU10;62543;;UNC_M_CAS_COUNT.RD[UNIT4];10247766;100.00;;"
6968 [140461632403136] INFO perfrun.perfcollector <> - PERF_STAT : "     0.412148227;CPU0;149369;;UNC_M_CAS_COUNT.RD[UNIT5];10246556;100.00;;"
6968 [140461632403136] INFO perfrun.perfcollector <> - PERF_STAT : "     0.412148227;CPU10;61807;;UNC_M_CAS_COUNT.RD[UNIT5];10247780;100.00;;"
6968 [140461632403136] INFO perfrun.perfcollector <> - PERF_STAT : "     0.412148227;CPU0;27826;;UNC_M_CAS_COUNT.WR[UNIT0];10246525;100.00;;"
6968 [140461632403136] INFO perfrun.perfcollector <> - PERF_STAT : "     0.412148227;CPU10;14742;;UNC_M_CAS_COUNT.WR[UNIT0];10247699;100.00;;"
6968 [140461632403136] INFO perfrun.perfcollector <> - PERF_STAT : "     0.412148227;CPU0;27095;;UNC_M_CAS_COUNT.WR[UNIT1];10246540;100.00;;"
6968 [140461632403136] INFO perfrun.perfcollector <> - PERF_STAT : "     0.412148227;CPU10;14166;;UNC_M_CAS_COUNT.WR[UNIT1];10247671;100.00;;"
6968 [140461632403136] INFO perfrun.perfcollector <> - PERF_STAT : "     0.412148227;CPU0;27751;;UNC_M_CAS_COUNT.WR[UNIT4];10246545;100.00;;"
6968 [140461632403136] INFO perfrun.perfcollector <> - PERF_STAT : "     0.412148227;CPU10;14814;;UNC_M_CAS_COUNT.WR[UNIT4];10247618;100.00;;"
6968 [140461632403136] INFO perfrun.perfcollector <> - PERF_STAT : "     0.412148227;CPU0;27132;;UNC_M_CAS_COUNT.WR[UNIT5];10246597;100.00;;"
6968 [140461632403136] INFO perfrun.perfcollector <> - PERF_STAT : "     0.412148227;CPU10;14203;;UNC_M_CAS_COUNT.WR[UNIT5];10247622;100.00;;"
6978 [140461632403136] INFO perfrun.perfcollector <> - PERF_STAT : "     0.422396955;CPU0;155574;;UNC_M_CAS_COUNT.RD[UNIT0];10249359;100.00;;"
6978 [140461632403136] INFO perfrun.perfcollector <> - PERF_STAT : "     0.422396955;CPU10;62321;;UNC_M_CAS_COUNT.RD[UNIT0];10249218;100.00;;"
6978 [140461632403136] INFO perfrun.perfcollector <> - PERF_STAT : "     0.422396955;CPU0;155073;;UNC_M_CAS_COUNT.RD[UNIT1];10249232;100.00;;"
6978 [140461632403136] INFO perfrun.perfcollector <> - PERF_STAT : "     0.422396955;CPU10;61841;;UNC_M_CAS_COUNT.RD[UNIT1];10249040;100.00;;"
6978 [140461632403136] INFO perfrun.perfcollector <> - PERF_STAT : "     0.422396955;CPU0;155527;;UNC_M_CAS_COUNT.RD[UNIT4];10249276;100.00;;"
6978 [140461632403136] INFO perfrun.perfcollector <> - PERF_STAT : "     0.422396955;CPU10;62294;;UNC_M_CAS_COUNT.RD[UNIT4];10249104;100.00;;"
6978 [140461632403136] INFO perfrun.perfcollector <> - PERF_STAT : "     0.422396955;CPU0;154682;;UNC_M_CAS_COUNT.RD[UNIT5];10249248;100.00;;"
6978 [140461632403136] INFO perfrun.perfcollector <> - PERF_STAT : "     0.422396955;CPU10;61772;;UNC_M_CAS_COUNT.RD[UNIT5];10249095;100.00;;"
6978 [140461632403136] INFO perfrun.perfcollector <> - PERF_STAT : "     0.422396955;CPU0;32178;;UNC_M_CAS_COUNT.WR[UNIT0];10249247;100.00;;"
6978 [140461632403136] INFO perfrun.perfcollector <> - PERF_STAT : "     0.422396955;CPU10;10922;;UNC_M_CAS_COUNT.WR[UNIT0];10249140;100.00;;"
6978 [140461632403136] INFO perfrun.perfcollector <> - PERF_STAT : "     0.422396955;CPU0;31591;;UNC_M_CAS_COUNT.WR[UNIT1];10249358;100.00;;"
6978 [140461632403136] INFO perfrun.perfcollector <> - PERF_STAT : "     0.422396955;CPU10;10424;;UNC_M_CAS_COUNT.WR[UNIT1];10249124;100.00;;"
6979 [140461632403136] INFO perfrun.perfcollector <> - PERF_STAT : "     0.422396955;CPU0;31983;;UNC_M_CAS_COUNT.WR[UNIT4];10249482;100.00;;"
6979 [140461632403136] INFO perfrun.perfcollector <> - PERF_STAT : "     0.422396955;CPU10;10998;;UNC_M_CAS_COUNT.WR[UNIT4];10249117;100.00;;"
6979 [140461632403136] INFO perfrun.perfcollector <> - PERF_STAT : "     0.422396955;CPU0;31629;;UNC_M_CAS_COUNT.WR[UNIT5];10249571;100.00;;"
6979 [140461632403136] INFO perfrun.perfcollector <> - PERF_STAT : "     0.422396955;CPU10;10508;;UNC_M_CAS_COUNT.WR[UNIT5];10249097;100.00;;"
6988 [140461632403136] INFO perfrun.perfcollector <> - PERF_STAT : "     0.432644925;CPU0;161411;;UNC_M_CAS_COUNT.RD[UNIT0];10246712;100.00;;"
6988 [140461632403136] INFO perfrun.perfcollector <> - PERF_STAT : "     0.432644925;CPU10;64263;;UNC_M_CAS_COUNT.RD[UNIT0];10245716;100.00;;"
6989 [140461632403136] INFO perfrun.perfcollector <> - PERF_STAT : "     0.432644925;CPU0;160700;;UNC_M_CAS_COUNT.RD[UNIT1];10246780;100.00;;"
6989 [140461632403136] INFO perfrun.perfcollector <> - PERF_STAT : "     0.432644925;CPU10;63559;;UNC_M_CAS_COUNT.RD[UNIT1];10245973;100.00;;"
6989 [140461632403136] INFO perfrun.perfcollector <> - PERF_STAT : "     0.432644925;CPU0;161378;;UNC_M_CAS_COUNT.RD[UNIT4];10246832;100.00;;"
6989 [140461632403136] INFO perfrun.perfcollector <> - PERF_STAT : "     0.432644925;CPU10;64086;;UNC_M_CAS_COUNT.RD[UNIT4];10245912;100.00;;"
6989 [140461632403136] INFO perfrun.perfcollector <> - PERF_STAT : "     0.432644925;CPU0;160787;;UNC_M_CAS_COUNT.RD[UNIT5];10246727;100.00;;"
6989 [140461632403136] INFO perfrun.perfcollector <> - PERF_STAT : "     0.432644925;CPU10;63622;;UNC_M_CAS_COUNT.RD[UNIT5];10245848;100.00;;"
6989 [140461632403136] INFO perfrun.perfcollector <> - PERF_STAT : "     0.432644925;CPU0;31565;;UNC_M_CAS_COUNT.WR[UNIT0];10246766;100.00;;"
6989 [140461632403136] INFO perfrun.perfcollector <> - PERF_STAT : "     0.432644925;CPU10;14505;;UNC_M_CAS_COUNT.WR[UNIT0];10245827;100.00;;"
6989 [140461632403136] INFO perfrun.perfcollector <> - PERF_STAT : "     0.432644925;CPU0;30873;;UNC_M_CAS_COUNT.WR[UNIT1];10246764;100.00;;"
6989 [140461632403136] INFO perfrun.perfcollector <> - PERF_STAT : "     0.432644925;CPU10;13940;;UNC_M_CAS_COUNT.WR[UNIT1];10245854;100.00;;"
6989 [140461632403136] INFO perfrun.perfcollector <> - PERF_STAT : "     0.432644925;CPU0;31425;;UNC_M_CAS_COUNT.WR[UNIT4];10246655;100.00;;"
6989 [140461632403136] INFO perfrun.perfcollector <> - PERF_STAT : "     0.432644925;CPU10;14512;;UNC_M_CAS_COUNT.WR[UNIT4];10245870;100.00;;"
6989 [140461632403136] INFO perfrun.perfcollector <> - PERF_STAT : "     0.432644925;CPU0;30966;;UNC_M_CAS_COUNT.WR[UNIT5];10246656;100.00;;"
6989 [140461632403136] INFO perfrun.perfcollector <> - PERF_STAT : "     0.432644925;CPU10;13995;;UNC_M_CAS_COUNT.WR[UNIT5];10245902;100.00;;"
6999 [140461632403136] INFO perfrun.perfcollector <> - PERF_STAT : "     0.442889099;CPU0;154722;;UNC_M_CAS_COUNT.RD[UNIT0];10244334;100.00;;"
6999 [140461632403136] INFO perfrun.perfcollector <> - PERF_STAT : "     0.442889099;CPU10;65606;;UNC_M_CAS_COUNT.RD[UNIT0];10243736;100.00;;"
6999 [140461632403136] INFO perfrun.perfcollector <> - PERF_STAT : "     0.442889099;CPU0;154347;;UNC_M_CAS_COUNT.RD[UNIT1];10244418;100.00;;"
6999 [140461632403136] INFO perfrun.perfcollector <> - PERF_STAT : "     0.442889099;CPU10;64826;;UNC_M_CAS_COUNT.RD[UNIT1];10243627;100.00;;"
6999 [140461632403136] INFO perfrun.perfcollector <> - PERF_STAT : "     0.442889099;CPU0;154744;;UNC_M_CAS_COUNT.RD[UNIT4];10244345;100.00;;"
6999 [140461632403136] INFO perfrun.perfcollector <> - PERF_STAT : "     0.442889099;CPU10;65569;;UNC_M_CAS_COUNT.RD[UNIT4];10243744;100.00;;"
6999 [140461632403136] INFO perfrun.perfcollector <> - PERF_STAT : "     0.442889099;CPU0;154221;;UNC_M_CAS_COUNT.RD[UNIT5];10244398;100.00;;"
6999 [140461632403136] INFO perfrun.perfcollector <> - PERF_STAT : "     0.442889099;CPU10;64800;;UNC_M_CAS_COUNT.RD[UNIT5];10243715;100.00;;"
6999 [140461632403136] INFO perfrun.perfcollector <> - PERF_STAT : "     0.442889099;CPU0;31157;;UNC_M_CAS_COUNT.WR[UNIT0];10244285;100.00;;"
6999 [140461632403136] INFO perfrun.perfcollector <> - PERF_STAT : "     0.442889099;CPU10;13860;;UNC_M_CAS_COUNT.WR[UNIT0];10243887;100.00;;"
6999 [140461632403136] INFO perfrun.perfcollector <> - PERF_STAT : "     0.442889099;CPU0;30903;;UNC_M_CAS_COUNT.WR[UNIT1];10244210;100.00;;"
6999 [140461632403136] INFO perfrun.perfcollector <> - PERF_STAT : "     0.442889099;CPU10;13351;;UNC_M_CAS_COUNT.WR[UNIT1];10244035;100.00;;"
6999 [140461632403136] INFO perfrun.perfcollector <> - PERF_STAT : "     0.442889099;CPU0;31319;;UNC_M_CAS_COUNT.WR[UNIT4];10244288;100.00;;"
6999 [140461632403136] INFO perfrun.perfcollector <> - PERF_STAT : "     0.442889099;CPU10;13829;;UNC_M_CAS_COUNT.WR[UNIT4];10244129;100.00;;"
6999 [140461632403136] INFO perfrun.perfcollector <> - PERF_STAT : "     0.442889099;CPU0;30783;;UNC_M_CAS_COUNT.WR[UNIT5];10244227;100.00;;"
6999 [140461632403136] INFO perfrun.perfcollector <> - PERF_STAT : "     0.442889099;CPU10;13363;;UNC_M_CAS_COUNT.WR[UNIT5];10244218;100.00;;"
7009 [140461632403136] INFO perfrun.perfcollector <> - PERF_STAT : "     0.453136631;CPU0;160378;;UNC_M_CAS_COUNT.RD[UNIT0];10247693;100.00;;"
7009 [140461632403136] INFO perfrun.perfcollector <> - PERF_STAT : "     0.453136631;CPU10;61912;;UNC_M_CAS_COUNT.RD[UNIT0];10247070;100.00;;"
7009 [140461632403136] INFO perfrun.perfcollector <> - PERF_STAT : "     0.453136631;CPU0;160027;;UNC_M_CAS_COUNT.RD[UNIT1];10247915;100.00;;"
7009 [140461632403136] INFO perfrun.perfcollector <> - PERF_STAT : "     0.453136631;CPU10;61009;;UNC_M_CAS_COUNT.RD[UNIT1];10247063;100.00;;"
7009 [140461632403136] INFO perfrun.perfcollector <> - PERF_STAT : "     0.453136631;CPU0;160723;;UNC_M_CAS_COUNT.RD[UNIT4];10247997;100.00;;"
7009 [140461632403136] INFO perfrun.perfcollector <> - PERF_STAT : "     0.453136631;CPU10;61562;;UNC_M_CAS_COUNT.RD[UNIT4];10246972;100.00;;"
7009 [140461632403136] INFO perfrun.perfcollector <> - PERF_STAT : "     0.453136631;CPU0;160131;;UNC_M_CAS_COUNT.RD[UNIT5];10248017;100.00;;"
7009 [140461632403136] INFO perfrun.perfcollector <> - PERF_STAT : "     0.453136631;CPU10;61087;;UNC_M_CAS_COUNT.RD[UNIT5];10246922;100.00;;"
7009 [140461632403136] INFO perfrun.perfcollector <> - PERF_STAT : "     0.453136631;CPU0;33324;;UNC_M_CAS_COUNT.WR[UNIT0];10248033;100.00;;"
7009 [140461632403136] INFO perfrun.perfcollector <> - PERF_STAT : "     0.453136631;CPU10;11728;;UNC_M_CAS_COUNT.WR[UNIT0];10246821;100.00;;"
7009 [140461632403136] INFO perfrun.perfcollector <> - PERF_STAT : "     0.453136631;CPU0;32923;;UNC_M_CAS_COUNT.WR[UNIT1];10247984;100.00;;"
7009 [140461632403136] INFO perfrun.perfcollector <> - PERF_STAT : "     0.453136631;CPU10;11066;;UNC_M_CAS_COUNT.WR[UNIT1];10246670;100.00;;"
7009 [140461632403136] INFO perfrun.perfcollector <> - PERF_STAT : "     0.453136631;CPU0;33347;;UNC_M_CAS_COUNT.WR[UNIT4];10247912;100.00;;"
7009 [140461632403136] INFO perfrun.perfcollector <> - PERF_STAT : "     0.453136631;CPU10;11714;;UNC_M_CAS_COUNT.WR[UNIT4];10246518;100.00;;"
7009 [140461632403136] INFO perfrun.perfcollector <> - PERF_STAT : "     0.453136631;CPU0;32946;;UNC_M_CAS_COUNT.WR[UNIT5];10247936;100.00;;"
7009 [140461632403136] INFO perfrun.perfcollector <> - PERF_STAT : "     0.453136631;CPU10;11044;;UNC_M_CAS_COUNT.WR[UNIT5];10246332;100.00;;"
7019 [140461632403136] INFO perfrun.perfcollector <> - PERF_STAT : "     0.463373525;CPU0;153325;;UNC_M_CAS_COUNT.RD[UNIT0];10240158;100.00;;"
7019 [140461632403136] INFO perfrun.perfcollector <> - PERF_STAT : "     0.463373525;CPU10;63080;;UNC_M_CAS_COUNT.RD[UNIT0];10243038;100.00;;"
7019 [140461632403136] INFO perfrun.perfcollector <> - PERF_STAT : "     0.463373525;CPU0;152987;;UNC_M_CAS_COUNT.RD[UNIT1];10240441;100.00;;"
7019 [140461632403136] INFO perfrun.perfcollector <> - PERF_STAT : "     0.463373525;CPU10;62304;;UNC_M_CAS_COUNT.RD[UNIT1];10242997;100.00;;"
7019 [140461632403136] INFO perfrun.perfcollector <> - PERF_STAT : "     0.463373525;CPU0;153654;;UNC_M_CAS_COUNT.RD[UNIT4];10240391;100.00;;"
7019 [140461632403136] INFO perfrun.perfcollector <> - PERF_STAT : "     0.463373525;CPU10;62713;;UNC_M_CAS_COUNT.RD[UNIT4];10242968;100.00;;"
7019 [140461632403136] INFO perfrun.perfcollector <> - PERF_STAT : "     0.463373525;CPU0;153199;;UNC_M_CAS_COUNT.RD[UNIT5];10240303;100.00;;"
7019 [140461632403136] INFO perfrun.perfcollector <> - PERF_STAT : "     0.463373525;CPU10;62537;;UNC_M_CAS_COUNT.RD[UNIT5];10243122;100.00;;"
7019 [140461632403136] INFO perfrun.perfcollector <> - PERF_STAT : "     0.463373525;CPU0;28314;;UNC_M_CAS_COUNT.WR[UNIT0];10240312;100.00;;"
7019 [140461632403136] INFO perfrun.perfcollector <> - PERF_STAT : "     0.463373525;CPU10;15318;;UNC_M_CAS_COUNT.WR[UNIT0];10243106;100.00;;"
7019 [140461632403136] INFO perfrun.perfcollector <> - PERF_STAT : "     0.463373525;CPU0;27801;;UNC_M_CAS_COUNT.WR[UNIT1];10240431;100.00;;"
7019 [140461632403136] INFO perfrun.perfcollector <> - PERF_STAT : "     0.463373525;CPU10;14867;;UNC_M_CAS_COUNT.WR[UNIT1];10243058;100.00;;"
7019 [140461632403136] INFO perfrun.perfcollector <> - PERF_STAT : "     0.463373525;CPU0;28181;;UNC_M_CAS_COUNT.WR[UNIT4];10240414;100.00;;"
7019 [140461632403136] INFO perfrun.perfcollector <> - PERF_STAT : "     0.463373525;CPU10;15360;;UNC_M_CAS_COUNT.WR[UNIT4];10243098;100.00;;"
7020 [140461632403136] INFO perfrun.perfcollector <> - PERF_STAT : "     0.463373525;CPU0;27808;;UNC_M_CAS_COUNT.WR[UNIT5];10240428;100.00;;"
7020 [140461632403136] INFO perfrun.perfcollector <> - PERF_STAT : "     0.463373525;CPU10;14899;;UNC_M_CAS_COUNT.WR[UNIT5];10243200;100.00;;"
7029 [140461632403136] INFO perfrun.perfcollector <> - PERF_STAT : "     0.473620466;CPU0;155741;;UNC_M_CAS_COUNT.RD[UNIT0];10244976;100.00;;"
7029 [140461632403136] INFO perfrun.perfcollector <> - PERF_STAT : "     0.473620466;CPU10;60534;;UNC_M_CAS_COUNT.RD[UNIT0];10244835;100.00;;"
7029 [140461632403136] INFO perfrun.perfcollector <> - PERF_STAT : "     0.473620466;CPU0;155071;;UNC_M_CAS_COUNT.RD[UNIT1];10244497;100.00;;"
7030 [140461632403136] INFO perfrun.perfcollector <> - PERF_STAT : "     0.473620466;CPU10;59949;;UNC_M_CAS_COUNT.RD[UNIT1];10245178;100.00;;"
7030 [140461632403136] INFO perfrun.perfcollector <> - PERF_STAT : "     0.473620466;CPU0;156195;;UNC_M_CAS_COUNT.RD[UNIT4];10244521;100.00;;"
7030 [140461632403136] INFO perfrun.perfcollector <> - PERF_STAT : "     0.473620466;CPU10;60423;;UNC_M_CAS_COUNT.RD[UNIT4];10245405;100.00;;"
7030 [140461632403136] INFO perfrun.perfcollector <> - PERF_STAT : "     0.473620466;CPU0;155427;;UNC_M_CAS_COUNT.RD[UNIT5];10244615;100.00;;"
7030 [140461632403136] INFO perfrun.perfcollector <> - PERF_STAT : "     0.473620466;CPU10;59947;;UNC_M_CAS_COUNT.RD[UNIT5];10245419;100.00;;"
7030 [140461632403136] INFO perfrun.perfcollector <> - PERF_STAT : "     0.473620466;CPU0;33696;;UNC_M_CAS_COUNT.WR[UNIT0];10244610;100.00;;"
7030 [140461632403136] INFO perfrun.perfcollector <> - PERF_STAT : "     0.473620466;CPU10;11178;;UNC_M_CAS_COUNT.WR[UNIT0];10245550;100.00;;"
7030 [140461632403136] INFO perfrun.perfcollector <> - PERF_STAT : "     0.473620466;CPU0;33045;;UNC_M_CAS_COUNT.WR[UNIT1];10244660;100.00;;"
7030 [140461632403136] INFO perfrun.perfcollector <> - PERF_STAT : "     0.473620466;CPU10;10696;;UNC_M_CAS_COUNT.WR[UNIT1];10245732;100.00;;"
7030 [140461632403136] INFO perfrun.perfcollector <> - PERF_STAT : "     0.473620466;CPU0;33635;;UNC_M_CAS_COUNT.WR[UNIT4];10244753;100.00;;"
7030 [140461632403136] INFO perfrun.perfcollector <> - PERF_STAT : "     0.473620466;CPU10;11170;;UNC_M_CAS_COUNT.WR[UNIT4];10245745;100.00;;"
7030 [140461632403136] INFO perfrun.perfcollector <> - PERF_STAT : "     0.473620466;CPU0;33074;;UNC_M_CAS_COUNT.WR[UNIT5];10244822;100.00;;"
7030 [140461632403136] INFO perfrun.perfcollector <> - PERF_STAT : "     0.473620466;CPU10;10572;;UNC_M_CAS_COUNT.WR[UNIT5];10245778;100.00;;"
7040 [140461632403136] INFO perfrun.perfcollector <> - PERF_STAT : "     0.483871489;CPU0;155615;;UNC_M_CAS_COUNT.RD[UNIT0];10250829;100.00;;"
7040 [140461632403136] INFO perfrun.perfcollector <> - PERF_STAT : "     0.483871489;CPU10;65670;;UNC_M_CAS_COUNT.RD[UNIT0];10249321;100.00;;"
7040 [140461632403136] INFO perfrun.perfcollector <> - PERF_STAT : "     0.483871489;CPU0;154622;;UNC_M_CAS_COUNT.RD[UNIT1];10250827;100.00;;"
7040 [140461632403136] INFO perfrun.perfcollector <> - PERF_STAT : "     0.483871489;CPU10;64819;;UNC_M_CAS_COUNT.RD[UNIT1];10249003;100.00;;"
7040 [140461632403136] INFO perfrun.perfcollector <> - PERF_STAT : "     0.483871489;CPU0;155257;;UNC_M_CAS_COUNT.RD[UNIT4];10250848;100.00;;"
7040 [140461632403136] INFO perfrun.perfcollector <> - PERF_STAT : "     0.483871489;CPU10;65433;;UNC_M_CAS_COUNT.RD[UNIT4];10248809;100.00;;"
7040 [140461632403136] INFO perfrun.perfcollector <> - PERF_STAT : "     0.483871489;CPU0;154966;;UNC_M_CAS_COUNT.RD[UNIT5];10250881;100.00;;"
7040 [140461632403136] INFO perfrun.perfcollector <> - PERF_STAT : "     0.483871489;CPU10;64751;;UNC_M_CAS_COUNT.RD[UNIT5];10248726;100.00;;"
7040 [140461632403136] INFO perfrun.perfcollector <> - PERF_STAT : "     0.483871489;CPU0;28364;;UNC_M_CAS_COUNT.WR[UNIT0];10250862;100.00;;"
7040 [140461632403136] INFO perfrun.perfcollector <> - PERF_STAT : "     0.483871489;CPU10;15661;;UNC_M_CAS_COUNT.WR[UNIT0];10248617;100.00;;"
7040 [140461632403136] INFO perfrun.perfcollector <> - PERF_STAT : "     0.483871489;CPU0;27639;;UNC_M_CAS_COUNT.WR[UNIT1];10250824;100.00;;"
7040 [140461632403136] INFO perfrun.perfcollector <> - PERF_STAT : "     0.483871489;CPU10;15045;;UNC_M_CAS_COUNT.WR[UNIT1];10248583;100.00;;"
7040 [140461632403136] INFO perfrun.perfcollector <> - PERF_STAT : "     0.483871489;CPU0;28229;;UNC_M_CAS_COUNT.WR[UNIT4];10250860;100.00;;"
7040 [140461632403136] INFO perfrun.perfcollector <> - PERF_STAT : "     0.483871489;CPU10;15581;;UNC_M_CAS_COUNT.WR[UNIT4];10248596;100.00;;"
7040 [140461632403136] INFO perfrun.perfcollector <> - PERF_STAT : "     0.483871489;CPU0;27736;;UNC_M_CAS_COUNT.WR[UNIT5];10250735;100.00;;"
7040 [140461632403136] INFO perfrun.perfcollector <> - PERF_STAT : "     0.483871489;CPU10;14904;;UNC_M_CAS_COUNT.WR[UNIT5];10248447;100.00;;"
7050 [140461632403136] INFO perfrun.perfcollector <> - PERF_STAT : "     0.494118879;CPU0;157876;;UNC_M_CAS_COUNT.RD[UNIT0];10246628;100.00;;"
7050 [140461632403136] INFO perfrun.perfcollector <> - PERF_STAT : "     0.494118879;CPU10;62986;;UNC_M_CAS_COUNT.RD[UNIT0];10246881;100.00;;"
7050 [140461632403136] INFO perfrun.perfcollector <> - PERF_STAT : "     0.494118879;CPU0;157522;;UNC_M_CAS_COUNT.RD[UNIT1];10246773;100.00;;"
7050 [140461632403136] INFO perfrun.perfcollector <> - PERF_STAT : "     0.494118879;CPU10;62142;;UNC_M_CAS_COUNT.RD[UNIT1];10246733;100.00;;"
7050 [140461632403136] INFO perfrun.perfcollector <> - PERF_STAT : "     0.494118879;CPU0;158283;;UNC_M_CAS_COUNT.RD[UNIT4];10246836;100.00;;"
7050 [140461632403136] INFO perfrun.perfcollector <> - PERF_STAT : "     0.494118879;CPU10;62810;;UNC_M_CAS_COUNT.RD[UNIT4];10246852;100.00;;"
7050 [140461632403136] INFO perfrun.perfcollector <> - PERF_STAT : "     0.494118879;CPU0;157637;;UNC_M_CAS_COUNT.RD[UNIT5];10246798;100.00;;"
7050 [140461632403136] INFO perfrun.perfcollector <> - PERF_STAT : "     0.494118879;CPU10;62122;;UNC_M_CAS_COUNT.RD[UNIT5];10246934;100.00;;"
7050 [140461632403136] INFO perfrun.perfcollector <> - PERF_STAT : "     0.494118879;CPU0;33156;;UNC_M_CAS_COUNT.WR[UNIT0];10246822;100.00;;"
7050 [140461632403136] INFO perfrun.perfcollector <> - PERF_STAT : "     0.494118879;CPU10;11836;;UNC_M_CAS_COUNT.WR[UNIT0];10246892;100.00;;"
7050 [140461632403136] INFO perfrun.perfcollector <> - PERF_STAT : "     0.494118879;CPU0;32621;;UNC_M_CAS_COUNT.WR[UNIT1];10246835;100.00;;"
7050 [140461632403136] INFO perfrun.perfcollector <> - PERF_STAT : "     0.494118879;CPU10;11302;;UNC_M_CAS_COUNT.WR[UNIT1];10246882;100.00;;"
7050 [140461632403136] INFO perfrun.perfcollector <> - PERF_STAT : "     0.494118879;CPU0;33023;;UNC_M_CAS_COUNT.WR[UNIT4];10246829;100.00;;"
7050 [140461632403136] INFO perfrun.perfcollector <> - PERF_STAT : "     0.494118879;CPU10;11937;;UNC_M_CAS_COUNT.WR[UNIT4];10246892;100.00;;"
7050 [140461632403136] INFO perfrun.perfcollector <> - PERF_STAT : "     0.494118879;CPU0;32509;;UNC_M_CAS_COUNT.WR[UNIT5];10246714;100.00;;"
7050 [140461632403136] INFO perfrun.perfcollector <> - PERF_STAT : "     0.494118879;CPU10;11383;;UNC_M_CAS_COUNT.WR[UNIT5];10246953;100.00;;"
7060 [140461632403136] INFO perfrun.perfcollector <> - PERF_STAT : "     0.504364223;CPU0;156929;;UNC_M_CAS_COUNT.RD[UNIT0];10245427;100.00;;"
7060 [140461632403136] INFO perfrun.perfcollector <> - PERF_STAT : "     0.504364223;CPU10;62163;;UNC_M_CAS_COUNT.RD[UNIT0];10244390;100.00;;"
7060 [140461632403136] INFO perfrun.perfcollector <> - PERF_STAT : "     0.504364223;CPU0;156748;;UNC_M_CAS_COUNT.RD[UNIT1];10245395;100.00;;"
7060 [140461632403136] INFO perfrun.perfcollector <> - PERF_STAT : "     0.504364223;CPU10;61292;;UNC_M_CAS_COUNT.RD[UNIT1];10244499;100.00;;"
7060 [140461632403136] INFO perfrun.perfcollector <> - PERF_STAT : "     0.504364223;CPU0;157733;;UNC_M_CAS_COUNT.RD[UNIT4];10245303;100.00;;"
7060 [140461632403136] INFO perfrun.perfcollector <> - PERF_STAT : "     0.504364223;CPU10;61644;;UNC_M_CAS_COUNT.RD[UNIT4];10244540;100.00;;"
7060 [140461632403136] INFO perfrun.perfcollector <> - PERF_STAT : "     0.504364223;CPU0;156626;;UNC_M_CAS_COUNT.RD[UNIT5];10245300;100.00;;"
7060 [140461632403136] INFO perfrun.perfcollector <> - PERF_STAT : "     0.504364223;CPU10;61468;;UNC_M_CAS_COUNT.RD[UNIT5];10244475;100.00;;"
7060 [140461632403136] INFO perfrun.perfcollector <> - PERF_STAT : "     0.504364223;CPU0;30669;;UNC_M_CAS_COUNT.WR[UNIT0];10245281;100.00;;"
7060 [140461632403136] INFO perfrun.perfcollector <> - PERF_STAT : "     0.504364223;CPU10;13520;;UNC_M_CAS_COUNT.WR[UNIT0];10244615;100.00;;"
7060 [140461632403136] INFO perfrun.perfcollector <> - PERF_STAT : "     0.504364223;CPU0;30251;;UNC_M_CAS_COUNT.WR[UNIT1];10245217;100.00;;"
7060 [140461632403136] INFO perfrun.perfcollector <> - PERF_STAT : "     0.504364223;CPU10;12915;;UNC_M_CAS_COUNT.WR[UNIT1];10244537;100.00;;"
7060 [140461632403136] INFO perfrun.perfcollector <> - PERF_STAT : "     0.504364223;CPU0;30792;;UNC_M_CAS_COUNT.WR[UNIT4];10245099;100.00;;"
7060 [140461632403136] INFO perfrun.perfcollector <> - PERF_STAT : "     0.504364223;CPU10;13356;;UNC_M_CAS_COUNT.WR[UNIT4];10244521;100.00;;"
7060 [140461632403136] INFO perfrun.perfcollector <> - PERF_STAT : "     0.504364223;CPU0;30271;;UNC_M_CAS_COUNT.WR[UNIT5];10245249;100.00;;"
7060 [140461632403136] INFO perfrun.perfcollector <> - PERF_STAT : "     0.504364223;CPU10;12926;;UNC_M_CAS_COUNT.WR[UNIT5];10244537;100.00;;"
7070 [140461632403136] INFO perfrun.perfcollector <> - PERF_STAT : "     0.514610545;CPU0;150028;;UNC_M_CAS_COUNT.RD[UNIT0];10249199;100.00;;"
7070 [140461632403136] INFO perfrun.perfcollector <> - PERF_STAT : "     0.514610545;CPU10;63045;;UNC_M_CAS_COUNT.RD[UNIT0];10249520;100.00;;"
7070 [140461632403136] INFO perfrun.perfcollector <> - PERF_STAT : "     0.514610545;CPU0;149491;;UNC_M_CAS_COUNT.RD[UNIT1];10248885;100.00;;"
7070 [140461632403136] INFO perfrun.perfcollector <> - PERF_STAT : "     0.514610545;CPU10;62085;;UNC_M_CAS_COUNT.RD[UNIT1];10249762;100.00;;"
7071 [140461632403136] INFO perfrun.perfcollector <> - PERF_STAT : "     0.514610545;CPU0;150477;;UNC_M_CAS_COUNT.RD[UNIT4];10248895;100.00;;"
7071 [140461632403136] INFO perfrun.perfcollector <> - PERF_STAT : "     0.514610545;CPU10;62556;;UNC_M_CAS_COUNT.RD[UNIT4];10249646;100.00;;"
7071 [140461632403136] INFO perfrun.perfcollector <> - PERF_STAT : "     0.514610545;CPU0;149203;;UNC_M_CAS_COUNT.RD[UNIT5];10248909;100.00;;"
7071 [140461632403136] INFO perfrun.perfcollector <> - PERF_STAT : "     0.514610545;CPU10;62275;;UNC_M_CAS_COUNT.RD[UNIT5];10249560;100.00;;"
7071 [140461632403136] INFO perfrun.perfcollector <> - PERF_STAT : "     0.514610545;CPU0;29391;;UNC_M_CAS_COUNT.WR[UNIT0];10248948;100.00;;"
7071 [140461632403136] INFO perfrun.perfcollector <> - PERF_STAT : "     0.514610545;CPU10;13324;;UNC_M_CAS_COUNT.WR[UNIT0];10249366;100.00;;"
7071 [140461632403136] INFO perfrun.perfcollector <> - PERF_STAT : "     0.514610545;CPU0;28962;;UNC_M_CAS_COUNT.WR[UNIT1];10248890;100.00;;"
7071 [140461632403136] INFO perfrun.perfcollector <> - PERF_STAT : "     0.514610545;CPU10;12703;;UNC_M_CAS_COUNT.WR[UNIT1];10249465;100.00;;"
7071 [140461632403136] INFO perfrun.perfcollector <> - PERF_STAT : "     0.514610545;CPU0;29424;;UNC_M_CAS_COUNT.WR[UNIT4];10248946;100.00;;"
7071 [140461632403136] INFO perfrun.perfcollector <> - PERF_STAT : "     0.514610545;CPU10;13184;;UNC_M_CAS_COUNT.WR[UNIT4];10249450;100.00;;"
7071 [140461632403136] INFO perfrun.perfcollector <> - PERF_STAT : "     0.514610545;CPU0;28830;;UNC_M_CAS_COUNT.WR[UNIT5];10248955;100.00;;"
7071 [140461632403136] INFO perfrun.perfcollector <> - PERF_STAT : "     0.514610545;CPU10;12766;;UNC_M_CAS_COUNT.WR[UNIT5];10249515;100.00;;"
7081 [140461632403136] INFO perfrun.perfcollector <> - PERF_STAT : "     0.524858994;CPU0;153553;;UNC_M_CAS_COUNT.RD[UNIT0];10245739;100.00;;"
7081 [140461632403136] INFO perfrun.perfcollector <> - PERF_STAT : "     0.524858994;CPU10;59757;;UNC_M_CAS_COUNT.RD[UNIT0];10245510;100.00;;"
7081 [140461632403136] INFO perfrun.perfcollector <> - PERF_STAT : "     0.524858994;CPU0;153289;;UNC_M_CAS_COUNT.RD[UNIT1];10245766;100.00;;"
7081 [140461632403136] INFO perfrun.perfcollector <> - PERF_STAT : "     0.524858994;CPU10;58597;;UNC_M_CAS_COUNT.RD[UNIT1];10245175;100.00;;"
7081 [140461632403136] INFO perfrun.perfcollector <> - PERF_STAT : "     0.524858994;CPU0;154475;;UNC_M_CAS_COUNT.RD[UNIT4];10245812;100.00;;"
7081 [140461632403136] INFO perfrun.perfcollector <> - PERF_STAT : "     0.524858994;CPU10;59467;;UNC_M_CAS_COUNT.RD[UNIT4];10245055;100.00;;"
7081 [140461632403136] INFO perfrun.perfcollector <> - PERF_STAT : "     0.524858994;CPU0;153012;;UNC_M_CAS_COUNT.RD[UNIT5];10245777;100.00;;"
7081 [140461632403136] INFO perfrun.perfcollector <> - PERF_STAT : "     0.524858994;CPU10;58830;;UNC_M_CAS_COUNT.RD[UNIT5];10245084;100.00;;"
7081 [140461632403136] INFO perfrun.perfcollector <> - PERF_STAT : "     0.524858994;CPU0;32012;;UNC_M_CAS_COUNT.WR[UNIT0];10245844;100.00;;"
7081 [140461632403136] INFO perfrun.perfcollector <> - PERF_STAT : "     0.524858994;CPU10;10867;;UNC_M_CAS_COUNT.WR[UNIT0];10245062;100.00;;"
7081 [140461632403136] INFO perfrun.perfcollector <> - PERF_STAT : "     0.524858994;CPU0;31404;;UNC_M_CAS_COUNT.WR[UNIT1];10245885;100.00;;"
7081 [140461632403136] INFO perfrun.perfcollector <> - PERF_STAT : "     0.524858994;CPU10;10137;;UNC_M_CAS_COUNT.WR[UNIT1];10244827;100.00;;"
7081 [140461632403136] INFO perfrun.perfcollector <> - PERF_STAT : "     0.524858994;CPU0;32005;;UNC_M_CAS_COUNT.WR[UNIT4];10245843;100.00;;"
7081 [140461632403136] INFO perfrun.perfcollector <> - PERF_STAT : "     0.524858994;CPU10;10779;;UNC_M_CAS_COUNT.WR[UNIT4];10244719;100.00;;"
7081 [140461632403136] INFO perfrun.perfcollector <> - PERF_STAT : "     0.524858994;CPU0;31424;;UNC_M_CAS_COUNT.WR[UNIT5];10245858;100.00;;"
7081 [140461632403136] INFO perfrun.perfcollector <> - PERF_STAT : "     0.524858994;CPU10;10177;;UNC_M_CAS_COUNT.WR[UNIT5];10244786;100.00;;"
7091 [140461632403136] INFO perfrun.perfcollector <> - PERF_STAT : "     0.535095770;CPU0;153469;;UNC_M_CAS_COUNT.RD[UNIT0];10235090;100.00;;"
7091 [140461632403136] INFO perfrun.perfcollector <> - PERF_STAT : "     0.535095770;CPU10;63713;;UNC_M_CAS_COUNT.RD[UNIT0];10234577;100.00;;"
7091 [140461632403136] INFO perfrun.perfcollector <> - PERF_STAT : "     0.535095770;CPU0;153008;;UNC_M_CAS_COUNT.RD[UNIT1];10235189;100.00;;"
7091 [140461632403136] INFO perfrun.perfcollector <> - PERF_STAT : "     0.535095770;CPU10;63123;;UNC_M_CAS_COUNT.RD[UNIT1];10234893;100.00;;"
7091 [140461632403136] INFO perfrun.perfcollector <> - PERF_STAT : "     0.535095770;CPU0;153560;;UNC_M_CAS_COUNT.RD[UNIT4];10235236;100.00;;"
7091 [140461632403136] INFO perfrun.perfcollector <> - PERF_STAT : "     0.535095770;CPU10;63756;;UNC_M_CAS_COUNT.RD[UNIT4];10235159;100.00;;"
7091 [140461632403136] INFO perfrun.perfcollector <> - PERF_STAT : "     0.535095770;CPU0;153228;;UNC_M_CAS_COUNT.RD[UNIT5];10235435;100.00;;"
7091 [140461632403136] INFO perfrun.perfcollector <> - PERF_STAT : "     0.535095770;CPU10;63130;;UNC_M_CAS_COUNT.RD[UNIT5];10235358;100.00;;"
7091 [140461632403136] INFO perfrun.perfcollector <> - PERF_STAT : "     0.535095770;CPU0;28014;;UNC_M_CAS_COUNT.WR[UNIT0];10235488;100.00;;"
7091 [140461632403136] INFO perfrun.perfcollector <> - PERF_STAT : "     0.535095770;CPU10;14332;;UNC_M_CAS_COUNT.WR[UNIT0];10235498;100.00;;"
7091 [140461632403136] INFO perfrun.perfcollector <> - PERF_STAT : "     0.535095770;CPU0;27528;;UNC_M_CAS_COUNT.WR[UNIT1];10235524;100.00;;"
7091 [140461632403136] INFO perfrun.perfcollector <> - PERF_STAT : "     0.535095770;CPU10;13765;;UNC_M_CAS_COUNT.WR[UNIT1];10235806;100.00;;"
7091 [140461632403136] INFO perfrun.perfcollector <> - PERF_STAT : "     0.535095770;CPU0;27955;;UNC_M_CAS_COUNT.WR[UNIT4];10235468;100.00;;"
7091 [140461632403136] INFO perfrun.perfcollector <> - PERF_STAT : "     0.535095770;CPU10;14352;;UNC_M_CAS_COUNT.WR[UNIT4];10235915;100.00;;"
7091 [140461632403136] INFO perfrun.perfcollector <> - PERF_STAT : "     0.535095770;CPU0;27597;;UNC_M_CAS_COUNT.WR[UNIT5];10235488;100.00;;"
7091 [140461632403136] INFO perfrun.perfcollector <> - PERF_STAT : "     0.535095770;CPU10;13725;;UNC_M_CAS_COUNT.WR[UNIT5];10235797;100.00;;"
7101 [140461632403136] INFO perfrun.perfcollector <> - PERF_STAT : "     0.545338843;CPU0;158967;;UNC_M_CAS_COUNT.RD[UNIT0];10244673;100.00;;"
7101 [140461632403136] INFO perfrun.perfcollector <> - PERF_STAT : "     0.545338843;CPU10;62713;;UNC_M_CAS_COUNT.RD[UNIT0];10245167;100.00;;"
7101 [140461632403136] INFO perfrun.perfcollector <> - PERF_STAT : "     0.545338843;CPU0;158635;;UNC_M_CAS_COUNT.RD[UNIT1];10244562;100.00;;"
7101 [140461632403136] INFO perfrun.perfcollector <> - PERF_STAT : "     0.545338843;CPU10;61901;;UNC_M_CAS_COUNT.RD[UNIT1];10244913;100.00;;"
7101 [140461632403136] INFO perfrun.perfcollector <> - PERF_STAT : "     0.545338843;CPU0;159660;;UNC_M_CAS_COUNT.RD[UNIT4];10244426;100.00;;"
7101 [140461632403136] INFO perfrun.perfcollector <> - PERF_STAT : "     0.545338843;CPU10;62480;;UNC_M_CAS_COUNT.RD[UNIT4];10244728;100.00;;"
7101 [140461632403136] INFO perfrun.perfcollector <> - PERF_STAT : "     0.545338843;CPU0;159128;;UNC_M_CAS_COUNT.RD[UNIT5];10244304;100.00;;"
7101 [140461632403136] INFO perfrun.perfcollector <> - PERF_STAT : "     0.545338843;CPU10;62200;;UNC_M_CAS_COUNT.RD[UNIT5];10244575;100.00;;"
7101 [140461632403136] INFO perfrun.perfcollector <> - PERF_STAT : "     0.545338843;CPU0;32959;;UNC_M_CAS_COUNT.WR[UNIT0];10244181;100.00;;"
7101 [140461632403136] INFO perfrun.perfcollector <> - PERF_STAT : "     0.545338843;CPU10;11076;;UNC_M_CAS_COUNT.WR[UNIT0];10244438;100.00;;"
7101 [140461632403136] INFO perfrun.perfcollector <> - PERF_STAT : "     0.545338843;CPU0;32463;;UNC_M_CAS_COUNT.WR[UNIT1];10244230;100.00;;"
7101 [140461632403136] INFO perfrun.perfcollector <> - PERF_STAT : "     0.545338843;CPU10;10501;;UNC_M_CAS_COUNT.WR[UNIT1];10244258;100.00;;"
7101 [140461632403136] INFO perfrun.perfcollector <> - PERF_STAT : "     0.545338843;CPU0;32962;;UNC_M_CAS_COUNT.WR[UNIT4];10244204;100.00;;"
7101 [140461632403136] INFO perfrun.perfcollector <> - PERF_STAT : "     0.545338843;CPU10;10990;;UNC_M_CAS_COUNT.WR[UNIT4];10244220;100.00;;"
7101 [140461632403136] INFO perfrun.perfcollector <> - PERF_STAT : "     0.545338843;CPU0;32576;;UNC_M_CAS_COUNT.WR[UNIT5];10244176;100.00;;"
7101 [140461632403136] INFO perfrun.perfcollector <> - PERF_STAT : "     0.545338843;CPU10;10587;;UNC_M_CAS_COUNT.WR[UNIT5];10244179;100.00;;"
7111 [140461632403136] INFO perfrun.perfcollector <> - PERF_STAT : "     0.555584557;CPU0;158066;;UNC_M_CAS_COUNT.RD[UNIT0];10245720;100.00;;"
7111 [140461632403136] INFO perfrun.perfcollector <> - PERF_STAT : "     0.555584557;CPU10;65025;;UNC_M_CAS_COUNT.RD[UNIT0];10246673;100.00;;"
7111 [140461632403136] INFO perfrun.perfcollector <> - PERF_STAT : "     0.555584557;CPU0;157906;;UNC_M_CAS_COUNT.RD[UNIT1];10245700;100.00;;"
7111 [140461632403136] INFO perfrun.perfcollector <> - PERF_STAT : "     0.555584557;CPU10;64321;;UNC_M_CAS_COUNT.RD[UNIT1];10246602;100.00;;"
7111 [140461632403136] INFO perfrun.perfcollector <> - PERF_STAT : "     0.555584557;CPU0;158362;;UNC_M_CAS_COUNT.RD[UNIT4];10245903;100.00;;"
7112 [140461632403136] INFO perfrun.perfcollector <> - PERF_STAT : "     0.555584557;CPU10;64707;;UNC_M_CAS_COUNT.RD[UNIT4];10246589;100.00;;"
7112 [140461632403136] INFO perfrun.perfcollector <> - PERF_STAT : "     0.555584557;CPU0;157994;;UNC_M_CAS_COUNT.RD[UNIT5];10245953;100.00;;"
7112 [140461632403136] INFO perfrun.perfcollector <> - PERF_STAT : "     0.555584557;CPU10;64277;;UNC_M_CAS_COUNT.RD[UNIT5];10246718;100.00;;"
7112 [140461632403136] INFO perfrun.perfcollector <> - PERF_STAT : "     0.555584557;CPU0;30294;;UNC_M_CAS_COUNT.WR[UNIT0];10246086;100.00;;"
7112 [140461632403136] INFO perfrun.perfcollector <> - PERF_STAT : "     0.555584557;CPU10;14250;;UNC_M_CAS_COUNT.WR[UNIT0];10246791;100.00;;"
7112 [140461632403136] INFO perfrun.perfcollector <> - PERF_STAT : "     0.555584557;CPU0;29873;;UNC_M_CAS_COUNT.WR[UNIT1];10246101;100.00;;"
7112 [140461632403136] INFO perfrun.perfcollector <> - PERF_STAT : "     0.555584557;CPU10;13722;;UNC_M_CAS_COUNT.WR[UNIT1];10246795;100.00;;"
7112 [140461632403136] INFO perfrun.perfcollector <> - PERF_STAT : "     0.555584557;CPU0;30138;;UNC_M_CAS_COUNT.WR[UNIT4];10246176;100.00;;"
7112 [140461632403136] INFO perfrun.perfcollector <> - PERF_STAT : "     0.555584557;CPU10;14189;;UNC_M_CAS_COUNT.WR[UNIT4];10246911;100.00;;"
7112 [140461632403136] INFO perfrun.perfcollector <> - PERF_STAT : "     0.555584557;CPU0;29910;;UNC_M_CAS_COUNT.WR[UNIT5];10246119;100.00;;"
7112 [140461632403136] INFO perfrun.perfcollector <> - PERF_STAT : "     0.555584557;CPU10;13703;;UNC_M_CAS_COUNT.WR[UNIT5];10246937;100.00;;"
7122 [140461632403136] INFO perfrun.perfcollector <> - PERF_STAT : "     0.565832237;CPU0;153884;;UNC_M_CAS_COUNT.RD[UNIT0];10250165;100.00;;"
7122 [140461632403136] INFO perfrun.perfcollector <> - PERF_STAT : "     0.565832237;CPU10;64078;;UNC_M_CAS_COUNT.RD[UNIT0];10251156;100.00;;"
7122 [140461632403136] INFO perfrun.perfcollector <> - PERF_STAT : "     0.565832237;CPU0;153158;;UNC_M_CAS_COUNT.RD[UNIT1];10250391;100.00;;"
7122 [140461632403136] INFO perfrun.perfcollector <> - PERF_STAT : "     0.565832237;CPU10;63499;;UNC_M_CAS_COUNT.RD[UNIT1];10251585;100.00;;"
7122 [140461632403136] INFO perfrun.perfcollector <> - PERF_STAT : "     0.565832237;CPU0;154293;;UNC_M_CAS_COUNT.RD[UNIT4];10250043;100.00;;"
7122 [140461632403136] INFO perfrun.perfcollector <> - PERF_STAT : "     0.565832237;CPU10;64011;;UNC_M_CAS_COUNT.RD[UNIT4];10251669;100.00;;"
7122 [140461632403136] INFO perfrun.perfcollector <> - PERF_STAT : "     0.565832237;CPU0;153204;;UNC_M_CAS_COUNT.RD[UNIT5];10250021;100.00;;"
7122 [140461632403136] INFO perfrun.perfcollector <> - PERF_STAT : "     0.565832237;CPU10;63490;;UNC_M_CAS_COUNT.RD[UNIT5];10251673;100.00;;"
7122 [140461632403136] INFO perfrun.perfcollector <> - PERF_STAT : "     0.565832237;CPU0;31267;;UNC_M_CAS_COUNT.WR[UNIT0];10249949;100.00;;"
7122 [140461632403136] INFO perfrun.perfcollector <> - PERF_STAT : "     0.565832237;CPU10;13299;;UNC_M_CAS_COUNT.WR[UNIT0];10251605;100.00;;"
7122 [140461632403136] INFO perfrun.perfcollector <> - PERF_STAT : "     0.565832237;CPU0;30593;;UNC_M_CAS_COUNT.WR[UNIT1];10249815;100.00;;"
7122 [140461632403136] INFO perfrun.perfcollector <> - PERF_STAT : "     0.565832237;CPU10;12755;;UNC_M_CAS_COUNT.WR[UNIT1];10251680;100.00;;"
7122 [140461632403136] INFO perfrun.perfcollector <> - PERF_STAT : "     0.565832237;CPU0;31179;;UNC_M_CAS_COUNT.WR[UNIT4];10249973;100.00;;"
7122 [140461632403136] INFO perfrun.perfcollector <> - PERF_STAT : "     0.565832237;CPU10;13277;;UNC_M_CAS_COUNT.WR[UNIT4];10251603;100.00;;"
7122 [140461632403136] INFO perfrun.perfcollector <> - PERF_STAT : "     0.565832237;CPU0;30604;;UNC_M_CAS_COUNT.WR[UNIT5];10250018;100.00;;"
7122 [140461632403136] INFO perfrun.perfcollector <> - PERF_STAT : "     0.565832237;CPU10;12774;;UNC_M_CAS_COUNT.WR[UNIT5];10251777;100.00;;"
7132 [140461632403136] INFO perfrun.perfcollector <> - PERF_STAT : "     0.576081091;CPU0;160277;;UNC_M_CAS_COUNT.RD[UNIT0];10246379;100.00;;"
7132 [140461632403136] INFO perfrun.perfcollector <> - PERF_STAT : "     0.576081091;CPU10;62852;;UNC_M_CAS_COUNT.RD[UNIT0];10245638;100.00;;"
7132 [140461632403136] INFO perfrun.perfcollector <> - PERF_STAT : "     0.576081091;CPU0;159364;;UNC_M_CAS_COUNT.RD[UNIT1];10246162;100.00;;"
7132 [140461632403136] INFO perfrun.perfcollector <> - PERF_STAT : "     0.576081091;CPU10;61842;;UNC_M_CAS_COUNT.RD[UNIT1];10245455;100.00;;"
7132 [140461632403136] INFO perfrun.perfcollector <> - PERF_STAT : "     0.576081091;CPU0;160240;;UNC_M_CAS_COUNT.RD[UNIT4];10246261;100.00;;"
7132 [140461632403136] INFO perfrun.perfcollector <> - PERF_STAT : "     0.576081091;CPU10;62326;;UNC_M_CAS_COUNT.RD[UNIT4];10245382;100.00;;"
7132 [140461632403136] INFO perfrun.perfcollector <> - PERF_STAT : "     0.576081091;CPU0;159479;;UNC_M_CAS_COUNT.RD[UNIT5];10246207;100.00;;"
7132 [140461632403136] INFO perfrun.perfcollector <> - PERF_STAT : "     0.576081091;CPU10;61669;;UNC_M_CAS_COUNT.RD[UNIT5];10245234;100.00;;"
7132 [140461632403136] INFO perfrun.perfcollector <> - PERF_STAT : "     0.576081091;CPU0;33829;;UNC_M_CAS_COUNT.WR[UNIT0];10246188;100.00;;"
7132 [140461632403136] INFO perfrun.perfcollector <> - PERF_STAT : "     0.576081091;CPU10;12027;;UNC_M_CAS_COUNT.WR[UNIT0];10245474;100.00;;"
7132 [140461632403136] INFO perfrun.perfcollector <> - PERF_STAT : "     0.576081091;CPU0;33225;;UNC_M_CAS_COUNT.WR[UNIT1];10246264;100.00;;"
7132 [140461632403136] INFO perfrun.perfcollector <> - PERF_STAT : "     0.576081091;CPU10;11510;;UNC_M_CAS_COUNT.WR[UNIT1];10245367;100.00;;"
7132 [140461632403136] INFO perfrun.perfcollector <> - PERF_STAT : "     0.576081091;CPU0;33649;;UNC_M_CAS_COUNT.WR[UNIT4];10246067;100.00;;"
7132 [140461632403136] INFO perfrun.perfcollector <> - PERF_STAT : "     0.576081091;CPU10;11945;;UNC_M_CAS_COUNT.WR[UNIT4];10245370;100.00;;"
7132 [140461632403136] INFO perfrun.perfcollector <> - PERF_STAT : "     0.576081091;CPU0;33297;;UNC_M_CAS_COUNT.WR[UNIT5];10246168;100.00;;"
7132 [140461632403136] INFO perfrun.perfcollector <> - PERF_STAT : "     0.576081091;CPU10;11472;;UNC_M_CAS_COUNT.WR[UNIT5];10245126;100.00;;"
7142 [140461632403136] INFO perfrun.perfcollector <> - PERF_STAT : "     0.586321548;CPU0;151674;;UNC_M_CAS_COUNT.RD[UNIT0];10241429;100.00;;"
7142 [140461632403136] INFO perfrun.perfcollector <> - PERF_STAT : "     0.586321548;CPU10;65044;;UNC_M_CAS_COUNT.RD[UNIT0];10239531;100.00;;"
7142 [140461632403136] INFO perfrun.perfcollector <> - PERF_STAT : "     0.586321548;CPU0;150798;;UNC_M_CAS_COUNT.RD[UNIT1];10241444;100.00;;"
7142 [140461632403136] INFO perfrun.perfcollector <> - PERF_STAT : "     0.586321548;CPU10;64020;;UNC_M_CAS_COUNT.RD[UNIT1];10239338;100.00;;"
7142 [140461632403136] INFO perfrun.perfcollector <> - PERF_STAT : "     0.586321548;CPU0;152173;;UNC_M_CAS_COUNT.RD[UNIT4];10241474;100.00;;"
7142 [140461632403136] INFO perfrun.perfcollector <> - PERF_STAT : "     0.586321548;CPU10;64516;;UNC_M_CAS_COUNT.RD[UNIT4];10239360;100.00;;"
7142 [140461632403136] INFO perfrun.perfcollector <> - PERF_STAT : "     0.586321548;CPU0;151113;;UNC_M_CAS_COUNT.RD[UNIT5];10241297;100.00;;"
7142 [140461632403136] INFO perfrun.perfcollector <> - PERF_STAT : "     0.586321548;CPU10;64207;;UNC_M_CAS_COUNT.RD[UNIT5];10239360;100.00;;"
7142 [140461632403136] INFO perfrun.perfcollector <> - PERF_STAT : "     0.586321548;CPU0;27930;;UNC_M_CAS_COUNT.WR[UNIT0];10241253;100.00;;"
7142 [140461632403136] INFO perfrun.perfcollector <> - PERF_STAT : "     0.586321548;CPU10;15168;;UNC_M_CAS_COUNT.WR[UNIT0];10239145;100.00;;"
7142 [140461632403136] INFO perfrun.perfcollector <> - PERF_STAT : "     0.586321548;CPU0;27281;;UNC_M_CAS_COUNT.WR[UNIT1];10241221;100.00;;"
7142 [140461632403136] INFO perfrun.perfcollector <> - PERF_STAT : "     0.586321548;CPU10;14532;;UNC_M_CAS_COUNT.WR[UNIT1];10239154;100.00;;"
7142 [140461632403136] INFO perfrun.perfcollector <> - PERF_STAT : "     0.586321548;CPU0;27868;;UNC_M_CAS_COUNT.WR[UNIT4];10241287;100.00;;"
7142 [140461632403136] INFO perfrun.perfcollector <> - PERF_STAT : "     0.586321548;CPU10;14983;;UNC_M_CAS_COUNT.WR[UNIT4];10239191;100.00;;"
7142 [140461632403136] INFO perfrun.perfcollector <> - PERF_STAT : "     0.586321548;CPU0;27431;;UNC_M_CAS_COUNT.WR[UNIT5];10241174;100.00;;"
7142 [140461632403136] INFO perfrun.perfcollector <> - PERF_STAT : "     0.586321548;CPU10;14637;;UNC_M_CAS_COUNT.WR[UNIT5];10239262;100.00;;"
7152 [140461632403136] INFO perfrun.perfcollector <> - PERF_STAT : "     0.596566680;CPU0;152552;;UNC_M_CAS_COUNT.RD[UNIT0];10244900;100.00;;"
7152 [140461632403136] INFO perfrun.perfcollector <> - PERF_STAT : "     0.596566680;CPU10;60889;;UNC_M_CAS_COUNT.RD[UNIT0];10247456;100.00;;"
7152 [140461632403136] INFO perfrun.perfcollector <> - PERF_STAT : "     0.596566680;CPU0;151505;;UNC_M_CAS_COUNT.RD[UNIT1];10245124;100.00;;"
7152 [140461632403136] INFO perfrun.perfcollector <> - PERF_STAT : "     0.596566680;CPU10;60072;;UNC_M_CAS_COUNT.RD[UNIT1];10247723;100.00;;"
7152 [140461632403136] INFO perfrun.perfcollector <> - PERF_STAT : "     0.596566680;CPU0;152488;;UNC_M_CAS_COUNT.RD[UNIT4];10245120;100.00;;"
7152 [140461632403136] INFO perfrun.perfcollector <> - PERF_STAT : "     0.596566680;CPU10;60620;;UNC_M_CAS_COUNT.RD[UNIT4];10247693;100.00;;"
7153 [140461632403136] INFO perfrun.perfcollector <> - PERF_STAT : "     0.596566680;CPU0;151783;;UNC_M_CAS_COUNT.RD[UNIT5];10245453;100.00;;"
7153 [140461632403136] INFO perfrun.perfcollector <> - PERF_STAT : "     0.596566680;CPU10;60297;;UNC_M_CAS_COUNT.RD[UNIT5];10247908;100.00;;"
7153 [140461632403136] INFO perfrun.perfcollector <> - PERF_STAT : "     0.596566680;CPU0;31776;;UNC_M_CAS_COUNT.WR[UNIT0];10245658;100.00;;"
7153 [140461632403136] INFO perfrun.perfcollector <> - PERF_STAT : "     0.596566680;CPU10;10721;;UNC_M_CAS_COUNT.WR[UNIT0];10247876;100.00;;"
7153 [140461632403136] INFO perfrun.perfcollector <> - PERF_STAT : "     0.596566680;CPU0;31179;;UNC_M_CAS_COUNT.WR[UNIT1];10245671;100.00;;"
7153 [140461632403136] INFO perfrun.perfcollector <> - PERF_STAT : "     0.596566680;CPU10;10098;;UNC_M_CAS_COUNT.WR[UNIT1];10247858;100.00;;"
7153 [140461632403136] INFO perfrun.perfcollector <> - PERF_STAT : "     0.596566680;CPU0;31655;;UNC_M_CAS_COUNT.WR[UNIT4];10245628;100.00;;"
7153 [140461632403136] INFO perfrun.perfcollector <> - PERF_STAT : "     0.596566680;CPU10;10639;;UNC_M_CAS_COUNT.WR[UNIT4];10247824;100.00;;"
7153 [140461632403136] INFO perfrun.perfcollector <> - PERF_STAT : "     0.596566680;CPU0;31157;;UNC_M_CAS_COUNT.WR[UNIT5];10245776;100.00;;"
7153 [140461632403136] INFO perfrun.perfcollector <> - PERF_STAT : "     0.596566680;CPU10;10106;;UNC_M_CAS_COUNT.WR[UNIT5];10247811;100.00;;"
7163 [140461632403136] INFO perfrun.perfcollector <> - PERF_STAT : "     0.606812661;CPU0;157118;;UNC_M_CAS_COUNT.RD[UNIT0];10244976;100.00;;"
7163 [140461632403136] INFO perfrun.perfcollector <> - PERF_STAT : "     0.606812661;CPU10;63690;;UNC_M_CAS_COUNT.RD[UNIT0];10242752;100.00;;"
7163 [140461632403136] INFO perfrun.perfcollector <> - PERF_STAT : "     0.606812661;CPU0;156189;;UNC_M_CAS_COUNT.RD[UNIT1];10244692;100.00;;"
7163 [140461632403136] INFO perfrun.perfcollector <> - PERF_STAT : "     0.606812661;CPU10;63034;;UNC_M_CAS_COUNT.RD[UNIT1];10242463;100.00;;"
7163 [140461632403136] INFO perfrun.perfcollector <> - PERF_STAT : "     0.606812661;CPU0;157388;;UNC_M_CAS_COUNT.RD[UNIT4];10244740;100.00;;"
7163 [140461632403136] INFO perfrun.perfcollector <> - PERF_STAT : "     0.606812661;CPU10;63487;;UNC_M_CAS_COUNT.RD[UNIT4];10242452;100.00;;"
7163 [140461632403136] INFO perfrun.perfcollector <> - PERF_STAT : "     0.606812661;CPU0;156279;;UNC_M_CAS_COUNT.RD[UNIT5];10244497;100.00;;"
7163 [140461632403136] INFO perfrun.perfcollector <> - PERF_STAT : "     0.606812661;CPU10;63014;;UNC_M_CAS_COUNT.RD[UNIT5];10242202;100.00;;"
7163 [140461632403136] INFO perfrun.perfcollector <> - PERF_STAT : "     0.606812661;CPU0;29538;;UNC_M_CAS_COUNT.WR[UNIT0];10244232;100.00;;"
7163 [140461632403136] INFO perfrun.perfcollector <> - PERF_STAT : "     0.606812661;CPU10;14327;;UNC_M_CAS_COUNT.WR[UNIT0];10242308;100.00;;"
7163 [140461632403136] INFO perfrun.perfcollector <> - PERF_STAT : "     0.606812661;CPU0;28910;;UNC_M_CAS_COUNT.WR[UNIT1];10244333;100.00;;"
7163 [140461632403136] INFO perfrun.perfcollector <> - PERF_STAT : "     0.606812661;CPU10;13728;;UNC_M_CAS_COUNT.WR[UNIT1];10242362;100.00;;"
7163 [140461632403136] INFO perfrun.perfcollector <> - PERF_STAT : "     0.606812661;CPU0;29566;;UNC_M_CAS_COUNT.WR[UNIT4];10244333;100.00;;"
7163 [140461632403136] INFO perfrun.perfcollector <> - PERF_STAT : "     0.606812661;CPU10;14287;;UNC_M_CAS_COUNT.WR[UNIT4];10242358;100.00;;"
7163 [140461632403136] INFO perfrun.perfcollector <> - PERF_STAT : "     0.606812661;CPU0;29027;;UNC_M_CAS_COUNT.WR[UNIT5];10244190;100.00;;"
7163 [140461632403136] INFO perfrun.perfcollector <> - PERF_STAT : "     0.606812661;CPU10;13765;;UNC_M_CAS_COUNT.WR[UNIT5];10242382;100.00;;"
7173 [140461632403136] INFO perfrun.perfcollector <> - PERF_STAT : "     0.617056405;CPU0;150599;;UNC_M_CAS_COUNT.RD[UNIT0];10244391;100.00;;"
7173 [140461632403136] INFO perfrun.perfcollector <> - PERF_STAT : "     0.617056405;CPU10;63481;;UNC_M_CAS_COUNT.RD[UNIT0];10245585;100.00;;"
7173 [140461632403136] INFO perfrun.perfcollector <> - PERF_STAT : "     0.617056405;CPU0;149199;;UNC_M_CAS_COUNT.RD[UNIT1];10244564;100.00;;"
7173 [140461632403136] INFO perfrun.perfcollector <> - PERF_STAT : "     0.617056405;CPU10;62992;;UNC_M_CAS_COUNT.RD[UNIT1];10245845;100.00;;"
7173 [140461632403136] INFO perfrun.perfcollector <> - PERF_STAT : "     0.617056405;CPU0;151063;;UNC_M_CAS_COUNT.RD[UNIT4];10244588;100.00;;"
7173 [140461632403136] INFO perfrun.perfcollector <> - PERF_STAT : "     0.617056405;CPU10;63350;;UNC_M_CAS_COUNT.RD[UNIT4];10245858;100.00;;"
7173 [140461632403136] INFO perfrun.perfcollector <> - PERF_STAT : "     0.617056405;CPU0;149368;;UNC_M_CAS_COUNT.RD[UNIT5];10244758;100.00;;"
7173 [140461632403136] INFO perfrun.perfcollector <> - PERF_STAT : "     0.617056405;CPU10;62927;;UNC_M_CAS_COUNT.RD[UNIT5];10245964;100.00;;"
7173 [140461632403136] INFO perfrun.perfcollector <> - PERF_STAT : "     0.617056405;CPU0;30056;;UNC_M_CAS_COUNT.WR[UNIT0];10244948;100.00;;"
7173 [140461632403136] INFO perfrun.perfcollector <> - PERF_STAT : "     0.617056405;CPU10;12187;;UNC_M_CAS_COUNT.WR[UNIT0];10246042;100.00;;"
7173 [140461632403136] INFO perfrun.perfcollector <> - PERF_STAT : "     0.617056405;CPU0;29568;;UNC_M_CAS_COUNT.WR[UNIT1];10244901;100.00;;"
7173 [140461632403136] INFO perfrun.perfcollector <> - PERF_STAT : "     0.617056405;CPU10;11699;;UNC_M_CAS_COUNT.WR[UNIT1];10246006;100.00;;"
7173 [140461632403136] INFO perfrun.perfcollector <> - PERF_STAT : "     0.617056405;CPU0;30148;;UNC_M_CAS_COUNT.WR[UNIT4];10244916;100.00;;"
7173 [140461632403136] INFO perfrun.perfcollector <> - PERF_STAT : "     0.617056405;CPU10;12191;;UNC_M_CAS_COUNT.WR[UNIT4];10246051;100.00;;"
7173 [140461632403136] INFO perfrun.perfcollector <> - PERF_STAT : "     0.617056405;CPU0;29512;;UNC_M_CAS_COUNT.WR[UNIT5];10244960;100.00;;"
7173 [140461632403136] INFO perfrun.perfcollector <> - PERF_STAT : "     0.617056405;CPU10;11665;;UNC_M_CAS_COUNT.WR[UNIT5];10245916;100.00;;"
7183 [140461632403136] INFO perfrun.perfcollector <> - PERF_STAT : "     0.627300288;CPU0;152314;;UNC_M_CAS_COUNT.RD[UNIT0];10243627;100.00;;"
7183 [140461632403136] INFO perfrun.perfcollector <> - PERF_STAT : "     0.627300288;CPU10;59506;;UNC_M_CAS_COUNT.RD[UNIT0];10243318;100.00;;"
7183 [140461632403136] INFO perfrun.perfcollector <> - PERF_STAT : "     0.627300288;CPU0;151337;;UNC_M_CAS_COUNT.RD[UNIT1];10243465;100.00;;"
7183 [140461632403136] INFO perfrun.perfcollector <> - PERF_STAT : "     0.627300288;CPU10;58816;;UNC_M_CAS_COUNT.RD[UNIT1];10243150;100.00;;"
7183 [140461632403136] INFO perfrun.perfcollector <> - PERF_STAT : "     0.627300288;CPU0;152797;;UNC_M_CAS_COUNT.RD[UNIT4];10243443;100.00;;"
7183 [140461632403136] INFO perfrun.perfcollector <> - PERF_STAT : "     0.627300288;CPU10;59436;;UNC_M_CAS_COUNT.RD[UNIT4];10243453;100.00;;"
7183 [140461632403136] INFO perfrun.perfcollector <> - PERF_STAT : "     0.627300288;CPU0;151403;;UNC_M_CAS_COUNT.RD[UNIT5];10243377;100.00;;"
7183 [140461632403136] INFO perfrun.perfcollector <> - PERF_STAT : "     0.627300288;CPU10;58849;;UNC_M_CAS_COUNT.RD[UNIT5];10243276;100.00;;"
7183 [140461632403136] INFO perfrun.perfcollector <> - PERF_STAT : "     0.627300288;CPU0;29859;;UNC_M_CAS_COUNT.WR[UNIT0];10243343;100.00;;"
7183 [140461632403136] INFO perfrun.perfcollector <> - PERF_STAT : "     0.627300288;CPU10;11978;;UNC_M_CAS_COUNT.WR[UNIT0];10243118;100.00;;"
7183 [140461632403136] INFO perfrun.perfcollector <> - PERF_STAT : "     0.627300288;CPU0;29423;;UNC_M_CAS_COUNT.WR[UNIT1];10243341;100.00;;"
7183 [140461632403136] INFO perfrun.perfcollector <> - PERF_STAT : "     0.627300288;CPU10;11473;;UNC_M_CAS_COUNT.WR[UNIT1];10243224;100.00;;"
7183 [140461632403136] INFO perfrun.perfcollector <> - PERF_STAT : "     0.627300288;CPU0;29920;;UNC_M_CAS_COUNT.WR[UNIT4];10243360;100.00;;"
7183 [140461632403136] INFO perfrun.perfcollector <> - PERF_STAT : "     0.627300288;CPU10;12019;;UNC_M_CAS_COUNT.WR[UNIT4];10243102;100.00;;"
7183 [140461632403136] INFO perfrun.perfcollector <> - PERF_STAT : "     0.627300288;CPU0;29401;;UNC_M_CAS_COUNT.WR[UNIT5];10243311;100.00;;"
7183 [140461632403136] INFO perfrun.perfcollector <> - PERF_STAT : "     0.627300288;CPU10;11435;;UNC_M_CAS_COUNT.WR[UNIT5];10243237;100.00;;"
7193 [140461632403136] INFO perfrun.perfcollector <> - PERF_STAT : "     0.637545668;CPU0;152193;;UNC_M_CAS_COUNT.RD[UNIT0];10245568;100.00;;"
7193 [140461632403136] INFO perfrun.perfcollector <> - PERF_STAT : "     0.637545668;CPU10;64888;;UNC_M_CAS_COUNT.RD[UNIT0];10244640;100.00;;"
7193 [140461632403136] INFO perfrun.perfcollector <> - PERF_STAT : "     0.637545668;CPU0;151546;;UNC_M_CAS_COUNT.RD[UNIT1];10245538;100.00;;"
7193 [140461632403136] INFO perfrun.perfcollector <> - PERF_STAT : "     0.637545668;CPU10;64424;;UNC_M_CAS_COUNT.RD[UNIT1];10244473;100.00;;"
7193 [140461632403136] INFO perfrun.perfcollector <> - PERF_STAT : "     0.637545668;CPU0;152467;;UNC_M_CAS_COUNT.RD[UNIT4];10245540;100.00;;"
7193 [140461632403136] INFO perfrun.perfcollector <> - PERF_STAT : "     0.637545668;CPU10;64755;;UNC_M_CAS_COUNT.RD[UNIT4];10244209;100.00;;"
7193 [140461632403136] INFO perfrun.perfcollector <> - PERF_STAT : "     0.637545668;CPU0;151728;;UNC_M_CAS_COUNT.RD[UNIT5];10245471;100.00;;"
7194 [140461632403136] INFO perfrun.perfcollector <> - PERF_STAT : "     0.637545668;CPU10;64593;;UNC_M_CAS_COUNT.RD[UNIT5];10244294;100.00;;"
7194 [140461632403136] INFO perfrun.perfcollector <> - PERF_STAT : "     0.637545668;CPU0;29435;;UNC_M_CAS_COUNT.WR[UNIT0];10245616;100.00;;"
7194 [140461632403136] INFO perfrun.perfcollector <> - PERF_STAT : "     0.637545668;CPU10;14929;;UNC_M_CAS_COUNT.WR[UNIT0];10244230;100.00;;"
7194 [140461632403136] INFO perfrun.perfcollector <> - PERF_STAT : "     0.637545668;CPU0;28822;;UNC_M_CAS_COUNT.WR[UNIT1];10245499;100.00;;"
7194 [140461632403136] INFO perfrun.perfcollector <> - PERF_STAT : "     0.637545668;CPU10;14390;;UNC_M_CAS_COUNT.WR[UNIT1];10244134;100.00;;"
7194 [140461632403136] INFO perfrun.perfcollector <> - PERF_STAT : "     0.637545668;CPU0;29358;;UNC_M_CAS_COUNT.WR[UNIT4];10245477;100.00;;"
7194 [140461632403136] INFO perfrun.perfcollector <> - PERF_STAT : "     0.637545668;CPU10;14992;;UNC_M_CAS_COUNT.WR[UNIT4];10244194;100.00;;"
7194 [140461632403136] INFO perfrun.perfcollector <> - PERF_STAT : "     0.637545668;CPU0;28869;;UNC_M_CAS_COUNT.WR[UNIT5];10245493;100.00;;"
7194 [140461632403136] INFO perfrun.perfcollector <> - PERF_STAT : "     0.637545668;CPU10;14471;;UNC_M_CAS_COUNT.WR[UNIT5];10244302;100.00;;"
7204 [140461632403136] INFO perfrun.perfcollector <> - PERF_STAT : "     0.647790971;CPU0;155913;;UNC_M_CAS_COUNT.RD[UNIT0];10244825;100.00;;"
7204 [140461632403136] INFO perfrun.perfcollector <> - PERF_STAT : "     0.647790971;CPU10;61319;;UNC_M_CAS_COUNT.RD[UNIT0];10245855;100.00;;"
7204 [140461632403136] INFO perfrun.perfcollector <> - PERF_STAT : "     0.647790971;CPU0;155789;;UNC_M_CAS_COUNT.RD[UNIT1];10244860;100.00;;"
7204 [140461632403136] INFO perfrun.perfcollector <> - PERF_STAT : "     0.647790971;CPU10;60595;;UNC_M_CAS_COUNT.RD[UNIT1];10246041;100.00;;"
7204 [140461632403136] INFO perfrun.perfcollector <> - PERF_STAT : "     0.647790971;CPU0;156388;;UNC_M_CAS_COUNT.RD[UNIT4];10244825;100.00;;"
7204 [140461632403136] INFO perfrun.perfcollector <> - PERF_STAT : "     0.647790971;CPU10;61121;;UNC_M_CAS_COUNT.RD[UNIT4];10246209;100.00;;"
7204 [140461632403136] INFO perfrun.perfcollector <> - PERF_STAT : "     0.647790971;CPU0;155675;;UNC_M_CAS_COUNT.RD[UNIT5];10245023;100.00;;"
7204 [140461632403136] INFO perfrun.perfcollector <> - PERF_STAT : "     0.647790971;CPU10;60741;;UNC_M_CAS_COUNT.RD[UNIT5];10246278;100.00;;"
7204 [140461632403136] INFO perfrun.perfcollector <> - PERF_STAT : "     0.647790971;CPU0;32013;;UNC_M_CAS_COUNT.WR[UNIT0];10244904;100.00;;"
7204 [140461632403136] INFO perfrun.perfcollector <> - PERF_STAT : "     0.647790971;CPU10;10485;;UNC_M_CAS_COUNT.WR[UNIT0];10246388;100.00;;"
7204 [140461632403136] INFO perfrun.perfcollector <> - PERF_STAT : "     0.647790971;CPU0;31552;;UNC_M_CAS_COUNT.WR[UNIT1];10245015;100.00;;"
7204 [140461632403136] INFO perfrun.perfcollector <> - PERF_STAT : "     0.647790971;CPU10;9963;;UNC_M_CAS_COUNT.WR[UNIT1];10246427;100.00;;"
7204 [140461632403136] INFO perfrun.perfcollector <> - PERF_STAT : "     0.647790971;CPU0;31957;;UNC_M_CAS_COUNT.WR[UNIT4];10245094;100.00;;"
7204 [140461632403136] INFO perfrun.perfcollector <> - PERF_STAT : "     0.647790971;CPU10;10466;;UNC_M_CAS_COUNT.WR[UNIT4];10246452;100.00;;"
7204 [140461632403136] INFO perfrun.perfcollector <> - PERF_STAT : "     0.647790971;CPU0;31439;;UNC_M_CAS_COUNT.WR[UNIT5];10245106;100.00;;"
7204 [140461632403136] INFO perfrun.perfcollector <> - PERF_STAT : "     0.647790971;CPU10;10021;;UNC_M_CAS_COUNT.WR[UNIT5];10246348;100.00;;"
7214 [140461632403136] INFO perfrun.perfcollector <> - PERF_STAT : "     0.658036402;CPU0;156703;;UNC_M_CAS_COUNT.RD[UNIT0];10246327;100.00;;"
7214 [140461632403136] INFO perfrun.perfcollector <> - PERF_STAT : "     0.658036402;CPU10;66384;;UNC_M_CAS_COUNT.RD[UNIT0];10245950;100.00;;"
7214 [140461632403136] INFO perfrun.perfcollector <> - PERF_STAT : "     0.658036402;CPU0;156598;;UNC_M_CAS_COUNT.RD[UNIT1];10246358;100.00;;"
7214 [140461632403136] INFO perfrun.perfcollector <> - PERF_STAT : "     0.658036402;CPU10;66024;;UNC_M_CAS_COUNT.RD[UNIT1];10245876;100.00;;"
7214 [140461632403136] INFO perfrun.perfcollector <> - PERF_STAT : "     0.658036402;CPU0;157131;;UNC_M_CAS_COUNT.RD[UNIT4];10246348;100.00;;"
7214 [140461632403136] INFO perfrun.perfcollector <> - PERF_STAT : "     0.658036402;CPU10;66112;;UNC_M_CAS_COUNT.RD[UNIT4];10245656;100.00;;"
7214 [140461632403136] INFO perfrun.perfcollector <> - PERF_STAT : "     0.658036402;CPU0;156638;;UNC_M_CAS_COUNT.RD[UNIT5];10246262;100.00;;"
7214 [140461632403136] INFO perfrun.perfcollector <> - PERF_STAT : "     0.658036402;CPU10;66147;;UNC_M_CAS_COUNT.RD[UNIT5];10245576;100.00;;"
7214 [140461632403136] INFO perfrun.perfcollector <> - PERF_STAT : "     0.658036402;CPU0;28830;;UNC_M_CAS_COUNT.WR[UNIT0];10246137;100.00;;"
7214 [140461632403136] INFO perfrun.perfcollector <> - PERF_STAT : "     0.658036402;CPU10;15054;;UNC_M_CAS_COUNT.WR[UNIT0];10245753;100.00;;"
7214 [140461632403136] INFO perfrun.perfcollector <> - PERF_STAT : "     0.658036402;CPU0;28422;;UNC_M_CAS_COUNT.WR[UNIT1];10246100;100.00;;"
7214 [140461632403136] INFO perfrun.perfcollector <> - PERF_STAT : "     0.658036402;CPU10;14652;;UNC_M_CAS_COUNT.WR[UNIT1];10245752;100.00;;"
7214 [140461632403136] INFO perfrun.perfcollector <> - PERF_STAT : "     0.658036402;CPU0;28863;;UNC_M_CAS_COUNT.WR[UNIT4];10246100;100.00;;"
7214 [140461632403136] INFO perfrun.perfcollector <> - PERF_STAT : "     0.658036402;CPU10;15009;;UNC_M_CAS_COUNT.WR[UNIT4];10245730;100.00;;"
7214 [140461632403136] INFO perfrun.perfcollector <> - PERF_STAT : "     0.658036402;CPU0;28481;;UNC_M_CAS_COUNT.WR[UNIT5];10246105;100.00;;"
7214 [140461632403136] INFO perfrun.perfcollector <> - PERF_STAT : "     0.658036402;CPU10;14686;;UNC_M_CAS_COUNT.WR[UNIT5];10245738;100.00;;"
7224 [140461632403136] INFO perfrun.perfcollector <> - PERF_STAT : "     0.668282686;CPU0;156052;;UNC_M_CAS_COUNT.RD[UNIT0];10249508;100.00;;"
7224 [140461632403136] INFO perfrun.perfcollector <> - PERF_STAT : "     0.668282686;CPU10;66105;;UNC_M_CAS_COUNT.RD[UNIT0];10251440;100.00;;"
7224 [140461632403136] INFO perfrun.perfcollector <> - PERF_STAT : "     0.668282686;CPU0;155690;;UNC_M_CAS_COUNT.RD[UNIT1];10249949;100.00;;"
7224 [140461632403136] INFO perfrun.perfcollector <> - PERF_STAT : "     0.668282686;CPU10;65396;;UNC_M_CAS_COUNT.RD[UNIT1];10251937;100.00;;"
7224 [140461632403136] INFO perfrun.perfcollector <> - PERF_STAT : "     0.668282686;CPU0;156293;;UNC_M_CAS_COUNT.RD[UNIT4];10249981;100.00;;"
7224 [140461632403136] INFO perfrun.perfcollector <> - PERF_STAT : "     0.668282686;CPU10;65960;;UNC_M_CAS_COUNT.RD[UNIT4];10252043;100.00;;"
7224 [140461632403136] INFO perfrun.perfcollector <> - PERF_STAT : "     0.668282686;CPU0;156019;;UNC_M_CAS_COUNT.RD[UNIT5];10249860;100.00;;"
7224 [140461632403136] INFO perfrun.perfcollector <> - PERF_STAT : "     0.668282686;CPU10;65524;;UNC_M_CAS_COUNT.RD[UNIT5];10252083;100.00;;"
7224 [140461632403136] INFO perfrun.perfcollector <> - PERF_STAT : "     0.668282686;CPU0;31888;;UNC_M_CAS_COUNT.WR[UNIT0];10250011;100.00;;"
7224 [140461632403136] INFO perfrun.perfcollector <> - PERF_STAT : "     0.668282686;CPU10;13147;;UNC_M_CAS_COUNT.WR[UNIT0];10252054;100.00;;"
7224 [140461632403136] INFO perfrun.perfcollector <> - PERF_STAT : "     0.668282686;CPU0;31362;;UNC_M_CAS_COUNT.WR[UNIT1];10249920;100.00;;"
7224 [140461632403136] INFO perfrun.perfcollector <> - PERF_STAT : "     0.668282686;CPU10;12563;;UNC_M_CAS_COUNT.WR[UNIT1];10252043;100.00;;"
7224 [140461632403136] INFO perfrun.perfcollector <> - PERF_STAT : "     0.668282686;CPU0;31681;;UNC_M_CAS_COUNT.WR[UNIT4];10249848;100.00;;"
7224 [140461632403136] INFO perfrun.perfcollector <> - PERF_STAT : "     0.668282686;CPU10;13100;;UNC_M_CAS_COUNT.WR[UNIT4];10252101;100.00;;"
7224 [140461632403136] INFO perfrun.perfcollector <> - PERF_STAT : "     0.668282686;CPU0;31346;;UNC_M_CAS_COUNT.WR[UNIT5];10249862;100.00;;"
7224 [140461632403136] INFO perfrun.perfcollector <> - PERF_STAT : "     0.668282686;CPU10;12616;;UNC_M_CAS_COUNT.WR[UNIT5];10252113;100.00;;"
7234 [140461632403136] INFO perfrun.perfcollector <> - PERF_STAT : "     0.678536307;CPU0;160293;;UNC_M_CAS_COUNT.RD[UNIT0];10251106;100.00;;"
7234 [140461632403136] INFO perfrun.perfcollector <> - PERF_STAT : "     0.678536307;CPU10;62801;;UNC_M_CAS_COUNT.RD[UNIT0];10257811;100.00;;"
7234 [140461632403136] INFO perfrun.perfcollector <> - PERF_STAT : "     0.678536307;CPU0;160190;;UNC_M_CAS_COUNT.RD[UNIT1];10250699;100.00;;"
7234 [140461632403136] INFO perfrun.perfcollector <> - PERF_STAT : "     0.678536307;CPU10;62058;;UNC_M_CAS_COUNT.RD[UNIT1];10257466;100.00;;"
7234 [140461632403136] INFO perfrun.perfcollector <> - PERF_STAT : "     0.678536307;CPU0;161063;;UNC_M_CAS_COUNT.RD[UNIT4];10250911;100.00;;"
7234 [140461632403136] INFO perfrun.perfcollector <> - PERF_STAT : "     0.678536307;CPU10;62368;;UNC_M_CAS_COUNT.RD[UNIT4];10257339;100.00;;"
7234 [140461632403136] INFO perfrun.perfcollector <> - PERF_STAT : "     0.678536307;CPU0;160233;;UNC_M_CAS_COUNT.RD[UNIT5];10250967;100.00;;"
7235 [140461632403136] INFO perfrun.perfcollector <> - PERF_STAT : "     0.678536307;CPU10;62040;;UNC_M_CAS_COUNT.RD[UNIT5];10257290;100.00;;"
7235 [140461632403136] INFO perfrun.perfcollector <> - PERF_STAT : "     0.678536307;CPU0;33033;;UNC_M_CAS_COUNT.WR[UNIT0];10250833;100.00;;"
7235 [140461632403136] INFO perfrun.perfcollector <> - PERF_STAT : "     0.678536307;CPU10;12859;;UNC_M_CAS_COUNT.WR[UNIT0];10257213;100.00;;"
7235 [140461632403136] INFO perfrun.perfcollector <> - PERF_STAT : "     0.678536307;CPU0;32529;;UNC_M_CAS_COUNT.WR[UNIT1];10250863;100.00;;"
7235 [140461632403136] INFO perfrun.perfcollector <> - PERF_STAT : "     0.678536307;CPU10;12292;;UNC_M_CAS_COUNT.WR[UNIT1];10257393;100.00;;"
7235 [140461632403136] INFO perfrun.perfcollector <> - PERF_STAT : "     0.678536307;CPU0;33010;;UNC_M_CAS_COUNT.WR[UNIT4];10250821;100.00;;"
7235 [140461632403136] INFO perfrun.perfcollector <> - PERF_STAT : "     0.678536307;CPU10;12789;;UNC_M_CAS_COUNT.WR[UNIT4];10257342;100.00;;"
7235 [140461632403136] INFO perfrun.perfcollector <> - PERF_STAT : "     0.678536307;CPU0;32567;;UNC_M_CAS_COUNT.WR[UNIT5];10250811;100.00;;"
7235 [140461632403136] INFO perfrun.perfcollector <> - PERF_STAT : "     0.678536307;CPU10;12247;;UNC_M_CAS_COUNT.WR[UNIT5];10257434;100.00;;"
7245 [140461632403136] INFO perfrun.perfcollector <> - PERF_STAT : "     0.688793825;CPU0;155435;;UNC_M_CAS_COUNT.RD[UNIT0];10255934;100.00;;"
7245 [140461632403136] INFO perfrun.perfcollector <> - PERF_STAT : "     0.688793825;CPU10;65653;;UNC_M_CAS_COUNT.RD[UNIT0];10247361;100.00;;"
7245 [140461632403136] INFO perfrun.perfcollector <> - PERF_STAT : "     0.688793825;CPU0;154992;;UNC_M_CAS_COUNT.RD[UNIT1];10255874;100.00;;"
7245 [140461632403136] INFO perfrun.perfcollector <> - PERF_STAT : "     0.688793825;CPU10;64672;;UNC_M_CAS_COUNT.RD[UNIT1];10247303;100.00;;"
7245 [140461632403136] INFO perfrun.perfcollector <> - PERF_STAT : "     0.688793825;CPU0;155405;;UNC_M_CAS_COUNT.RD[UNIT4];10255825;100.00;;"
7245 [140461632403136] INFO perfrun.perfcollector <> - PERF_STAT : "     0.688793825;CPU10;65309;;UNC_M_CAS_COUNT.RD[UNIT4];10247289;100.00;;"
7245 [140461632403136] INFO perfrun.perfcollector <> - PERF_STAT : "     0.688793825;CPU0;155185;;UNC_M_CAS_COUNT.RD[UNIT5];10256093;100.00;;"
7245 [140461632403136] INFO perfrun.perfcollector <> - PERF_STAT : "     0.688793825;CPU10;64988;;UNC_M_CAS_COUNT.RD[UNIT5];10247284;100.00;;"
7245 [140461632403136] INFO perfrun.perfcollector <> - PERF_STAT : "     0.688793825;CPU0;29244;;UNC_M_CAS_COUNT.WR[UNIT0];10255977;100.00;;"
7245 [140461632403136] INFO perfrun.perfcollector <> - PERF_STAT : "     0.688793825;CPU10;15077;;UNC_M_CAS_COUNT.WR[UNIT0];10247125;100.00;;"
7245 [140461632403136] INFO perfrun.perfcollector <> - PERF_STAT : "     0.688793825;CPU0;28715;;UNC_M_CAS_COUNT.WR[UNIT1];10256063;100.00;;"
7245 [140461632403136] INFO perfrun.perfcollector <> - PERF_STAT : "     0.688793825;CPU10;14509;;UNC_M_CAS_COUNT.WR[UNIT1];10246904;100.00;;"
7245 [140461632403136] INFO perfrun.perfcollector <> - PERF_STAT : "     0.688793825;CPU0;29008;;UNC_M_CAS_COUNT.WR[UNIT4];10256243;100.00;;"
7245 [140461632403136] INFO perfrun.perfcollector <> - PERF_STAT : "     0.688793825;CPU10;14957;;UNC_M_CAS_COUNT.WR[UNIT4];10246916;100.00;;"
7245 [140461632403136] INFO perfrun.perfcollector <> - PERF_STAT : "     0.688793825;CPU0;28750;;UNC_M_CAS_COUNT.WR[UNIT5];10256190;100.00;;"
7245 [140461632403136] INFO perfrun.perfcollector <> - PERF_STAT : "     0.688793825;CPU10;14505;;UNC_M_CAS_COUNT.WR[UNIT5];10246753;100.00;;"
7255 [140461632403136] INFO perfrun.perfcollector <> - PERF_STAT : "     0.699037776;CPU0;158496;;UNC_M_CAS_COUNT.RD[UNIT0];10244396;100.00;;"
7255 [140461632403136] INFO perfrun.perfcollector <> - PERF_STAT : "     0.699037776;CPU10;62362;;UNC_M_CAS_COUNT.RD[UNIT0];10244039;100.00;;"
7255 [140461632403136] INFO perfrun.perfcollector <> - PERF_STAT : "     0.699037776;CPU0;157890;;UNC_M_CAS_COUNT.RD[UNIT1];10244462;100.00;;"
7255 [140461632403136] INFO perfrun.perfcollector <> - PERF_STAT : "     0.699037776;CPU10;61734;;UNC_M_CAS_COUNT.RD[UNIT1];10244000;100.00;;"
7255 [140461632403136] INFO perfrun.perfcollector <> - PERF_STAT : "     0.699037776;CPU0;158866;;UNC_M_CAS_COUNT.RD[UNIT4];10244500;100.00;;"
7255 [140461632403136] INFO perfrun.perfcollector <> - PERF_STAT : "     0.699037776;CPU10;62064;;UNC_M_CAS_COUNT.RD[UNIT4];10244180;100.00;;"
7255 [140461632403136] INFO perfrun.perfcollector <> - PERF_STAT : "     0.699037776;CPU0;157925;;UNC_M_CAS_COUNT.RD[UNIT5];10244316;100.00;;"
7255 [140461632403136] INFO perfrun.perfcollector <> - PERF_STAT : "     0.699037776;CPU10;61650;;UNC_M_CAS_COUNT.RD[UNIT5];10244217;100.00;;"
7255 [140461632403136] INFO perfrun.perfcollector <> - PERF_STAT : "     0.699037776;CPU0;32556;;UNC_M_CAS_COUNT.WR[UNIT0];10244393;100.00;;"
7255 [140461632403136] INFO perfrun.perfcollector <> - PERF_STAT : "     0.699037776;CPU10;10629;;UNC_M_CAS_COUNT.WR[UNIT0];10244371;100.00;;"
7255 [140461632403136] INFO perfrun.perfcollector <> - PERF_STAT : "     0.699037776;CPU0;32079;;UNC_M_CAS_COUNT.WR[UNIT1];10244372;100.00;;"
7255 [140461632403136] INFO perfrun.perfcollector <> - PERF_STAT : "     0.699037776;CPU10;10053;;UNC_M_CAS_COUNT.WR[UNIT1];10244402;100.00;;"
7255 [140461632403136] INFO perfrun.perfcollector <> - PERF_STAT : "     0.699037776;CPU0;32630;;UNC_M_CAS_COUNT.WR[UNIT4];10244200;100.00;;"
7255 [140461632403136] INFO perfrun.perfcollector <> - PERF_STAT : "     0.699037776;CPU10;10548;;UNC_M_CAS_COUNT.WR[UNIT4];10244495;100.00;;"
7255 [140461632403136] INFO perfrun.perfcollector <> - PERF_STAT : "     0.699037776;CPU0;32082;;UNC_M_CAS_COUNT.WR[UNIT5];10244241;100.00;;"
7255 [140461632403136] INFO perfrun.perfcollector <> - PERF_STAT : "     0.699037776;CPU10;9982;;UNC_M_CAS_COUNT.WR[UNIT5];10244553;100.00;;"
7265 [140461632403136] INFO perfrun.perfcollector <> - PERF_STAT : "     0.709282149;CPU0;156364;;UNC_M_CAS_COUNT.RD[UNIT0];10244735;100.00;;"
7265 [140461632403136] INFO perfrun.perfcollector <> - PERF_STAT : "     0.709282149;CPU10;63619;;UNC_M_CAS_COUNT.RD[UNIT0];10246434;100.00;;"
7265 [140461632403136] INFO perfrun.perfcollector <> - PERF_STAT : "     0.709282149;CPU0;155855;;UNC_M_CAS_COUNT.RD[UNIT1];10244693;100.00;;"
7265 [140461632403136] INFO perfrun.perfcollector <> - PERF_STAT : "     0.709282149;CPU10;62739;;UNC_M_CAS_COUNT.RD[UNIT1];10246459;100.00;;"
7265 [140461632403136] INFO perfrun.perfcollector <> - PERF_STAT : "     0.709282149;CPU0;157008;;UNC_M_CAS_COUNT.RD[UNIT4];10244613;100.00;;"
7265 [140461632403136] INFO perfrun.perfcollector <> - PERF_STAT : "     0.709282149;CPU10;63476;;UNC_M_CAS_COUNT.RD[UNIT4];10246202;100.00;;"
7265 [140461632403136] INFO perfrun.perfcollector <> - PERF_STAT : "     0.709282149;CPU0;155811;;UNC_M_CAS_COUNT.RD[UNIT5];10244715;100.00;;"
7265 [140461632403136] INFO perfrun.perfcollector <> - PERF_STAT : "     0.709282149;CPU10;62857;;UNC_M_CAS_COUNT.RD[UNIT5];10246140;100.00;;"
7265 [140461632403136] INFO perfrun.perfcollector <> - PERF_STAT : "     0.709282149;CPU0;28995;;UNC_M_CAS_COUNT.WR[UNIT0];10244849;100.00;;"
7265 [140461632403136] INFO perfrun.perfcollector <> - PERF_STAT : "     0.709282149;CPU10;14288;;UNC_M_CAS_COUNT.WR[UNIT0];10245955;100.00;;"
7265 [140461632403136] INFO perfrun.perfcollector <> - PERF_STAT : "     0.709282149;CPU0;28532;;UNC_M_CAS_COUNT.WR[UNIT1];10244791;100.00;;"
7265 [140461632403136] INFO perfrun.perfcollector <> - PERF_STAT : "     0.709282149;CPU10;13737;;UNC_M_CAS_COUNT.WR[UNIT1];10245930;100.00;;"
7265 [140461632403136] INFO perfrun.perfcollector <> - PERF_STAT : "     0.709282149;CPU0;29075;;UNC_M_CAS_COUNT.WR[UNIT4];10244880;100.00;;"
7265 [140461632403136] INFO perfrun.perfcollector <> - PERF_STAT : "     0.709282149;CPU10;14228;;UNC_M_CAS_COUNT.WR[UNIT4];10245916;100.00;;"
7265 [140461632403136] INFO perfrun.perfcollector <> - PERF_STAT : "     0.709282149;CPU0;28550;;UNC_M_CAS_COUNT.WR[UNIT5];10244942;100.00;;"
7265 [140461632403136] INFO perfrun.perfcollector <> - PERF_STAT : "     0.709282149;CPU10;13775;;UNC_M_CAS_COUNT.WR[UNIT5];10245973;100.00;;"
7275 [140461632403136] INFO perfrun.perfcollector <> - PERF_STAT : "     0.719527651;CPU0;152323;;UNC_M_CAS_COUNT.RD[UNIT0];10246741;100.00;;"
7275 [140461632403136] INFO perfrun.perfcollector <> - PERF_STAT : "     0.719527651;CPU10;61649;;UNC_M_CAS_COUNT.RD[UNIT0];10246284;100.00;;"
7275 [140461632403136] INFO perfrun.perfcollector <> - PERF_STAT : "     0.719527651;CPU0;150881;;UNC_M_CAS_COUNT.RD[UNIT1];10246879;100.00;;"
7275 [140461632403136] INFO perfrun.perfcollector <> - PERF_STAT : "     0.719527651;CPU10;60789;;UNC_M_CAS_COUNT.RD[UNIT1];10246208;100.00;;"
7275 [140461632403136] INFO perfrun.perfcollector <> - PERF_STAT : "     0.719527651;CPU0;152697;;UNC_M_CAS_COUNT.RD[UNIT4];10246752;100.00;;"
7275 [140461632403136] INFO perfrun.perfcollector <> - PERF_STAT : "     0.719527651;CPU10;61488;;UNC_M_CAS_COUNT.RD[UNIT4];10246312;100.00;;"
7275 [140461632403136] INFO perfrun.perfcollector <> - PERF_STAT : "     0.719527651;CPU0;150586;;UNC_M_CAS_COUNT.RD[UNIT5];10246577;100.00;;"
7276 [140461632403136] INFO perfrun.perfcollector <> - PERF_STAT : "     0.719527651;CPU10;61146;;UNC_M_CAS_COUNT.RD[UNIT5];10246714;100.00;;"
7276 [140461632403136] INFO perfrun.perfcollector <> - PERF_STAT : "     0.719527651;CPU0;30825;;UNC_M_CAS_COUNT.WR[UNIT0];10246428;100.00;;"
7276 [140461632403136] INFO perfrun.perfcollector <> - PERF_STAT : "     0.719527651;CPU10;11590;;UNC_M_CAS_COUNT.WR[UNIT0];10246848;100.00;;"
7276 [140461632403136] INFO perfrun.perfcollector <> - PERF_STAT : "     0.719527651;CPU0;30188;;UNC_M_CAS_COUNT.WR[UNIT1];10246479;100.00;;"
7276 [140461632403136] INFO perfrun.perfcollector <> - PERF_STAT : "     0.719527651;CPU10;11056;;UNC_M_CAS_COUNT.WR[UNIT1];10246924;100.00;;"
7276 [140461632403136] INFO perfrun.perfcollector <> - PERF_STAT : "     0.719527651;CPU0;30853;;UNC_M_CAS_COUNT.WR[UNIT4];10246556;100.00;;"
7276 [140461632403136] INFO perfrun.perfcollector <> - PERF_STAT : "     0.719527651;CPU10;11607;;UNC_M_CAS_COUNT.WR[UNIT4];10246835;100.00;;"
7276 [140461632403136] INFO perfrun.perfcollector <> - PERF_STAT : "     0.719527651;CPU0;30203;;UNC_M_CAS_COUNT.WR[UNIT5];10246518;100.00;;"
7276 [140461632403136] INFO perfrun.perfcollector <> - PERF_STAT : "     0.719527651;CPU10;11141;;UNC_M_CAS_COUNT.WR[UNIT5];10246760;100.00;;"
7286 [140461632403136] INFO perfrun.perfcollector <> - PERF_STAT : "     0.729774783;CPU0;152210;;UNC_M_CAS_COUNT.RD[UNIT0];10246240;100.00;;"
7286 [140461632403136] INFO perfrun.perfcollector <> - PERF_STAT : "     0.729774783;CPU10;59358;;UNC_M_CAS_COUNT.RD[UNIT0];10245413;100.00;;"
7286 [140461632403136] INFO perfrun.perfcollector <> - PERF_STAT : "     0.729774783;CPU0;151593;;UNC_M_CAS_COUNT.RD[UNIT1];10246101;100.00;;"
7286 [140461632403136] INFO perfrun.perfcollector <> - PERF_STAT : "     0.729774783;CPU10;58957;;UNC_M_CAS_COUNT.RD[UNIT1];10245350;100.00;;"
7286 [140461632403136] INFO perfrun.perfcollector <> - PERF_STAT : "     0.729774783;CPU0;152584;;UNC_M_CAS_COUNT.RD[UNIT4];10246088;100.00;;"
7286 [140461632403136] INFO perfrun.perfcollector <> - PERF_STAT : "     0.729774783;CPU10;59513;;UNC_M_CAS_COUNT.RD[UNIT4];10245319;100.00;;"
7286 [140461632403136] INFO perfrun.perfcollector <> - PERF_STAT : "     0.729774783;CPU0;151227;;UNC_M_CAS_COUNT.RD[UNIT5];10246446;100.00;;"
7286 [140461632403136] INFO perfrun.perfcollector <> - PERF_STAT : "     0.729774783;CPU10;58940;;UNC_M_CAS_COUNT.RD[UNIT5];10244901;100.00;;"
7286 [140461632403136] INFO perfrun.perfcollector <> - PERF_STAT : "     0.729774783;CPU0;29240;;UNC_M_CAS_COUNT.WR[UNIT0];10246477;100.00;;"
7286 [140461632403136] INFO perfrun.perfcollector <> - PERF_STAT : "     0.729774783;CPU10;12508;;UNC_M_CAS_COUNT.WR[UNIT0];10244744;100.00;;"
7286 [140461632403136] INFO perfrun.perfcollector <> - PERF_STAT : "     0.729774783;CPU0;28791;;UNC_M_CAS_COUNT.WR[UNIT1];10246417;100.00;;"
7286 [140461632403136] INFO perfrun.perfcollector <> - PERF_STAT : "     0.729774783;CPU10;12000;;UNC_M_CAS_COUNT.WR[UNIT1];10244700;100.00;;"
7286 [140461632403136] INFO perfrun.perfcollector <> - PERF_STAT : "     0.729774783;CPU0;29168;;UNC_M_CAS_COUNT.WR[UNIT4];10246397;100.00;;"
7286 [140461632403136] INFO perfrun.perfcollector <> - PERF_STAT : "     0.729774783;CPU10;12508;;UNC_M_CAS_COUNT.WR[UNIT4];10244734;100.00;;"
7286 [140461632403136] INFO perfrun.perfcollector <> - PERF_STAT : "     0.729774783;CPU0;28779;;UNC_M_CAS_COUNT.WR[UNIT5];10246328;100.00;;"
7286 [140461632403136] INFO perfrun.perfcollector <> - PERF_STAT : "     0.729774783;CPU10;11973;;UNC_M_CAS_COUNT.WR[UNIT5];10244764;100.00;;"
7296 [140461632403136] INFO perfrun.perfcollector <> - PERF_STAT : "     0.740019083;CPU0;153460;;UNC_M_CAS_COUNT.RD[UNIT0];10243829;100.00;;"
7296 [140461632403136] INFO perfrun.perfcollector <> - PERF_STAT : "     0.740019083;CPU10;65311;;UNC_M_CAS_COUNT.RD[UNIT0];10243883;100.00;;"
7296 [140461632403136] INFO perfrun.perfcollector <> - PERF_STAT : "     0.740019083;CPU0;152780;;UNC_M_CAS_COUNT.RD[UNIT1];10243876;100.00;;"
7296 [140461632403136] INFO perfrun.perfcollector <> - PERF_STAT : "     0.740019083;CPU10;64622;;UNC_M_CAS_COUNT.RD[UNIT1];10243985;100.00;;"
7296 [140461632403136] INFO perfrun.perfcollector <> - PERF_STAT : "     0.740019083;CPU0;153336;;UNC_M_CAS_COUNT.RD[UNIT4];10243915;100.00;;"
7296 [140461632403136] INFO perfrun.perfcollector <> - PERF_STAT : "     0.740019083;CPU10;65143;;UNC_M_CAS_COUNT.RD[UNIT4];10244225;100.00;;"
7296 [140461632403136] INFO perfrun.perfcollector <> - PERF_STAT : "     0.740019083;CPU0;152837;;UNC_M_CAS_COUNT.RD[UNIT5];10243752;100.00;;"
7296 [140461632403136] INFO perfrun.perfcollector <> - PERF_STAT : "     0.740019083;CPU10;64722;;UNC_M_CAS_COUNT.RD[UNIT5];10244300;100.00;;"
7296 [140461632403136] INFO perfrun.perfcollector <> - PERF_STAT : "     0.740019083;CPU0;30208;;UNC_M_CAS_COUNT.WR[UNIT0];10243726;100.00;;"
7296 [140461632403136] INFO perfrun.perfcollector <> - PERF_STAT : "     0.740019083;CPU10;13996;;UNC_M_CAS_COUNT.WR[UNIT0];10244474;100.00;;"
7296 [140461632403136] INFO perfrun.perfcollector <> - PERF_STAT : "     0.740019083;CPU0;29710;;UNC_M_CAS_COUNT.WR[UNIT1];10243814;100.00;;"
7296 [140461632403136] INFO perfrun.perfcollector <> - PERF_STAT : "     0.740019083;CPU10;13468;;UNC_M_CAS_COUNT.WR[UNIT1];10244454;100.00;;"
7296 [140461632403136] INFO perfrun.perfcollector <> - PERF_STAT : "     0.740019083;CPU0;30073;;UNC_M_CAS_COUNT.WR[UNIT4];10243820;100.00;;"
7296 [140461632403136] INFO perfrun.perfcollector <> - PERF_STAT : "     0.740019083;CPU10;13949;;UNC_M_CAS_COUNT.WR[UNIT4];10244498;100.00;;"
7296 [140461632403136] INFO perfrun.perfcollector <> - PERF_STAT : "     0.740019083;CPU0;29710;;UNC_M_CAS_COUNT.WR[UNIT5];10243833;100.00;;"
7296 [140461632403136] INFO perfrun.perfcollector <> - PERF_STAT : "     0.740019083;CPU10;13423;;UNC_M_CAS_COUNT.WR[UNIT5];10244501;100.00;;"
7306 [140461632403136] INFO perfrun.perfcollector <> - PERF_STAT : "     0.750264482;CPU0;158791;;UNC_M_CAS_COUNT.RD[UNIT0];10246385;100.00;;"
7306 [140461632403136] INFO perfrun.perfcollector <> - PERF_STAT : "     0.750264482;CPU10;62371;;UNC_M_CAS_COUNT.RD[UNIT0];10243055;100.00;;"
7306 [140461632403136] INFO perfrun.perfcollector <> - PERF_STAT : "     0.750264482;CPU0;159021;;UNC_M_CAS_COUNT.RD[UNIT1];10246245;100.00;;"
7306 [140461632403136] INFO perfrun.perfcollector <> - PERF_STAT : "     0.750264482;CPU10;61850;;UNC_M_CAS_COUNT.RD[UNIT1];10243084;100.00;;"
7306 [140461632403136] INFO perfrun.perfcollector <> - PERF_STAT : "     0.750264482;CPU0;159512;;UNC_M_CAS_COUNT.RD[UNIT4];10246081;100.00;;"
7306 [140461632403136] INFO perfrun.perfcollector <> - PERF_STAT : "     0.750264482;CPU10;62196;;UNC_M_CAS_COUNT.RD[UNIT4];10242953;100.00;;"
7306 [140461632403136] INFO perfrun.perfcollector <> - PERF_STAT : "     0.750264482;CPU0;158491;;UNC_M_CAS_COUNT.RD[UNIT5];10245718;100.00;;"
7306 [140461632403136] INFO perfrun.perfcollector <> - PERF_STAT : "     0.750264482;CPU10;61874;;UNC_M_CAS_COUNT.RD[UNIT5];10243140;100.00;;"
7306 [140461632403136] INFO perfrun.perfcollector <> - PERF_STAT : "     0.750264482;CPU0;33816;;UNC_M_CAS_COUNT.WR[UNIT0];10245588;100.00;;"
7306 [140461632403136] INFO perfrun.perfcollector <> - PERF_STAT : "     0.750264482;CPU10;10597;;UNC_M_CAS_COUNT.WR[UNIT0];10243318;100.00;;"
7306 [140461632403136] INFO perfrun.perfcollector <> - PERF_STAT : "     0.750264482;CPU0;33387;;UNC_M_CAS_COUNT.WR[UNIT1];10245357;100.00;;"
7306 [140461632403136] INFO perfrun.perfcollector <> - PERF_STAT : "     0.750264482;CPU10;10108;;UNC_M_CAS_COUNT.WR[UNIT1];10243286;100.00;;"
7306 [140461632403136] INFO perfrun.perfcollector <> - PERF_STAT : "     0.750264482;CPU0;33741;;UNC_M_CAS_COUNT.WR[UNIT4];10245140;100.00;;"
7306 [140461632403136] INFO perfrun.perfcollector <> - PERF_STAT : "     0.750264482;CPU10;10542;;UNC_M_CAS_COUNT.WR[UNIT4];10243172;100.00;;"
7306 [140461632403136] INFO perfrun.perfcollector <> - PERF_STAT : "     0.750264482;CPU0;33285;;UNC_M_CAS_COUNT.WR[UNIT5];10245075;100.00;;"
7306 [140461632403136] INFO perfrun.perfcollector <> - PERF_STAT : "     0.750264482;CPU10;10127;;UNC_M_CAS_COUNT.WR[UNIT5];10243121;100.00;;"
7316 [140461632403136] INFO perfrun.perfcollector <> - PERF_STAT : "     0.760498981;CPU0;156051;;UNC_M_CAS_COUNT.RD[UNIT0];10235332;100.00;;"
7316 [140461632403136] INFO perfrun.perfcollector <> - PERF_STAT : "     0.760498981;CPU10;66036;;UNC_M_CAS_COUNT.RD[UNIT0];10238345;100.00;;"
7316 [140461632403136] INFO perfrun.perfcollector <> - PERF_STAT : "     0.760498981;CPU0;155885;;UNC_M_CAS_COUNT.RD[UNIT1];10235573;100.00;;"
7316 [140461632403136] INFO perfrun.perfcollector <> - PERF_STAT : "     0.760498981;CPU10;65106;;UNC_M_CAS_COUNT.RD[UNIT1];10238398;100.00;;"
7316 [140461632403136] INFO perfrun.perfcollector <> - PERF_STAT : "     0.760498981;CPU0;156743;;UNC_M_CAS_COUNT.RD[UNIT4];10235763;100.00;;"
7316 [140461632403136] INFO perfrun.perfcollector <> - PERF_STAT : "     0.760498981;CPU10;65902;;UNC_M_CAS_COUNT.RD[UNIT4];10238372;100.00;;"
7316 [140461632403136] INFO perfrun.perfcollector <> - PERF_STAT : "     0.760498981;CPU0;155872;;UNC_M_CAS_COUNT.RD[UNIT5];10235882;100.00;;"
7316 [140461632403136] INFO perfrun.perfcollector <> - PERF_STAT : "     0.760498981;CPU10;65397;;UNC_M_CAS_COUNT.RD[UNIT5];10238198;100.00;;"
7316 [140461632403136] INFO perfrun.perfcollector <> - PERF_STAT : "     0.760498981;CPU0;29246;;UNC_M_CAS_COUNT.WR[UNIT0];10236112;100.00;;"
7317 [140461632403136] INFO perfrun.perfcollector <> - PERF_STAT : "     0.760498981;CPU10;15068;;UNC_M_CAS_COUNT.WR[UNIT0];10237933;100.00;;"
7317 [140461632403136] INFO perfrun.perfcollector <> - PERF_STAT : "     0.760498981;CPU0;28504;;UNC_M_CAS_COUNT.WR[UNIT1];10236348;100.00;;"
7317 [140461632403136] INFO perfrun.perfcollector <> - PERF_STAT : "     0.760498981;CPU10;14337;;UNC_M_CAS_COUNT.WR[UNIT1];10238000;100.00;;"
7317 [140461632403136] INFO perfrun.perfcollector <> - PERF_STAT : "     0.760498981;CPU0;29086;;UNC_M_CAS_COUNT.WR[UNIT4];10236411;100.00;;"
7317 [140461632403136] INFO perfrun.perfcollector <> - PERF_STAT : "     0.760498981;CPU10;14942;;UNC_M_CAS_COUNT.WR[UNIT4];10238129;100.00;;"
7317 [140461632403136] INFO perfrun.perfcollector <> - PERF_STAT : "     0.760498981;CPU0;28622;;UNC_M_CAS_COUNT.WR[UNIT5];10236534;100.00;;"
7317 [140461632403136] INFO perfrun.perfcollector <> - PERF_STAT : "     0.760498981;CPU10;14419;;UNC_M_CAS_COUNT.WR[UNIT5];10238110;100.00;;"
7327 [140461632403136] INFO perfrun.perfcollector <> - PERF_STAT : "     0.770746410;CPU0;153296;;UNC_M_CAS_COUNT.RD[UNIT0];10249220;100.00;;"
7327 [140461632403136] INFO perfrun.perfcollector <> - PERF_STAT : "     0.770746410;CPU10;61181;;UNC_M_CAS_COUNT.RD[UNIT0];10252300;100.00;;"
7327 [140461632403136] INFO perfrun.perfcollector <> - PERF_STAT : "     0.770746410;CPU0;152902;;UNC_M_CAS_COUNT.RD[UNIT1];10249266;100.00;;"
7327 [140461632403136] INFO perfrun.perfcollector <> - PERF_STAT : "     0.770746410;CPU10;60532;;UNC_M_CAS_COUNT.RD[UNIT1];10252354;100.00;;"
7327 [140461632403136] INFO perfrun.perfcollector <> - PERF_STAT : "     0.770746410;CPU0;153686;;UNC_M_CAS_COUNT.RD[UNIT4];10249188;100.00;;"
7327 [140461632403136] INFO perfrun.perfcollector <> - PERF_STAT : "     0.770746410;CPU10;60959;;UNC_M_CAS_COUNT.RD[UNIT4];10252404;100.00;;"
7327 [140461632403136] INFO perfrun.perfcollector <> - PERF_STAT : "     0.770746410;CPU0;152929;;UNC_M_CAS_COUNT.RD[UNIT5];10249221;100.00;;"
7327 [140461632403136] INFO perfrun.perfcollector <> - PERF_STAT : "     0.770746410;CPU10;60454;;UNC_M_CAS_COUNT.RD[UNIT5];10252462;100.00;;"
7327 [140461632403136] INFO perfrun.perfcollector <> - PERF_STAT : "     0.770746410;CPU0;32451;;UNC_M_CAS_COUNT.WR[UNIT0];10249151;100.00;;"
7327 [140461632403136] INFO perfrun.perfcollector <> - PERF_STAT : "     0.770746410;CPU10;10790;;UNC_M_CAS_COUNT.WR[UNIT0];10252426;100.00;;"
7327 [140461632403136] INFO perfrun.perfcollector <> - PERF_STAT : "     0.770746410;CPU0;31871;;UNC_M_CAS_COUNT.WR[UNIT1];10249071;100.00;;"
7327 [140461632403136] INFO perfrun.perfcollector <> - PERF_STAT : "     0.770746410;CPU10;10371;;UNC_M_CAS_COUNT.WR[UNIT1];10252501;100.00;;"
7327 [140461632403136] INFO perfrun.perfcollector <> - PERF_STAT : "     0.770746410;CPU0;32442;;UNC_M_CAS_COUNT.WR[UNIT4];10249195;100.00;;"
7327 [140461632403136] INFO perfrun.perfcollector <> - PERF_STAT : "     0.770746410;CPU10;10829;;UNC_M_CAS_COUNT.WR[UNIT4];10252399;100.00;;"
7327 [140461632403136] INFO perfrun.perfcollector <> - PERF_STAT : "     0.770746410;CPU0;31925;;UNC_M_CAS_COUNT.WR[UNIT5];10249210;100.00;;"
7327 [140461632403136] INFO perfrun.perfcollector <> - PERF_STAT : "     0.770746410;CPU10;10317;;UNC_M_CAS_COUNT.WR[UNIT5];10252405;100.00;;"
7337 [140461632403136] INFO perfrun.perfcollector <> - PERF_STAT : "     0.781000834;CPU0;159826;;UNC_M_CAS_COUNT.RD[UNIT0];10250593;100.00;;"
7337 [140461632403136] INFO perfrun.perfcollector <> - PERF_STAT : "     0.781000834;CPU10;64328;;UNC_M_CAS_COUNT.RD[UNIT0];10247621;100.00;;"
7337 [140461632403136] INFO perfrun.perfcollector <> - PERF_STAT : "     0.781000834;CPU0;159699;;UNC_M_CAS_COUNT.RD[UNIT1];10250331;100.00;;"
7337 [140461632403136] INFO perfrun.perfcollector <> - PERF_STAT : "     0.781000834;CPU10;63389;;UNC_M_CAS_COUNT.RD[UNIT1];10247355;100.00;;"
7337 [140461632403136] INFO perfrun.perfcollector <> - PERF_STAT : "     0.781000834;CPU0;160433;;UNC_M_CAS_COUNT.RD[UNIT4];10250440;100.00;;"
7337 [140461632403136] INFO perfrun.perfcollector <> - PERF_STAT : "     0.781000834;CPU10;63890;;UNC_M_CAS_COUNT.RD[UNIT4];10247300;100.00;;"
7337 [140461632403136] INFO perfrun.perfcollector <> - PERF_STAT : "     0.781000834;CPU0;159693;;UNC_M_CAS_COUNT.RD[UNIT5];10250430;100.00;;"
7337 [140461632403136] INFO perfrun.perfcollector <> - PERF_STAT : "     0.781000834;CPU10;63429;;UNC_M_CAS_COUNT.RD[UNIT5];10247283;100.00;;"
7337 [140461632403136] INFO perfrun.perfcollector <> - PERF_STAT : "     0.781000834;CPU0;30954;;UNC_M_CAS_COUNT.WR[UNIT0];10250673;100.00;;"
7337 [140461632403136] INFO perfrun.perfcollector <> - PERF_STAT : "     0.781000834;CPU10;14067;;UNC_M_CAS_COUNT.WR[UNIT0];10247301;100.00;;"
7337 [140461632403136] INFO perfrun.perfcollector <> - PERF_STAT : "     0.781000834;CPU0;30522;;UNC_M_CAS_COUNT.WR[UNIT1];10250807;100.00;;"
7337 [140461632403136] INFO perfrun.perfcollector <> - PERF_STAT : "     0.781000834;CPU10;13444;;UNC_M_CAS_COUNT.WR[UNIT1];10247335;100.00;;"
7337 [140461632403136] INFO perfrun.perfcollector <> - PERF_STAT : "     0.781000834;CPU0;30947;;UNC_M_CAS_COUNT.WR[UNIT4];10250795;100.00;;"
7337 [140461632403136] INFO perfrun.perfcollector <> - PERF_STAT : "     0.781000834;CPU10;13940;;UNC_M_CAS_COUNT.WR[UNIT4];10247350;100.00;;"
7337 [140461632403136] INFO perfrun.perfcollector <> - PERF_STAT : "     0.781000834;CPU0;30552;;UNC_M_CAS_COUNT.WR[UNIT5];10250888;100.00;;"
7337 [140461632403136] INFO perfrun.perfcollector <> - PERF_STAT : "     0.781000834;CPU10;13460;;UNC_M_CAS_COUNT.WR[UNIT5];10247749;100.00;;"
7347 [140461632403136] INFO perfrun.perfcollector <> - PERF_STAT : "     0.791245242;CPU0;155624;;UNC_M_CAS_COUNT.RD[UNIT0];10245645;100.00;;"
7347 [140461632403136] INFO perfrun.perfcollector <> - PERF_STAT : "     0.791245242;CPU10;64456;;UNC_M_CAS_COUNT.RD[UNIT0];10245833;100.00;;"
7347 [140461632403136] INFO perfrun.perfcollector <> - PERF_STAT : "     0.791245242;CPU0;155243;;UNC_M_CAS_COUNT.RD[UNIT1];10245934;100.00;;"
7347 [140461632403136] INFO perfrun.perfcollector <> - PERF_STAT : "     0.791245242;CPU10;63821;;UNC_M_CAS_COUNT.RD[UNIT1];10246207;100.00;;"
7347 [140461632403136] INFO perfrun.perfcollector <> - PERF_STAT : "     0.791245242;CPU0;155937;;UNC_M_CAS_COUNT.RD[UNIT4];10245877;100.00;;"
7347 [140461632403136] INFO perfrun.perfcollector <> - PERF_STAT : "     0.791245242;CPU10;64290;;UNC_M_CAS_COUNT.RD[UNIT4];10246221;100.00;;"
7347 [140461632403136] INFO perfrun.perfcollector <> - PERF_STAT : "     0.791245242;CPU0;155476;;UNC_M_CAS_COUNT.RD[UNIT5];10245970;100.00;;"
7347 [140461632403136] INFO perfrun.perfcollector <> - PERF_STAT : "     0.791245242;CPU10;63773;;UNC_M_CAS_COUNT.RD[UNIT5];10246169;100.00;;"
7347 [140461632403136] INFO perfrun.perfcollector <> - PERF_STAT : "     0.791245242;CPU0;31570;;UNC_M_CAS_COUNT.WR[UNIT0];10245836;100.00;;"
7347 [140461632403136] INFO perfrun.perfcollector <> - PERF_STAT : "     0.791245242;CPU10;12930;;UNC_M_CAS_COUNT.WR[UNIT0];10246211;100.00;;"
7347 [140461632403136] INFO perfrun.perfcollector <> - PERF_STAT : "     0.791245242;CPU0;31228;;UNC_M_CAS_COUNT.WR[UNIT1];10245725;100.00;;"
7347 [140461632403136] INFO perfrun.perfcollector <> - PERF_STAT : "     0.791245242;CPU10;12385;;UNC_M_CAS_COUNT.WR[UNIT1];10246057;100.00;;"
7347 [140461632403136] INFO perfrun.perfcollector <> - PERF_STAT : "     0.791245242;CPU0;31626;;UNC_M_CAS_COUNT.WR[UNIT4];10245633;100.00;;"
7347 [140461632403136] INFO perfrun.perfcollector <> - PERF_STAT : "     0.791245242;CPU10;12875;;UNC_M_CAS_COUNT.WR[UNIT4];10246099;100.00;;"
7347 [140461632403136] INFO perfrun.perfcollector <> - PERF_STAT : "     0.791245242;CPU0;31256;;UNC_M_CAS_COUNT.WR[UNIT5];10245477;100.00;;"
7347 [140461632403136] INFO perfrun.perfcollector <> - PERF_STAT : "     0.791245242;CPU10;12414;;UNC_M_CAS_COUNT.WR[UNIT5];10245898;100.00;;"
7357 [140461632403136] INFO perfrun.perfcollector <> - PERF_STAT : "     0.801490332;CPU0;156859;;UNC_M_CAS_COUNT.RD[UNIT0];10244795;100.00;;"
7357 [140461632403136] INFO perfrun.perfcollector <> - PERF_STAT : "     0.801490332;CPU10;63019;;UNC_M_CAS_COUNT.RD[UNIT0];10245029;100.00;;"
7357 [140461632403136] INFO perfrun.perfcollector <> - PERF_STAT : "     0.801490332;CPU0;156278;;UNC_M_CAS_COUNT.RD[UNIT1];10244617;100.00;;"
7357 [140461632403136] INFO perfrun.perfcollector <> - PERF_STAT : "     0.801490332;CPU10;62304;;UNC_M_CAS_COUNT.RD[UNIT1];10244899;100.00;;"
7357 [140461632403136] INFO perfrun.perfcollector <> - PERF_STAT : "     0.801490332;CPU0;156985;;UNC_M_CAS_COUNT.RD[UNIT4];10244642;100.00;;"
7357 [140461632403136] INFO perfrun.perfcollector <> - PERF_STAT : "     0.801490332;CPU10;62742;;UNC_M_CAS_COUNT.RD[UNIT4];10244894;100.00;;"
7357 [140461632403136] INFO perfrun.perfcollector <> - PERF_STAT : "     0.801490332;CPU0;156512;;UNC_M_CAS_COUNT.RD[UNIT5];10244588;100.00;;"
7357 [140461632403136] INFO perfrun.perfcollector <> - PERF_STAT : "     0.801490332;CPU10;62415;;UNC_M_CAS_COUNT.RD[UNIT5];10244911;100.00;;"
7357 [140461632403136] INFO perfrun.perfcollector <> - PERF_STAT : "     0.801490332;CPU0;32543;;UNC_M_CAS_COUNT.WR[UNIT0];10244540;100.00;;"
7357 [140461632403136] INFO perfrun.perfcollector <> - PERF_STAT : "     0.801490332;CPU10;12032;;UNC_M_CAS_COUNT.WR[UNIT0];10244977;100.00;;"
7358 [140461632403136] INFO perfrun.perfcollector <> - PERF_STAT : "     0.801490332;CPU0;32017;;UNC_M_CAS_COUNT.WR[UNIT1];10244864;100.00;;"
7358 [140461632403136] INFO perfrun.perfcollector <> - PERF_STAT : "     0.801490332;CPU10;11545;;UNC_M_CAS_COUNT.WR[UNIT1];10244979;100.00;;"
7358 [140461632403136] INFO perfrun.perfcollector <> - PERF_STAT : "     0.801490332;CPU0;32471;;UNC_M_CAS_COUNT.WR[UNIT4];10244947;100.00;;"
7358 [140461632403136] INFO perfrun.perfcollector <> - PERF_STAT : "     0.801490332;CPU10;12045;;UNC_M_CAS_COUNT.WR[UNIT4];10244948;100.00;;"
7358 [140461632403136] INFO perfrun.perfcollector <> - PERF_STAT : "     0.801490332;CPU0;32132;;UNC_M_CAS_COUNT.WR[UNIT5];10244949;100.00;;"
7358 [140461632403136] INFO perfrun.perfcollector <> - PERF_STAT : "     0.801490332;CPU10;11528;;UNC_M_CAS_COUNT.WR[UNIT5];10244786;100.00;;"
7368 [140461632403136] INFO perfrun.perfcollector <> - PERF_STAT : "     0.811736338;CPU0;153366;;UNC_M_CAS_COUNT.RD[UNIT0];10246749;100.00;;"
7368 [140461632403136] INFO perfrun.perfcollector <> - PERF_STAT : "     0.811736338;CPU10;64553;;UNC_M_CAS_COUNT.RD[UNIT0];10246757;100.00;;"
7368 [140461632403136] INFO perfrun.perfcollector <> - PERF_STAT : "     0.811736338;CPU0;152320;;UNC_M_CAS_COUNT.RD[UNIT1];10246752;100.00;;"
7368 [140461632403136] INFO perfrun.perfcollector <> - PERF_STAT : "     0.811736338;CPU10;63634;;UNC_M_CAS_COUNT.RD[UNIT1];10246640;100.00;;"
7368 [140461632403136] INFO perfrun.perfcollector <> - PERF_STAT : "     0.811736338;CPU0;153644;;UNC_M_CAS_COUNT.RD[UNIT4];10246609;100.00;;"
7368 [140461632403136] INFO perfrun.perfcollector <> - PERF_STAT : "     0.811736338;CPU10;64465;;UNC_M_CAS_COUNT.RD[UNIT4];10246572;100.00;;"
7368 [140461632403136] INFO perfrun.perfcollector <> - PERF_STAT : "     0.811736338;CPU0;152771;;UNC_M_CAS_COUNT.RD[UNIT5];10246688;100.00;;"
7368 [140461632403136] INFO perfrun.perfcollector <> - PERF_STAT : "     0.811736338;CPU10;63797;;UNC_M_CAS_COUNT.RD[UNIT5];10246559;100.00;;"
7368 [140461632403136] INFO perfrun.perfcollector <> - PERF_STAT : "     0.811736338;CPU0;28521;;UNC_M_CAS_COUNT.WR[UNIT0];10246688;100.00;;"
7368 [140461632403136] INFO perfrun.perfcollector <> - PERF_STAT : "     0.811736338;CPU10;14687;;UNC_M_CAS_COUNT.WR[UNIT0];10246458;100.00;;"
7368 [140461632403136] INFO perfrun.perfcollector <> - PERF_STAT : "     0.811736338;CPU0;27982;;UNC_M_CAS_COUNT.WR[UNIT1];10246372;100.00;;"
7368 [140461632403136] INFO perfrun.perfcollector <> - PERF_STAT : "     0.811736338;CPU10;14031;;UNC_M_CAS_COUNT.WR[UNIT1];10246479;100.00;;"
7368 [140461632403136] INFO perfrun.perfcollector <> - PERF_STAT : "     0.811736338;CPU0;28461;;UNC_M_CAS_COUNT.WR[UNIT4];10246374;100.00;;"
7368 [140461632403136] INFO perfrun.perfcollector <> - PERF_STAT : "     0.811736338;CPU10;14666;;UNC_M_CAS_COUNT.WR[UNIT4];10246505;100.00;;"
7368 [140461632403136] INFO perfrun.perfcollector <> - PERF_STAT : "     0.811736338;CPU0;27931;;UNC_M_CAS_COUNT.WR[UNIT5];10246379;100.00;;"
7368 [140461632403136] INFO perfrun.perfcollector <> - PERF_STAT : "     0.811736338;CPU10;14061;;UNC_M_CAS_COUNT.WR[UNIT5];10246502;100.00;;"
7378 [140461632403136] INFO perfrun.perfcollector <> - PERF_STAT : "     0.821972470;CPU0;152532;;UNC_M_CAS_COUNT.RD[UNIT0];10234394;100.00;;"
7378 [140461632403136] INFO perfrun.perfcollector <> - PERF_STAT : "     0.821972470;CPU10;60478;;UNC_M_CAS_COUNT.RD[UNIT0];10234795;100.00;;"
7378 [140461632403136] INFO perfrun.perfcollector <> - PERF_STAT : "     0.821972470;CPU0;152125;;UNC_M_CAS_COUNT.RD[UNIT1];10234554;100.00;;"
7378 [140461632403136] INFO perfrun.perfcollector <> - PERF_STAT : "     0.821972470;CPU10;59980;;UNC_M_CAS_COUNT.RD[UNIT1];10234824;100.00;;"
7378 [140461632403136] INFO perfrun.perfcollector <> - PERF_STAT : "     0.821972470;CPU0;153408;;UNC_M_CAS_COUNT.RD[UNIT4];10234565;100.00;;"
7378 [140461632403136] INFO perfrun.perfcollector <> - PERF_STAT : "     0.821972470;CPU10;60234;;UNC_M_CAS_COUNT.RD[UNIT4];10234995;100.00;;"
7378 [140461632403136] INFO perfrun.perfcollector <> - PERF_STAT : "     0.821972470;CPU0;151893;;UNC_M_CAS_COUNT.RD[UNIT5];10234549;100.00;;"
7378 [140461632403136] INFO perfrun.perfcollector <> - PERF_STAT : "     0.821972470;CPU10;60046;;UNC_M_CAS_COUNT.RD[UNIT5];10234995;100.00;;"
7378 [140461632403136] INFO perfrun.perfcollector <> - PERF_STAT : "     0.821972470;CPU0;31035;;UNC_M_CAS_COUNT.WR[UNIT0];10234642;100.00;;"
7378 [140461632403136] INFO perfrun.perfcollector <> - PERF_STAT : "     0.821972470;CPU10;10118;;UNC_M_CAS_COUNT.WR[UNIT0];10235008;100.00;;"
7378 [140461632403136] INFO perfrun.perfcollector <> - PERF_STAT : "     0.821972470;CPU0;30691;;UNC_M_CAS_COUNT.WR[UNIT1];10234572;100.00;;"
7378 [140461632403136] INFO perfrun.perfcollector <> - PERF_STAT : "     0.821972470;CPU10;9608;;UNC_M_CAS_COUNT.WR[UNIT1];10234989;100.00;;"
7378 [140461632403136] INFO perfrun.perfcollector <> - PERF_STAT : "     0.821972470;CPU0;31039;;UNC_M_CAS_COUNT.WR[UNIT4];10234435;100.00;;"
7378 [140461632403136] INFO perfrun.perfcollector <> - PERF_STAT : "     0.821972470;CPU10;10090;;UNC_M_CAS_COUNT.WR[UNIT4];10235035;100.00;;"
7378 [140461632403136] INFO perfrun.perfcollector <> - PERF_STAT : "     0.821972470;CPU0;30602;;UNC_M_CAS_COUNT.WR[UNIT5];10234704;100.00;;"
7378 [140461632403136] INFO perfrun.perfcollector <> - PERF_STAT : "     0.821972470;CPU10;9629;;UNC_M_CAS_COUNT.WR[UNIT5];10235055;100.00;;"
7388 [140461632403136] INFO perfrun.perfcollector <> - PERF_STAT : "     0.832216857;CPU0;152343;;UNC_M_CAS_COUNT.RD[UNIT0];10245988;100.00;;"
7388 [140461632403136] INFO perfrun.perfcollector <> - PERF_STAT : "     0.832216857;CPU10;61007;;UNC_M_CAS_COUNT.RD[UNIT0];10245207;100.00;;"
7388 [140461632403136] INFO perfrun.perfcollector <> - PERF_STAT : "     0.832216857;CPU0;151234;;UNC_M_CAS_COUNT.RD[UNIT1];10245924;100.00;;"
7388 [140461632403136] INFO perfrun.perfcollector <> - PERF_STAT : "     0.832216857;CPU10;59977;;UNC_M_CAS_COUNT.RD[UNIT1];10245188;100.00;;"
7388 [140461632403136] INFO perfrun.perfcollector <> - PERF_STAT : "     0.832216857;CPU0;152586;;UNC_M_CAS_COUNT.RD[UNIT4];10245918;100.00;;"
7388 [140461632403136] INFO perfrun.perfcollector <> - PERF_STAT : "     0.832216857;CPU10;60736;;UNC_M_CAS_COUNT.RD[UNIT4];10245330;100.00;;"
7388 [140461632403136] INFO perfrun.perfcollector <> - PERF_STAT : "     0.832216857;CPU0;151030;;UNC_M_CAS_COUNT.RD[UNIT5];10245847;100.00;;"
7388 [140461632403136] INFO perfrun.perfcollector <> - PERF_STAT : "     0.832216857;CPU10;60024;;UNC_M_CAS_COUNT.RD[UNIT5];10245250;100.00;;"
7388 [140461632403136] INFO perfrun.perfcollector <> - PERF_STAT : "     0.832216857;CPU0;28072;;UNC_M_CAS_COUNT.WR[UNIT0];10245671;100.00;;"
7388 [140461632403136] INFO perfrun.perfcollector <> - PERF_STAT : "     0.832216857;CPU10;13288;;UNC_M_CAS_COUNT.WR[UNIT0];10245226;100.00;;"
7388 [140461632403136] INFO perfrun.perfcollector <> - PERF_STAT : "     0.832216857;CPU0;27568;;UNC_M_CAS_COUNT.WR[UNIT1];10245695;100.00;;"
7388 [140461632403136] INFO perfrun.perfcollector <> - PERF_STAT : "     0.832216857;CPU10;12692;;UNC_M_CAS_COUNT.WR[UNIT1];10245237;100.00;;"
7388 [140461632403136] INFO perfrun.perfcollector <> - PERF_STAT : "     0.832216857;CPU0;28117;;UNC_M_CAS_COUNT.WR[UNIT4];10245888;100.00;;"
7388 [140461632403136] INFO perfrun.perfcollector <> - PERF_STAT : "     0.832216857;CPU10;13318;;UNC_M_CAS_COUNT.WR[UNIT4];10245163;100.00;;"
7388 [140461632403136] INFO perfrun.perfcollector <> - PERF_STAT : "     0.832216857;CPU0;27623;;UNC_M_CAS_COUNT.WR[UNIT5];10245671;100.00;;"
7388 [140461632403136] INFO perfrun.perfcollector <> - PERF_STAT : "     0.832216857;CPU10;12664;;UNC_M_CAS_COUNT.WR[UNIT5];10245186;100.00;;"
7398 [140461632403136] INFO perfrun.perfcollector <> - PERF_STAT : "     0.842462364;CPU0;155776;;UNC_M_CAS_COUNT.RD[UNIT0];10246069;100.00;;"
7398 [140461632403136] INFO perfrun.perfcollector <> - PERF_STAT : "     0.842462364;CPU10;63233;;UNC_M_CAS_COUNT.RD[UNIT0];10245186;100.00;;"
7398 [140461632403136] INFO perfrun.perfcollector <> - PERF_STAT : "     0.842462364;CPU0;155139;;UNC_M_CAS_COUNT.RD[UNIT1];10245907;100.00;;"
7398 [140461632403136] INFO perfrun.perfcollector <> - PERF_STAT : "     0.842462364;CPU10;62474;;UNC_M_CAS_COUNT.RD[UNIT1];10245483;100.00;;"
7398 [140461632403136] INFO perfrun.perfcollector <> - PERF_STAT : "     0.842462364;CPU0;156207;;UNC_M_CAS_COUNT.RD[UNIT4];10246254;100.00;;"
7398 [140461632403136] INFO perfrun.perfcollector <> - PERF_STAT : "     0.842462364;CPU10;63302;;UNC_M_CAS_COUNT.RD[UNIT4];10245428;100.00;;"
7398 [140461632403136] INFO perfrun.perfcollector <> - PERF_STAT : "     0.842462364;CPU0;155407;;UNC_M_CAS_COUNT.RD[UNIT5];10246240;100.00;;"
7398 [140461632403136] INFO perfrun.perfcollector <> - PERF_STAT : "     0.842462364;CPU10;62559;;UNC_M_CAS_COUNT.RD[UNIT5];10245635;100.00;;"
7398 [140461632403136] INFO perfrun.perfcollector <> - PERF_STAT : "     0.842462364;CPU0;31827;;UNC_M_CAS_COUNT.WR[UNIT0];10246251;100.00;;"
7398 [140461632403136] INFO perfrun.perfcollector <> - PERF_STAT : "     0.842462364;CPU10;12427;;UNC_M_CAS_COUNT.WR[UNIT0];10245811;100.00;;"
7398 [140461632403136] INFO perfrun.perfcollector <> - PERF_STAT : "     0.842462364;CPU0;31378;;UNC_M_CAS_COUNT.WR[UNIT1];10246313;100.00;;"
7399 [140461632403136] INFO perfrun.perfcollector <> - PERF_STAT : "     0.842462364;CPU10;11959;;UNC_M_CAS_COUNT.WR[UNIT1];10245749;100.00;;"
7399 [140461632403136] INFO perfrun.perfcollector <> - PERF_STAT : "     0.842462364;CPU0;31759;;UNC_M_CAS_COUNT.WR[UNIT4];10246197;100.00;;"
7399 [140461632403136] INFO perfrun.perfcollector <> - PERF_STAT : "     0.842462364;CPU10;12548;;UNC_M_CAS_COUNT.WR[UNIT4];10245729;100.00;;"
7399 [140461632403136] INFO perfrun.perfcollector <> - PERF_STAT : "     0.842462364;CPU0;31421;;UNC_M_CAS_COUNT.WR[UNIT5];10246122;100.00;;"
7399 [140461632403136] INFO perfrun.perfcollector <> - PERF_STAT : "     0.842462364;CPU10;11937;;UNC_M_CAS_COUNT.WR[UNIT5];10245679;100.00;;"
7409 [140461632403136] INFO perfrun.perfcollector <> - PERF_STAT : "     0.852714717;CPU0;155185;;UNC_M_CAS_COUNT.RD[UNIT0];10252612;100.00;;"
7409 [140461632403136] INFO perfrun.perfcollector <> - PERF_STAT : "     0.852714717;CPU10;59596;;UNC_M_CAS_COUNT.RD[UNIT0];10254579;100.00;;"
7409 [140461632403136] INFO perfrun.perfcollector <> - PERF_STAT : "     0.852714717;CPU0;154698;;UNC_M_CAS_COUNT.RD[UNIT1];10252774;100.00;;"
7409 [140461632403136] INFO perfrun.perfcollector <> - PERF_STAT : "     0.852714717;CPU10;58661;;UNC_M_CAS_COUNT.RD[UNIT1];10254417;100.00;;"
7409 [140461632403136] INFO perfrun.perfcollector <> - PERF_STAT : "     0.852714717;CPU0;155735;;UNC_M_CAS_COUNT.RD[UNIT4];10252515;100.00;;"
7409 [140461632403136] INFO perfrun.perfcollector <> - PERF_STAT : "     0.852714717;CPU10;59349;;UNC_M_CAS_COUNT.RD[UNIT4];10254362;100.00;;"
7409 [140461632403136] INFO perfrun.perfcollector <> - PERF_STAT : "     0.852714717;CPU0;154699;;UNC_M_CAS_COUNT.RD[UNIT5];10252534;100.00;;"
7409 [140461632403136] INFO perfrun.perfcollector <> - PERF_STAT : "     0.852714717;CPU10;58677;;UNC_M_CAS_COUNT.RD[UNIT5];10254273;100.00;;"
7409 [140461632403136] INFO perfrun.perfcollector <> - PERF_STAT : "     0.852714717;CPU0;30844;;UNC_M_CAS_COUNT.WR[UNIT0];10252755;100.00;;"
7409 [140461632403136] INFO perfrun.perfcollector <> - PERF_STAT : "     0.852714717;CPU10;11756;;UNC_M_CAS_COUNT.WR[UNIT0];10254214;100.00;;"
7409 [140461632403136] INFO perfrun.perfcollector <> - PERF_STAT : "     0.852714717;CPU0;30264;;UNC_M_CAS_COUNT.WR[UNIT1];10252701;100.00;;"
7409 [140461632403136] INFO perfrun.perfcollector <> - PERF_STAT : "     0.852714717;CPU10;11205;;UNC_M_CAS_COUNT.WR[UNIT1];10254305;100.00;;"
7409 [140461632403136] INFO perfrun.perfcollector <> - PERF_STAT : "     0.852714717;CPU0;30727;;UNC_M_CAS_COUNT.WR[UNIT4];10252826;100.00;;"
7409 [140461632403136] INFO perfrun.perfcollector <> - PERF_STAT : "     0.852714717;CPU10;11712;;UNC_M_CAS_COUNT.WR[UNIT4];10254237;100.00;;"
7409 [140461632403136] INFO perfrun.perfcollector <> - PERF_STAT : "     0.852714717;CPU0;30402;;UNC_M_CAS_COUNT.WR[UNIT5];10253002;100.00;;"
7409 [140461632403136] INFO perfrun.perfcollector <> - PERF_STAT : "     0.852714717;CPU10;11163;;UNC_M_CAS_COUNT.WR[UNIT5];10254239;100.00;;"
7430 [140461632403136] INFO perfrun.perfcollector <> - PERF_STAT : "     0.862961563;CPU0;335383;;UNC_M_CAS_COUNT.RD[UNIT0];21909877;100.00;;"
7430 [140461632403136] INFO perfrun.perfcollector <> - PERF_STAT : "     0.862961563;CPU10;138972;;UNC_M_CAS_COUNT.RD[UNIT0];21913561;100.00;;"
7431 [140461632403136] INFO perfrun.perfcollector <> - PERF_STAT : "     0.862961563;CPU0;335353;;UNC_M_CAS_COUNT.RD[UNIT1];21910336;100.00;;"
7431 [140461632403136] INFO perfrun.perfcollector <> - PERF_STAT : "     0.862961563;CPU10;137194;;UNC_M_CAS_COUNT.RD[UNIT1];21913901;100.00;;"
7431 [140461632403136] INFO perfrun.perfcollector <> - PERF_STAT : "     0.862961563;CPU0;336215;;UNC_M_CAS_COUNT.RD[UNIT4];21910314;100.00;;"
7431 [140461632403136] INFO perfrun.perfcollector <> - PERF_STAT : "     0.862961563;CPU10;138609;;UNC_M_CAS_COUNT.RD[UNIT4];21913732;100.00;;"
7431 [140461632403136] INFO perfrun.perfcollector <> - PERF_STAT : "     0.862961563;CPU0;335066;;UNC_M_CAS_COUNT.RD[UNIT5];21910597;100.00;;"
7431 [140461632403136] INFO perfrun.perfcollector <> - PERF_STAT : "     0.862961563;CPU10;137654;;UNC_M_CAS_COUNT.RD[UNIT5];21913647;100.00;;"
7431 [140461632403136] INFO perfrun.perfcollector <> - PERF_STAT : "     0.862961563;CPU0;66087;;UNC_M_CAS_COUNT.WR[UNIT0];21910584;100.00;;"
7431 [140461632403136] INFO perfrun.perfcollector <> - PERF_STAT : "     0.862961563;CPU10;29690;;UNC_M_CAS_COUNT.WR[UNIT0];21913460;100.00;;"
7431 [140461632403136] INFO perfrun.perfcollector <> - PERF_STAT : "     0.862961563;CPU0;65362;;UNC_M_CAS_COUNT.WR[UNIT1];21910650;100.00;;"
7431 [140461632403136] INFO perfrun.perfcollector <> - PERF_STAT : "     0.862961563;CPU10;28467;;UNC_M_CAS_COUNT.WR[UNIT1];21913399;100.00;;"
7431 [140461632403136] INFO perfrun.perfcollector <> - PERF_STAT : "     0.862961563;CPU0;66143;;UNC_M_CAS_COUNT.WR[UNIT4];21910571;100.00;;"
7431 [140461632403136] INFO perfrun.perfcollector <> - PERF_STAT : "     0.862961563;CPU10;29623;;UNC_M_CAS_COUNT.WR[UNIT4];21913415;100.00;;"
7431 [140461632403136] INFO perfrun.perfcollector <> - PERF_STAT : "     0.862961563;CPU0;65284;;UNC_M_CAS_COUNT.WR[UNIT5];21910405;100.00;;"
7431 [140461632403136] INFO perfrun.perfcollector <> - PERF_STAT : "     0.862961563;CPU10;28500;;UNC_M_CAS_COUNT.WR[UNIT5];21913418;100.00;;"
7441 [140461632403136] INFO perfrun.perfcollector <> - PERF_STAT : "     0.884883347;CPU0;161134;;UNC_M_CAS_COUNT.RD[UNIT0];10261184;100.00;;"
7441 [140461632403136] INFO perfrun.perfcollector <> - PERF_STAT : "     0.884883347;CPU10;62712;;UNC_M_CAS_COUNT.RD[UNIT0];10257874;100.00;;"
7441 [140461632403136] INFO perfrun.perfcollector <> - PERF_STAT : "     0.884883347;CPU0;160616;;UNC_M_CAS_COUNT.RD[UNIT1];10260673;100.00;;"
7441 [140461632403136] INFO perfrun.perfcollector <> - PERF_STAT : "     0.884883347;CPU10;62100;;UNC_M_CAS_COUNT.RD[UNIT1];10257650;100.00;;"
7441 [140461632403136] INFO perfrun.perfcollector <> - PERF_STAT : "     0.884883347;CPU0;161705;;UNC_M_CAS_COUNT.RD[UNIT4];10260836;100.00;;"
7441 [140461632403136] INFO perfrun.perfcollector <> - PERF_STAT : "     0.884883347;CPU10;62474;;UNC_M_CAS_COUNT.RD[UNIT4];10257830;100.00;;"
7441 [140461632403136] INFO perfrun.perfcollector <> - PERF_STAT : "     0.884883347;CPU0;160540;;UNC_M_CAS_COUNT.RD[UNIT5];10260528;100.00;;"
7441 [140461632403136] INFO perfrun.perfcollector <> - PERF_STAT : "     0.884883347;CPU10;62383;;UNC_M_CAS_COUNT.RD[UNIT5];10258027;100.00;;"
7441 [140461632403136] INFO perfrun.perfcollector <> - PERF_STAT : "     0.884883347;CPU0;33160;;UNC_M_CAS_COUNT.WR[UNIT0];10260398;100.00;;"
7441 [140461632403136] INFO perfrun.perfcollector <> - PERF_STAT : "     0.884883347;CPU10;10837;;UNC_M_CAS_COUNT.WR[UNIT0];10258158;100.00;;"
7441 [140461632403136] INFO perfrun.perfcollector <> - PERF_STAT : "     0.884883347;CPU0;32530;;UNC_M_CAS_COUNT.WR[UNIT1];10260406;100.00;;"
7441 [140461632403136] INFO perfrun.perfcollector <> - PERF_STAT : "     0.884883347;CPU10;10342;;UNC_M_CAS_COUNT.WR[UNIT1];10258125;100.00;;"
7441 [140461632403136] INFO perfrun.perfcollector <> - PERF_STAT : "     0.884883347;CPU0;33200;;UNC_M_CAS_COUNT.WR[UNIT4];10260415;100.00;;"
7441 [140461632403136] INFO perfrun.perfcollector <> - PERF_STAT : "     0.884883347;CPU10;10797;;UNC_M_CAS_COUNT.WR[UNIT4];10258071;100.00;;"
7441 [140461632403136] INFO perfrun.perfcollector <> - PERF_STAT : "     0.884883347;CPU0;32669;;UNC_M_CAS_COUNT.WR[UNIT5];10260406;100.00;;"
7441 [140461632403136] INFO perfrun.perfcollector <> - PERF_STAT : "     0.884883347;CPU10;10411;;UNC_M_CAS_COUNT.WR[UNIT5];10258078;100.00;;"
7451 [140461632403136] INFO perfrun.perfcollector <> - PERF_STAT : "     0.895131651;CPU0;159712;;UNC_M_CAS_COUNT.RD[UNIT0];10244863;100.00;;"
7451 [140461632403136] INFO perfrun.perfcollector <> - PERF_STAT : "     0.895131651;CPU10;65029;;UNC_M_CAS_COUNT.RD[UNIT0];10243616;100.00;;"
7451 [140461632403136] INFO perfrun.perfcollector <> - PERF_STAT : "     0.895131651;CPU0;159269;;UNC_M_CAS_COUNT.RD[UNIT1];10244735;100.00;;"
7451 [140461632403136] INFO perfrun.perfcollector <> - PERF_STAT : "     0.895131651;CPU10;64463;;UNC_M_CAS_COUNT.RD[UNIT1];10243396;100.00;;"
7451 [140461632403136] INFO perfrun.perfcollector <> - PERF_STAT : "     0.895131651;CPU0;159935;;UNC_M_CAS_COUNT.RD[UNIT4];10244668;100.00;;"
7451 [140461632403136] INFO perfrun.perfcollector <> - PERF_STAT : "     0.895131651;CPU10;64621;;UNC_M_CAS_COUNT.RD[UNIT4];10243278;100.00;;"
7451 [140461632403136] INFO perfrun.perfcollector <> - PERF_STAT : "     0.895131651;CPU0;159371;;UNC_M_CAS_COUNT.RD[UNIT5];10244772;100.00;;"
7451 [140461632403136] INFO perfrun.perfcollector <> - PERF_STAT : "     0.895131651;CPU10;64217;;UNC_M_CAS_COUNT.RD[UNIT5];10243187;100.00;;"
7451 [140461632403136] INFO perfrun.perfcollector <> - PERF_STAT : "     0.895131651;CPU0;30124;;UNC_M_CAS_COUNT.WR[UNIT0];10244711;100.00;;"
7451 [140461632403136] INFO perfrun.perfcollector <> - PERF_STAT : "     0.895131651;CPU10;14818;;UNC_M_CAS_COUNT.WR[UNIT0];10243174;100.00;;"
7451 [140461632403136] INFO perfrun.perfcollector <> - PERF_STAT : "     0.895131651;CPU0;29611;;UNC_M_CAS_COUNT.WR[UNIT1];10245008;100.00;;"
7451 [140461632403136] INFO perfrun.perfcollector <> - PERF_STAT : "     0.895131651;CPU10;14296;;UNC_M_CAS_COUNT.WR[UNIT1];10243210;100.00;;"
7451 [140461632403136] INFO perfrun.perfcollector <> - PERF_STAT : "     0.895131651;CPU0;30130;;UNC_M_CAS_COUNT.WR[UNIT4];10244979;100.00;;"
7451 [140461632403136] INFO perfrun.perfcollector <> - PERF_STAT : "     0.895131651;CPU10;14682;;UNC_M_CAS_COUNT.WR[UNIT4];10243302;100.00;;"
7451 [140461632403136] INFO perfrun.perfcollector <> - PERF_STAT : "     0.895131651;CPU0;29639;;UNC_M_CAS_COUNT.WR[UNIT5];10244911;100.00;;"
7451 [140461632403136] INFO perfrun.perfcollector <> - PERF_STAT : "     0.895131651;CPU10;14202;;UNC_M_CAS_COUNT.WR[UNIT5];10243319;100.00;;"
7461 [140461632403136] INFO perfrun.perfcollector <> - PERF_STAT : "     0.905376568;CPU0;156436;;UNC_M_CAS_COUNT.RD[UNIT0];10246449;100.00;;"
7461 [140461632403136] INFO perfrun.perfcollector <> - PERF_STAT : "     0.905376568;CPU10;65642;;UNC_M_CAS_COUNT.RD[UNIT0];10247173;100.00;;"
7461 [140461632403136] INFO perfrun.perfcollector <> - PERF_STAT : "     0.905376568;CPU0;156152;;UNC_M_CAS_COUNT.RD[UNIT1];10246583;100.00;;"
7461 [140461632403136] INFO perfrun.perfcollector <> - PERF_STAT : "     0.905376568;CPU10;64965;;UNC_M_CAS_COUNT.RD[UNIT1];10247355;100.00;;"
7461 [140461632403136] INFO perfrun.perfcollector <> - PERF_STAT : "     0.905376568;CPU0;156695;;UNC_M_CAS_COUNT.RD[UNIT4];10246862;100.00;;"
7461 [140461632403136] INFO perfrun.perfcollector <> - PERF_STAT : "     0.905376568;CPU10;65377;;UNC_M_CAS_COUNT.RD[UNIT4];10247426;100.00;;"
7461 [140461632403136] INFO perfrun.perfcollector <> - PERF_STAT : "     0.905376568;CPU0;155814;;UNC_M_CAS_COUNT.RD[UNIT5];10246857;100.00;;"
7461 [140461632403136] INFO perfrun.perfcollector <> - PERF_STAT : "     0.905376568;CPU10;65230;;UNC_M_CAS_COUNT.RD[UNIT5];10247345;100.00;;"
7461 [140461632403136] INFO perfrun.perfcollector <> - PERF_STAT : "     0.905376568;CPU0;31663;;UNC_M_CAS_COUNT.WR[UNIT0];10246935;100.00;;"
7461 [140461632403136] INFO perfrun.perfcollector <> - PERF_STAT : "     0.905376568;CPU10;13262;;UNC_M_CAS_COUNT.WR[UNIT0];10247389;100.00;;"
7461 [140461632403136] INFO perfrun.perfcollector <> - PERF_STAT : "     0.905376568;CPU0;30921;;UNC_M_CAS_COUNT.WR[UNIT1];10246815;100.00;;"
7461 [140461632403136] INFO perfrun.perfcollector <> - PERF_STAT : "     0.905376568;CPU10;12713;;UNC_M_CAS_COUNT.WR[UNIT1];10247465;100.00;;"
7461 [140461632403136] INFO perfrun.perfcollector <> - PERF_STAT : "     0.905376568;CPU0;31477;;UNC_M_CAS_COUNT.WR[UNIT4];10246775;100.00;;"
7461 [140461632403136] INFO perfrun.perfcollector <> - PERF_STAT : "     0.905376568;CPU10;13270;;UNC_M_CAS_COUNT.WR[UNIT4];10247515;100.00;;"
7461 [140461632403136] INFO perfrun.perfcollector <> - PERF_STAT : "     0.905376568;CPU0;30958;;UNC_M_CAS_COUNT.WR[UNIT5];10246870;100.00;;"
7462 [140461632403136] INFO perfrun.perfcollector <> - PERF_STAT : "     0.905376568;CPU10;12790;;UNC_M_CAS_COUNT.WR[UNIT5];10247465;100.00;;"
7471 [140461632403136] INFO perfrun.perfcollector <> - PERF_STAT : "     0.915623196;CPU0;156395;;UNC_M_CAS_COUNT.RD[UNIT0];10246339;100.00;;"
7471 [140461632403136] INFO perfrun.perfcollector <> - PERF_STAT : "     0.915623196;CPU10;62471;;UNC_M_CAS_COUNT.RD[UNIT0];10247579;100.00;;"
7471 [140461632403136] INFO perfrun.perfcollector <> - PERF_STAT : "     0.915623196;CPU0;156371;;UNC_M_CAS_COUNT.RD[UNIT1];10246246;100.00;;"
7472 [140461632403136] INFO perfrun.perfcollector <> - PERF_STAT : "     0.915623196;CPU10;61256;;UNC_M_CAS_COUNT.RD[UNIT1];10247546;100.00;;"
7472 [140461632403136] INFO perfrun.perfcollector <> - PERF_STAT : "     0.915623196;CPU0;156752;;UNC_M_CAS_COUNT.RD[UNIT4];10245888;100.00;;"
7472 [140461632403136] INFO perfrun.perfcollector <> - PERF_STAT : "     0.915623196;CPU10;62114;;UNC_M_CAS_COUNT.RD[UNIT4];10247465;100.00;;"
7472 [140461632403136] INFO perfrun.perfcollector <> - PERF_STAT : "     0.915623196;CPU0;156046;;UNC_M_CAS_COUNT.RD[UNIT5];10245819;100.00;;"
7472 [140461632403136] INFO perfrun.perfcollector <> - PERF_STAT : "     0.915623196;CPU10;61652;;UNC_M_CAS_COUNT.RD[UNIT5];10247481;100.00;;"
7472 [140461632403136] INFO perfrun.perfcollector <> - PERF_STAT : "     0.915623196;CPU0;31585;;UNC_M_CAS_COUNT.WR[UNIT0];10245768;100.00;;"
7472 [140461632403136] INFO perfrun.perfcollector <> - PERF_STAT : "     0.915623196;CPU10;11984;;UNC_M_CAS_COUNT.WR[UNIT0];10247526;100.00;;"
7472 [140461632403136] INFO perfrun.perfcollector <> - PERF_STAT : "     0.915623196;CPU0;31171;;UNC_M_CAS_COUNT.WR[UNIT1];10247301;100.00;;"
7472 [140461632403136] INFO perfrun.perfcollector <> - PERF_STAT : "     0.915623196;CPU10;11416;;UNC_M_CAS_COUNT.WR[UNIT1];10247587;100.00;;"
7472 [140461632403136] INFO perfrun.perfcollector <> - PERF_STAT : "     0.915623196;CPU0;31620;;UNC_M_CAS_COUNT.WR[UNIT4];10247272;100.00;;"
7472 [140461632403136] INFO perfrun.perfcollector <> - PERF_STAT : "     0.915623196;CPU10;11937;;UNC_M_CAS_COUNT.WR[UNIT4];10247566;100.00;;"
7472 [140461632403136] INFO perfrun.perfcollector <> - PERF_STAT : "     0.915623196;CPU0;31152;;UNC_M_CAS_COUNT.WR[UNIT5];10247527;100.00;;"
7472 [140461632403136] INFO perfrun.perfcollector <> - PERF_STAT : "     0.915623196;CPU10;11422;;UNC_M_CAS_COUNT.WR[UNIT5];10247605;100.00;;"
7482 [140461632403136] INFO perfrun.perfcollector <> - PERF_STAT : "     0.925870850;CPU0;148949;;UNC_M_CAS_COUNT.RD[UNIT0];10245613;100.00;;"
7482 [140461632403136] INFO perfrun.perfcollector <> - PERF_STAT : "     0.925870850;CPU10;63023;;UNC_M_CAS_COUNT.RD[UNIT0];10243584;100.00;;"
7482 [140461632403136] INFO perfrun.perfcollector <> - PERF_STAT : "     0.925870850;CPU0;148379;;UNC_M_CAS_COUNT.RD[UNIT1];10245758;100.00;;"
7482 [140461632403136] INFO perfrun.perfcollector <> - PERF_STAT : "     0.925870850;CPU10;62316;;UNC_M_CAS_COUNT.RD[UNIT1];10243296;100.00;;"
7482 [140461632403136] INFO perfrun.perfcollector <> - PERF_STAT : "     0.925870850;CPU0;149449;;UNC_M_CAS_COUNT.RD[UNIT4];10245761;100.00;;"
7482 [140461632403136] INFO perfrun.perfcollector <> - PERF_STAT : "     0.925870850;CPU10;62889;;UNC_M_CAS_COUNT.RD[UNIT4];10243274;100.00;;"
7482 [140461632403136] INFO perfrun.perfcollector <> - PERF_STAT : "     0.925870850;CPU0;148086;;UNC_M_CAS_COUNT.RD[UNIT5];10245920;100.00;;"
7482 [140461632403136] INFO perfrun.perfcollector <> - PERF_STAT : "     0.925870850;CPU10;62502;;UNC_M_CAS_COUNT.RD[UNIT5];10243333;100.00;;"
7482 [140461632403136] INFO perfrun.perfcollector <> - PERF_STAT : "     0.925870850;CPU0;27402;;UNC_M_CAS_COUNT.WR[UNIT0];10245964;100.00;;"
7482 [140461632403136] INFO perfrun.perfcollector <> - PERF_STAT : "     0.925870850;CPU10;14103;;UNC_M_CAS_COUNT.WR[UNIT0];10243361;100.00;;"
7482 [140461632403136] INFO perfrun.perfcollector <> - PERF_STAT : "     0.925870850;CPU0;26886;;UNC_M_CAS_COUNT.WR[UNIT1];10244123;100.00;;"
7482 [140461632403136] INFO perfrun.perfcollector <> - PERF_STAT : "     0.925870850;CPU10;13498;;UNC_M_CAS_COUNT.WR[UNIT1];10243215;100.00;;"
7482 [140461632403136] INFO perfrun.perfcollector <> - PERF_STAT : "     0.925870850;CPU0;27318;;UNC_M_CAS_COUNT.WR[UNIT4];10244154;100.00;;"
7482 [140461632403136] INFO perfrun.perfcollector <> - PERF_STAT : "     0.925870850;CPU10;14104;;UNC_M_CAS_COUNT.WR[UNIT4];10243203;100.00;;"
7482 [140461632403136] INFO perfrun.perfcollector <> - PERF_STAT : "     0.925870850;CPU0;26925;;UNC_M_CAS_COUNT.WR[UNIT5];10243898;100.00;;"
7482 [140461632403136] INFO perfrun.perfcollector <> - PERF_STAT : "     0.925870850;CPU10;13506;;UNC_M_CAS_COUNT.WR[UNIT5];10243229;100.00;;"
7492 [140461632403136] INFO perfrun.perfcollector <> - PERF_STAT : "     0.936114228;CPU0;152058;;UNC_M_CAS_COUNT.RD[UNIT0];10245497;100.00;;"
7492 [140461632403136] INFO perfrun.perfcollector <> - PERF_STAT : "     0.936114228;CPU10;60575;;UNC_M_CAS_COUNT.RD[UNIT0];10245546;100.00;;"
7492 [140461632403136] INFO perfrun.perfcollector <> - PERF_STAT : "     0.936114228;CPU0;150856;;UNC_M_CAS_COUNT.RD[UNIT1];10245439;100.00;;"
7492 [140461632403136] INFO perfrun.perfcollector <> - PERF_STAT : "     0.936114228;CPU10;59751;;UNC_M_CAS_COUNT.RD[UNIT1];10245676;100.00;;"
7492 [140461632403136] INFO perfrun.perfcollector <> - PERF_STAT : "     0.936114228;CPU0;152224;;UNC_M_CAS_COUNT.RD[UNIT4];10245438;100.00;;"
7492 [140461632403136] INFO perfrun.perfcollector <> - PERF_STAT : "     0.936114228;CPU10;60444;;UNC_M_CAS_COUNT.RD[UNIT4];10245559;100.00;;"
7492 [140461632403136] INFO perfrun.perfcollector <> - PERF_STAT : "     0.936114228;CPU0;150674;;UNC_M_CAS_COUNT.RD[UNIT5];10245265;100.00;;"
7492 [140461632403136] INFO perfrun.perfcollector <> - PERF_STAT : "     0.936114228;CPU10;59760;;UNC_M_CAS_COUNT.RD[UNIT5];10245581;100.00;;"
7492 [140461632403136] INFO perfrun.perfcollector <> - PERF_STAT : "     0.936114228;CPU0;30517;;UNC_M_CAS_COUNT.WR[UNIT0];10245190;100.00;;"
7492 [140461632403136] INFO perfrun.perfcollector <> - PERF_STAT : "     0.936114228;CPU10;10368;;UNC_M_CAS_COUNT.WR[UNIT0];10245416;100.00;;"
7492 [140461632403136] INFO perfrun.perfcollector <> - PERF_STAT : "     0.936114228;CPU0;29996;;UNC_M_CAS_COUNT.WR[UNIT1];10245418;100.00;;"
7492 [140461632403136] INFO perfrun.perfcollector <> - PERF_STAT : "     0.936114228;CPU10;9807;;UNC_M_CAS_COUNT.WR[UNIT1];10245379;100.00;;"
7492 [140461632403136] INFO perfrun.perfcollector <> - PERF_STAT : "     0.936114228;CPU0;30589;;UNC_M_CAS_COUNT.WR[UNIT4];10245421;100.00;;"
7492 [140461632403136] INFO perfrun.perfcollector <> - PERF_STAT : "     0.936114228;CPU10;10352;;UNC_M_CAS_COUNT.WR[UNIT4];10245371;100.00;;"
7492 [140461632403136] INFO perfrun.perfcollector <> - PERF_STAT : "     0.936114228;CPU0;30076;;UNC_M_CAS_COUNT.WR[UNIT5];10245453;100.00;;"
7492 [140461632403136] INFO perfrun.perfcollector <> - PERF_STAT : "     0.936114228;CPU10;9783;;UNC_M_CAS_COUNT.WR[UNIT5];10245381;100.00;;"
7502 [140461632403136] INFO perfrun.perfcollector <> - PERF_STAT : "     0.946359122;CPU0;155813;;UNC_M_CAS_COUNT.RD[UNIT0];10244227;100.00;;"
7502 [140461632403136] INFO perfrun.perfcollector <> - PERF_STAT : "     0.946359122;CPU10;64308;;UNC_M_CAS_COUNT.RD[UNIT0];10243933;100.00;;"
7502 [140461632403136] INFO perfrun.perfcollector <> - PERF_STAT : "     0.946359122;CPU0;155128;;UNC_M_CAS_COUNT.RD[UNIT1];10244129;100.00;;"
7502 [140461632403136] INFO perfrun.perfcollector <> - PERF_STAT : "     0.946359122;CPU10;63437;;UNC_M_CAS_COUNT.RD[UNIT1];10243919;100.00;;"
7502 [140461632403136] INFO perfrun.perfcollector <> - PERF_STAT : "     0.946359122;CPU0;156251;;UNC_M_CAS_COUNT.RD[UNIT4];10244133;100.00;;"
7502 [140461632403136] INFO perfrun.perfcollector <> - PERF_STAT : "     0.946359122;CPU10;64090;;UNC_M_CAS_COUNT.RD[UNIT4];10244017;100.00;;"
7502 [140461632403136] INFO perfrun.perfcollector <> - PERF_STAT : "     0.946359122;CPU0;155082;;UNC_M_CAS_COUNT.RD[UNIT5];10244246;100.00;;"
7502 [140461632403136] INFO perfrun.perfcollector <> - PERF_STAT : "     0.946359122;CPU10;63566;;UNC_M_CAS_COUNT.RD[UNIT5];10243879;100.00;;"
7502 [140461632403136] INFO perfrun.perfcollector <> - PERF_STAT : "     0.946359122;CPU0;28695;;UNC_M_CAS_COUNT.WR[UNIT0];10244348;100.00;;"
7502 [140461632403136] INFO perfrun.perfcollector <> - PERF_STAT : "     0.946359122;CPU10;14602;;UNC_M_CAS_COUNT.WR[UNIT0];10243918;100.00;;"
7502 [140461632403136] INFO perfrun.perfcollector <> - PERF_STAT : "     0.946359122;CPU0;28100;;UNC_M_CAS_COUNT.WR[UNIT1];10244129;100.00;;"
7502 [140461632403136] INFO perfrun.perfcollector <> - PERF_STAT : "     0.946359122;CPU10;14031;;UNC_M_CAS_COUNT.WR[UNIT1];10243994;100.00;;"
7502 [140461632403136] INFO perfrun.perfcollector <> - PERF_STAT : "     0.946359122;CPU0;28754;;UNC_M_CAS_COUNT.WR[UNIT4];10244289;100.00;;"
7502 [140461632403136] INFO perfrun.perfcollector <> - PERF_STAT : "     0.946359122;CPU10;14559;;UNC_M_CAS_COUNT.WR[UNIT4];10244225;100.00;;"
7502 [140461632403136] INFO perfrun.perfcollector <> - PERF_STAT : "     0.946359122;CPU0;28202;;UNC_M_CAS_COUNT.WR[UNIT5];10244255;100.00;;"
7503 [140461632403136] INFO perfrun.perfcollector <> - PERF_STAT : "     0.946359122;CPU10;14046;;UNC_M_CAS_COUNT.WR[UNIT5];10244307;100.00;;"
7512 [140461632403136] INFO perfrun.perfcollector <> - PERF_STAT : "     0.956605161;CPU0;154039;;UNC_M_CAS_COUNT.RD[UNIT0];10245716;100.00;;"
7512 [140461632403136] INFO perfrun.perfcollector <> - PERF_STAT : "     0.956605161;CPU10;64725;;UNC_M_CAS_COUNT.RD[UNIT0];10246066;100.00;;"
7512 [140461632403136] INFO perfrun.perfcollector <> - PERF_STAT : "     0.956605161;CPU0;153560;;UNC_M_CAS_COUNT.RD[UNIT1];10245676;100.00;;"
7512 [140461632403136] INFO perfrun.perfcollector <> - PERF_STAT : "     0.956605161;CPU10;63812;;UNC_M_CAS_COUNT.RD[UNIT1];10246027;100.00;;"
7513 [140461632403136] INFO perfrun.perfcollector <> - PERF_STAT : "     0.956605161;CPU0;154226;;UNC_M_CAS_COUNT.RD[UNIT4];10245647;100.00;;"
7513 [140461632403136] INFO perfrun.perfcollector <> - PERF_STAT : "     0.956605161;CPU10;64636;;UNC_M_CAS_COUNT.RD[UNIT4];10246290;100.00;;"
7513 [140461632403136] INFO perfrun.perfcollector <> - PERF_STAT : "     0.956605161;CPU0;153730;;UNC_M_CAS_COUNT.RD[UNIT5];10245703;100.00;;"
7513 [140461632403136] INFO perfrun.perfcollector <> - PERF_STAT : "     0.956605161;CPU10;63841;;UNC_M_CAS_COUNT.RD[UNIT5];10248096;100.00;;"
7513 [140461632403136] INFO perfrun.perfcollector <> - PERF_STAT : "     0.956605161;CPU0;31392;;UNC_M_CAS_COUNT.WR[UNIT0];10245664;100.00;;"
7513 [140461632403136] INFO perfrun.perfcollector <> - PERF_STAT : "     0.956605161;CPU10;12258;;UNC_M_CAS_COUNT.WR[UNIT0];10248222;100.00;;"
7513 [140461632403136] INFO perfrun.perfcollector <> - PERF_STAT : "     0.956605161;CPU0;30862;;UNC_M_CAS_COUNT.WR[UNIT1];10245806;100.00;;"
7513 [140461632403136] INFO perfrun.perfcollector <> - PERF_STAT : "     0.956605161;CPU10;11662;;UNC_M_CAS_COUNT.WR[UNIT1];10248341;100.00;;"
7513 [140461632403136] INFO perfrun.perfcollector <> - PERF_STAT : "     0.956605161;CPU0;31299;;UNC_M_CAS_COUNT.WR[UNIT4];10245644;100.00;;"
7513 [140461632403136] INFO perfrun.perfcollector <> - PERF_STAT : "     0.956605161;CPU10;12310;;UNC_M_CAS_COUNT.WR[UNIT4];10248213;100.00;;"
7513 [140461632403136] INFO perfrun.perfcollector <> - PERF_STAT : "     0.956605161;CPU0;30806;;UNC_M_CAS_COUNT.WR[UNIT5];10245642;100.00;;"
7513 [140461632403136] INFO perfrun.perfcollector <> - PERF_STAT : "     0.956605161;CPU10;11757;;UNC_M_CAS_COUNT.WR[UNIT5];10248092;100.00;;"
7523 [140461632403136] INFO perfrun.perfcollector <> - PERF_STAT : "     0.966850118;CPU0;155002;;UNC_M_CAS_COUNT.RD[UNIT0];10249632;100.00;;"
7523 [140461632403136] INFO perfrun.perfcollector <> - PERF_STAT : "     0.966850118;CPU10;63939;;UNC_M_CAS_COUNT.RD[UNIT0];10252242;100.00;;"
7523 [140461632403136] INFO perfrun.perfcollector <> - PERF_STAT : "     0.966850118;CPU0;154218;;UNC_M_CAS_COUNT.RD[UNIT1];10249939;100.00;;"
7523 [140461632403136] INFO perfrun.perfcollector <> - PERF_STAT : "     0.966850118;CPU10;62866;;UNC_M_CAS_COUNT.RD[UNIT1];10252456;100.00;;"
7523 [140461632403136] INFO perfrun.perfcollector <> - PERF_STAT : "     0.966850118;CPU0;155350;;UNC_M_CAS_COUNT.RD[UNIT4];10249923;100.00;;"
7523 [140461632403136] INFO perfrun.perfcollector <> - PERF_STAT : "     0.966850118;CPU10;63622;;UNC_M_CAS_COUNT.RD[UNIT4];10252210;100.00;;"
7523 [140461632403136] INFO perfrun.perfcollector <> - PERF_STAT : "     0.966850118;CPU0;154571;;UNC_M_CAS_COUNT.RD[UNIT5];10249740;100.00;;"
7523 [140461632403136] INFO perfrun.perfcollector <> - PERF_STAT : "     0.966850118;CPU10;62974;;UNC_M_CAS_COUNT.RD[UNIT5];10250475;100.00;;"
7523 [140461632403136] INFO perfrun.perfcollector <> - PERF_STAT : "     0.966850118;CPU0;30670;;UNC_M_CAS_COUNT.WR[UNIT0];10250051;100.00;;"
7523 [140461632403136] INFO perfrun.perfcollector <> - PERF_STAT : "     0.966850118;CPU10;13338;;UNC_M_CAS_COUNT.WR[UNIT0];10250463;100.00;;"
7523 [140461632403136] INFO perfrun.perfcollector <> - PERF_STAT : "     0.966850118;CPU0;30038;;UNC_M_CAS_COUNT.WR[UNIT1];10249946;100.00;;"
7523 [140461632403136] INFO perfrun.perfcollector <> - PERF_STAT : "     0.966850118;CPU10;12771;;UNC_M_CAS_COUNT.WR[UNIT1];10250340;100.00;;"
7523 [140461632403136] INFO perfrun.perfcollector <> - PERF_STAT : "     0.966850118;CPU0;30613;;UNC_M_CAS_COUNT.WR[UNIT4];10249946;100.00;;"
7523 [140461632403136] INFO perfrun.perfcollector <> - PERF_STAT : "     0.966850118;CPU10;13300;;UNC_M_CAS_COUNT.WR[UNIT4];10250280;100.00;;"
7523 [140461632403136] INFO perfrun.perfcollector <> - PERF_STAT : "     0.966850118;CPU0;30213;;UNC_M_CAS_COUNT.WR[UNIT5];10250008;100.00;;"
7523 [140461632403136] INFO perfrun.perfcollector <> - PERF_STAT : "     0.966850118;CPU10;12751;;UNC_M_CAS_COUNT.WR[UNIT5];10250313;100.00;;"
7533 [140461632403136] INFO perfrun.perfcollector <> - PERF_STAT : "     0.977108013;CPU0;151683;;UNC_M_CAS_COUNT.RD[UNIT0];10256128;100.00;;"
7533 [140461632403136] INFO perfrun.perfcollector <> - PERF_STAT : "     0.977108013;CPU10;65177;;UNC_M_CAS_COUNT.RD[UNIT0];10255169;100.00;;"
7533 [140461632403136] INFO perfrun.perfcollector <> - PERF_STAT : "     0.977108013;CPU0;151505;;UNC_M_CAS_COUNT.RD[UNIT1];10256089;100.00;;"
7533 [140461632403136] INFO perfrun.perfcollector <> - PERF_STAT : "     0.977108013;CPU10;64113;;UNC_M_CAS_COUNT.RD[UNIT1];10255461;100.00;;"
7533 [140461632403136] INFO perfrun.perfcollector <> - PERF_STAT : "     0.977108013;CPU0;152270;;UNC_M_CAS_COUNT.RD[UNIT4];10256209;100.00;;"
7533 [140461632403136] INFO perfrun.perfcollector <> - PERF_STAT : "     0.977108013;CPU10;64605;;UNC_M_CAS_COUNT.RD[UNIT4];10255384;100.00;;"
7533 [140461632403136] INFO perfrun.perfcollector <> - PERF_STAT : "     0.977108013;CPU0;151213;;UNC_M_CAS_COUNT.RD[UNIT5];10256221;100.00;;"
7533 [140461632403136] INFO perfrun.perfcollector <> - PERF_STAT : "     0.977108013;CPU10;64277;;UNC_M_CAS_COUNT.RD[UNIT5];10255441;100.00;;"
7533 [140461632403136] INFO perfrun.perfcollector <> - PERF_STAT : "     0.977108013;CPU0;29950;;UNC_M_CAS_COUNT.WR[UNIT0];10256030;100.00;;"
7533 [140461632403136] INFO perfrun.perfcollector <> - PERF_STAT : "     0.977108013;CPU10;14554;;UNC_M_CAS_COUNT.WR[UNIT0];10255282;100.00;;"
7533 [140461632403136] INFO perfrun.perfcollector <> - PERF_STAT : "     0.977108013;CPU0;29559;;UNC_M_CAS_COUNT.WR[UNIT1];10256130;100.00;;"
7533 [140461632403136] INFO perfrun.perfcollector <> - PERF_STAT : "     0.977108013;CPU10;13942;;UNC_M_CAS_COUNT.WR[UNIT1];10255558;100.00;;"
7533 [140461632403136] INFO perfrun.perfcollector <> - PERF_STAT : "     0.977108013;CPU0;29960;;UNC_M_CAS_COUNT.WR[UNIT4];10256251;100.00;;"
7533 [140461632403136] INFO perfrun.perfcollector <> - PERF_STAT : "     0.977108013;CPU10;14436;;UNC_M_CAS_COUNT.WR[UNIT4];10255562;100.00;;"
7533 [140461632403136] INFO perfrun.perfcollector <> - PERF_STAT : "     0.977108013;CPU0;29333;;UNC_M_CAS_COUNT.WR[UNIT5];10256306;100.00;;"
7533 [140461632403136] INFO perfrun.perfcollector <> - PERF_STAT : "     0.977108013;CPU10;14014;;UNC_M_CAS_COUNT.WR[UNIT5];10255491;100.00;;"
7543 [140461632403136] INFO perfrun.perfcollector <> - PERF_STAT : "     0.987358670;CPU0;158598;;UNC_M_CAS_COUNT.RD[UNIT0];10249063;100.00;;"
7543 [140461632403136] INFO perfrun.perfcollector <> - PERF_STAT : "     0.987358670;CPU10;64088;;UNC_M_CAS_COUNT.RD[UNIT0];10246813;100.00;;"
7543 [140461632403136] INFO perfrun.perfcollector <> - PERF_STAT : "     0.987358670;CPU0;158568;;UNC_M_CAS_COUNT.RD[UNIT1];10249010;100.00;;"
7543 [140461632403136] INFO perfrun.perfcollector <> - PERF_STAT : "     0.987358670;CPU10;63273;;UNC_M_CAS_COUNT.RD[UNIT1];10246367;100.00;;"
7543 [140461632403136] INFO perfrun.perfcollector <> - PERF_STAT : "     0.987358670;CPU0;158893;;UNC_M_CAS_COUNT.RD[UNIT4];10249097;100.00;;"
7543 [140461632403136] INFO perfrun.perfcollector <> - PERF_STAT : "     0.987358670;CPU10;63591;;UNC_M_CAS_COUNT.RD[UNIT4];10246455;100.00;;"
7543 [140461632403136] INFO perfrun.perfcollector <> - PERF_STAT : "     0.987358670;CPU0;158596;;UNC_M_CAS_COUNT.RD[UNIT5];10249140;100.00;;"
7543 [140461632403136] INFO perfrun.perfcollector <> - PERF_STAT : "     0.987358670;CPU10;63254;;UNC_M_CAS_COUNT.RD[UNIT5];10246424;100.00;;"
7543 [140461632403136] INFO perfrun.perfcollector <> - PERF_STAT : "     0.987358670;CPU0;32607;;UNC_M_CAS_COUNT.WR[UNIT0];10248944;100.00;;"
7543 [140461632403136] INFO perfrun.perfcollector <> - PERF_STAT : "     0.987358670;CPU10;11333;;UNC_M_CAS_COUNT.WR[UNIT0];10246539;100.00;;"
7543 [140461632403136] INFO perfrun.perfcollector <> - PERF_STAT : "     0.987358670;CPU0;32175;;UNC_M_CAS_COUNT.WR[UNIT1];10248830;100.00;;"
7543 [140461632403136] INFO perfrun.perfcollector <> - PERF_STAT : "     0.987358670;CPU10;10700;;UNC_M_CAS_COUNT.WR[UNIT1];10246320;100.00;;"
7543 [140461632403136] INFO perfrun.perfcollector <> - PERF_STAT : "     0.987358670;CPU0;32629;;UNC_M_CAS_COUNT.WR[UNIT4];10248735;100.00;;"
7543 [140461632403136] INFO perfrun.perfcollector <> - PERF_STAT : "     0.987358670;CPU10;11203;;UNC_M_CAS_COUNT.WR[UNIT4];10246372;100.00;;"
7543 [140461632403136] INFO perfrun.perfcollector <> - PERF_STAT : "     0.987358670;CPU0;32252;;UNC_M_CAS_COUNT.WR[UNIT5];10248746;100.00;;"
7543 [140461632403136] INFO perfrun.perfcollector <> - PERF_STAT : "     0.987358670;CPU10;10688;;UNC_M_CAS_COUNT.WR[UNIT5];10246366;100.00;;"
7553 [140461632403136] INFO perfrun.perfcollector <> - PERF_STAT : "     0.997603435;CPU0;159034;;UNC_M_CAS_COUNT.RD[UNIT0];10244143;100.00;;"
7553 [140461632403136] INFO perfrun.perfcollector <> - PERF_STAT : "     0.997603435;CPU10;65204;;UNC_M_CAS_COUNT.RD[UNIT0];10244123;100.00;;"
7553 [140461632403136] INFO perfrun.perfcollector <> - PERF_STAT : "     0.997603435;CPU0;158497;;UNC_M_CAS_COUNT.RD[UNIT1];10243979;100.00;;"
7553 [140461632403136] INFO perfrun.perfcollector <> - PERF_STAT : "     0.997603435;CPU10;64626;;UNC_M_CAS_COUNT.RD[UNIT1];10244061;100.00;;"
7554 [140461632403136] INFO perfrun.perfcollector <> - PERF_STAT : "     0.997603435;CPU0;159397;;UNC_M_CAS_COUNT.RD[UNIT4];10243862;100.00;;"
7554 [140461632403136] INFO perfrun.perfcollector <> - PERF_STAT : "     0.997603435;CPU10;65108;;UNC_M_CAS_COUNT.RD[UNIT4];10244018;100.00;;"
7554 [140461632403136] INFO perfrun.perfcollector <> - PERF_STAT : "     0.997603435;CPU0;158415;;UNC_M_CAS_COUNT.RD[UNIT5];10243816;100.00;;"
7554 [140461632403136] INFO perfrun.perfcollector <> - PERF_STAT : "     0.997603435;CPU10;64617;;UNC_M_CAS_COUNT.RD[UNIT5];10243977;100.00;;"
7554 [140461632403136] INFO perfrun.perfcollector <> - PERF_STAT : "     0.997603435;CPU0;29488;;UNC_M_CAS_COUNT.WR[UNIT0];10243841;100.00;;"
7554 [140461632403136] INFO perfrun.perfcollector <> - PERF_STAT : "     0.997603435;CPU10;15055;;UNC_M_CAS_COUNT.WR[UNIT0];10243898;100.00;;"
7554 [140461632403136] INFO perfrun.perfcollector <> - PERF_STAT : "     0.997603435;CPU0;28868;;UNC_M_CAS_COUNT.WR[UNIT1];10243899;100.00;;"
7554 [140461632403136] INFO perfrun.perfcollector <> - PERF_STAT : "     0.997603435;CPU10;14482;;UNC_M_CAS_COUNT.WR[UNIT1];10243787;100.00;;"
7554 [140461632403136] INFO perfrun.perfcollector <> - PERF_STAT : "     0.997603435;CPU0;29498;;UNC_M_CAS_COUNT.WR[UNIT4];10243894;100.00;;"
7554 [140461632403136] INFO perfrun.perfcollector <> - PERF_STAT : "     0.997603435;CPU10;14964;;UNC_M_CAS_COUNT.WR[UNIT4];10243691;100.00;;"
7554 [140461632403136] INFO perfrun.perfcollector <> - PERF_STAT : "     0.997603435;CPU0;28828;;UNC_M_CAS_COUNT.WR[UNIT5];10243697;100.00;;"
7554 [140461632403136] INFO perfrun.perfcollector <> - PERF_STAT : "     0.997603435;CPU10;14554;;UNC_M_CAS_COUNT.WR[UNIT5];10243688;100.00;;"
7564 [140461632403136] INFO perfrun.perfcollector <> - PERF_STAT : "     1.007848960;CPU0;156466;;UNC_M_CAS_COUNT.RD[UNIT0];10246218;100.00;;"
7564 [140461632403136] INFO perfrun.perfcollector <> - PERF_STAT : "     1.007848960;CPU10;66542;;UNC_M_CAS_COUNT.RD[UNIT0];10245935;100.00;;"
7564 [140461632403136] INFO perfrun.perfcollector <> - PERF_STAT : "     1.007848960;CPU0;155879;;UNC_M_CAS_COUNT.RD[UNIT1];10246188;100.00;;"
7564 [140461632403136] INFO perfrun.perfcollector <> - PERF_STAT : "     1.007848960;CPU10;65484;;UNC_M_CAS_COUNT.RD[UNIT1];10246117;100.00;;"
7564 [140461632403136] INFO perfrun.perfcollector <> - PERF_STAT : "     1.007848960;CPU0;156992;;UNC_M_CAS_COUNT.RD[UNIT4];10246102;100.00;;"
7564 [140461632403136] INFO perfrun.perfcollector <> - PERF_STAT : "     1.007848960;CPU10;66117;;UNC_M_CAS_COUNT.RD[UNIT4];10246256;100.00;;"
7564 [140461632403136] INFO perfrun.perfcollector <> - PERF_STAT : "     1.007848960;CPU0;156259;;UNC_M_CAS_COUNT.RD[UNIT5];10246096;100.00;;"
7564 [140461632403136] INFO perfrun.perfcollector <> - PERF_STAT : "     1.007848960;CPU10;65781;;UNC_M_CAS_COUNT.RD[UNIT5];10246235;100.00;;"
7564 [140461632403136] INFO perfrun.perfcollector <> - PERF_STAT : "     1.007848960;CPU0;31494;;UNC_M_CAS_COUNT.WR[UNIT0];10246251;100.00;;"
7564 [140461632403136] INFO perfrun.perfcollector <> - PERF_STAT : "     1.007848960;CPU10;13156;;UNC_M_CAS_COUNT.WR[UNIT0];10246320;100.00;;"
7564 [140461632403136] INFO perfrun.perfcollector <> - PERF_STAT : "     1.007848960;CPU0;31062;;UNC_M_CAS_COUNT.WR[UNIT1];10246278;100.00;;"
7564 [140461632403136] INFO perfrun.perfcollector <> - PERF_STAT : "     1.007848960;CPU10;12623;;UNC_M_CAS_COUNT.WR[UNIT1];10246482;100.00;;"
7564 [140461632403136] INFO perfrun.perfcollector <> - PERF_STAT : "     1.007848960;CPU0;31568;;UNC_M_CAS_COUNT.WR[UNIT4];10246316;100.00;;"
7564 [140461632403136] INFO perfrun.perfcollector <> - PERF_STAT : "     1.007848960;CPU10;13091;;UNC_M_CAS_COUNT.WR[UNIT4];10246517;100.00;;"
7564 [140461632403136] INFO perfrun.perfcollector <> - PERF_STAT : "     1.007848960;CPU0;31094;;UNC_M_CAS_COUNT.WR[UNIT5];10246435;100.00;;"
7564 [140461632403136] INFO perfrun.perfcollector <> - PERF_STAT : "     1.007848960;CPU10;12691;;UNC_M_CAS_COUNT.WR[UNIT5];10246666;100.00;;"
7574 [140461632403136] INFO perfrun.perfcollector <> - PERF_STAT : "     1.018093066;CPU0;158480;;UNC_M_CAS_COUNT.RD[UNIT0];10244178;100.00;;"
7574 [140461632403136] INFO perfrun.perfcollector <> - PERF_STAT : "     1.018093066;CPU10;60704;;UNC_M_CAS_COUNT.RD[UNIT0];10243581;100.00;;"
7574 [140461632403136] INFO perfrun.perfcollector <> - PERF_STAT : "     1.018093066;CPU0;157655;;UNC_M_CAS_COUNT.RD[UNIT1];10244261;100.00;;"
7574 [140461632403136] INFO perfrun.perfcollector <> - PERF_STAT : "     1.018093066;CPU10;60083;;UNC_M_CAS_COUNT.RD[UNIT1];10243495;100.00;;"
7574 [140461632403136] INFO perfrun.perfcollector <> - PERF_STAT : "     1.018093066;CPU0;158949;;UNC_M_CAS_COUNT.RD[UNIT4];10244293;100.00;;"
7574 [140461632403136] INFO perfrun.perfcollector <> - PERF_STAT : "     1.018093066;CPU10;60641;;UNC_M_CAS_COUNT.RD[UNIT4];10243476;100.00;;"
7574 [140461632403136] INFO perfrun.perfcollector <> - PERF_STAT : "     1.018093066;CPU0;158169;;UNC_M_CAS_COUNT.RD[UNIT5];10244230;100.00;;"
7574 [140461632403136] INFO perfrun.perfcollector <> - PERF_STAT : "     1.018093066;CPU10;60075;;UNC_M_CAS_COUNT.RD[UNIT5];10243552;100.00;;"
7574 [140461632403136] INFO perfrun.perfcollector <> - PERF_STAT : "     1.018093066;CPU0;32586;;UNC_M_CAS_COUNT.WR[UNIT0];10244007;100.00;;"
7574 [140461632403136] INFO perfrun.perfcollector <> - PERF_STAT : "     1.018093066;CPU10;11893;;UNC_M_CAS_COUNT.WR[UNIT0];10243535;100.00;;"
7574 [140461632403136] INFO perfrun.perfcollector <> - PERF_STAT : "     1.018093066;CPU0;32047;;UNC_M_CAS_COUNT.WR[UNIT1];10243961;100.00;;"
7574 [140461632403136] INFO perfrun.perfcollector <> - PERF_STAT : "     1.018093066;CPU10;11265;;UNC_M_CAS_COUNT.WR[UNIT1];10243421;100.00;;"
7574 [140461632403136] INFO perfrun.perfcollector <> - PERF_STAT : "     1.018093066;CPU0;32561;;UNC_M_CAS_COUNT.WR[UNIT4];10243844;100.00;;"
7574 [140461632403136] INFO perfrun.perfcollector <> - PERF_STAT : "     1.018093066;CPU10;11858;;UNC_M_CAS_COUNT.WR[UNIT4];10243444;100.00;;"
7574 [140461632403136] INFO perfrun.perfcollector <> - PERF_STAT : "     1.018093066;CPU0;32152;;UNC_M_CAS_COUNT.WR[UNIT5];10243836;100.00;;"
7574 [140461632403136] INFO perfrun.perfcollector <> - PERF_STAT : "     1.018093066;CPU10;11294;;UNC_M_CAS_COUNT.WR[UNIT5];10243390;100.00;;"
7584 [140461632403136] INFO perfrun.perfcollector <> - PERF_STAT : "     1.028335429;CPU0;149156;;UNC_M_CAS_COUNT.RD[UNIT0];10241256;100.00;;"
7584 [140461632403136] INFO perfrun.perfcollector <> - PERF_STAT : "     1.028335429;CPU10;63197;;UNC_M_CAS_COUNT.RD[UNIT0];10242431;100.00;;"
7584 [140461632403136] INFO perfrun.perfcollector <> - PERF_STAT : "     1.028335429;CPU0;149022;;UNC_M_CAS_COUNT.RD[UNIT1];10241133;100.00;;"
7584 [140461632403136] INFO perfrun.perfcollector <> - PERF_STAT : "     1.028335429;CPU10;62287;;UNC_M_CAS_COUNT.RD[UNIT1];10242367;100.00;;"
7584 [140461632403136] INFO perfrun.perfcollector <> - PERF_STAT : "     1.028335429;CPU0;149962;;UNC_M_CAS_COUNT.RD[UNIT4];10241088;100.00;;"
7584 [140461632403136] INFO perfrun.perfcollector <> - PERF_STAT : "     1.028335429;CPU10;62913;;UNC_M_CAS_COUNT.RD[UNIT4];10242231;100.00;;"
7584 [140461632403136] INFO perfrun.perfcollector <> - PERF_STAT : "     1.028335429;CPU0;148463;;UNC_M_CAS_COUNT.RD[UNIT5];10241022;100.00;;"
7584 [140461632403136] INFO perfrun.perfcollector <> - PERF_STAT : "     1.028335429;CPU10;62608;;UNC_M_CAS_COUNT.RD[UNIT5];10242205;100.00;;"
7584 [140461632403136] INFO perfrun.perfcollector <> - PERF_STAT : "     1.028335429;CPU0;27628;;UNC_M_CAS_COUNT.WR[UNIT0];10241002;100.00;;"
7584 [140461632403136] INFO perfrun.perfcollector <> - PERF_STAT : "     1.028335429;CPU10;14138;;UNC_M_CAS_COUNT.WR[UNIT0];10242194;100.00;;"
7584 [140461632403136] INFO perfrun.perfcollector <> - PERF_STAT : "     1.028335429;CPU0;27257;;UNC_M_CAS_COUNT.WR[UNIT1];10240828;100.00;;"
7584 [140461632403136] INFO perfrun.perfcollector <> - PERF_STAT : "     1.028335429;CPU10;13549;;UNC_M_CAS_COUNT.WR[UNIT1];10242191;100.00;;"
7584 [140461632403136] INFO perfrun.perfcollector <> - PERF_STAT : "     1.028335429;CPU0;27642;;UNC_M_CAS_COUNT.WR[UNIT4];10240794;100.00;;"
7584 [140461632403136] INFO perfrun.perfcollector <> - PERF_STAT : "     1.028335429;CPU10;14136;;UNC_M_CAS_COUNT.WR[UNIT4];10242142;100.00;;"
7584 [140461632403136] INFO perfrun.perfcollector <> - PERF_STAT : "     1.028335429;CPU0;27038;;UNC_M_CAS_COUNT.WR[UNIT5];10240686;100.00;;"
7584 [140461632403136] INFO perfrun.perfcollector <> - PERF_STAT : "     1.028335429;CPU10;13572;;UNC_M_CAS_COUNT.WR[UNIT5];10242033;100.00;;"
7594 [140461632403136] INFO perfrun.perfcollector <> - PERF_STAT : "     1.038579125;CPU0;154110;;UNC_M_CAS_COUNT.RD[UNIT0];10245233;100.00;;"
7594 [140461632403136] INFO perfrun.perfcollector <> - PERF_STAT : "     1.038579125;CPU10;59585;;UNC_M_CAS_COUNT.RD[UNIT0];10265167;100.00;;"
7594 [140461632403136] INFO perfrun.perfcollector <> - PERF_STAT : "     1.038579125;CPU0;153226;;UNC_M_CAS_COUNT.RD[UNIT1];10245245;100.00;;"
7594 [140461632403136] INFO perfrun.perfcollector <> - PERF_STAT : "     1.038579125;CPU10;58881;;UNC_M_CAS_COUNT.RD[UNIT1];10265269;100.00;;"
7594 [140461632403136] INFO perfrun.perfcollector <> - PERF_STAT : "     1.038579125;CPU0;154843;;UNC_M_CAS_COUNT.RD[UNIT4];10245316;100.00;;"
7595 [140461632403136] INFO perfrun.perfcollector <> - PERF_STAT : "     1.038579125;CPU10;59462;;UNC_M_CAS_COUNT.RD[UNIT4];10265178;100.00;;"
7595 [140461632403136] INFO perfrun.perfcollector <> - PERF_STAT : "     1.038579125;CPU0;153172;;UNC_M_CAS_COUNT.RD[UNIT5];10265392;100.00;;"
7595 [140461632403136] INFO perfrun.perfcollector <> - PERF_STAT : "     1.038579125;CPU10;58943;;UNC_M_CAS_COUNT.RD[UNIT5];10265162;100.00;;"
7595 [140461632403136] INFO perfrun.perfcollector <> - PERF_STAT : "     1.038579125;CPU0;30956;;UNC_M_CAS_COUNT.WR[UNIT0];10265854;100.00;;"
7595 [140461632403136] INFO perfrun.perfcollector <> - PERF_STAT : "     1.038579125;CPU10;9692;;UNC_M_CAS_COUNT.WR[UNIT0];10265137;100.00;;"
7595 [140461632403136] INFO perfrun.perfcollector <> - PERF_STAT : "     1.038579125;CPU0;30482;;UNC_M_CAS_COUNT.WR[UNIT1];10266204;100.00;;"
7595 [140461632403136] INFO perfrun.perfcollector <> - PERF_STAT : "     1.038579125;CPU10;9138;;UNC_M_CAS_COUNT.WR[UNIT1];10265238;100.00;;"
7595 [140461632403136] INFO perfrun.perfcollector <> - PERF_STAT : "     1.038579125;CPU0;30998;;UNC_M_CAS_COUNT.WR[UNIT4];10266461;100.00;;"
7595 [140461632403136] INFO perfrun.perfcollector <> - PERF_STAT : "     1.038579125;CPU10;9746;;UNC_M_CAS_COUNT.WR[UNIT4];10265257;100.00;;"
7595 [140461632403136] INFO perfrun.perfcollector <> - PERF_STAT : "     1.038579125;CPU0;30475;;UNC_M_CAS_COUNT.WR[UNIT5];10266652;100.00;;"
7595 [140461632403136] INFO perfrun.perfcollector <> - PERF_STAT : "     1.038579125;CPU10;9164;;UNC_M_CAS_COUNT.WR[UNIT5];10265330;100.00;;"
7605 [140461632403136] INFO perfrun.perfcollector <> - PERF_STAT : "     1.048844881;CPU0;152966;;UNC_M_CAS_COUNT.RD[UNIT0];10265755;100.00;;"
7605 [140461632403136] INFO perfrun.perfcollector <> - PERF_STAT : "     1.048844881;CPU10;63745;;UNC_M_CAS_COUNT.RD[UNIT0];10245993;100.00;;"
7605 [140461632403136] INFO perfrun.perfcollector <> - PERF_STAT : "     1.048844881;CPU0;152435;;UNC_M_CAS_COUNT.RD[UNIT1];10265797;100.00;;"
7605 [140461632403136] INFO perfrun.perfcollector <> - PERF_STAT : "     1.048844881;CPU10;62804;;UNC_M_CAS_COUNT.RD[UNIT1];10245874;100.00;;"
7605 [140461632403136] INFO perfrun.perfcollector <> - PERF_STAT : "     1.048844881;CPU0;153567;;UNC_M_CAS_COUNT.RD[UNIT4];10265885;100.00;;"
7605 [140461632403136] INFO perfrun.perfcollector <> - PERF_STAT : "     1.048844881;CPU10;63458;;UNC_M_CAS_COUNT.RD[UNIT4];10246066;100.00;;"
7605 [140461632403136] INFO perfrun.perfcollector <> - PERF_STAT : "     1.048844881;CPU0;152100;;UNC_M_CAS_COUNT.RD[UNIT5];10245867;100.00;;"
7605 [140461632403136] INFO perfrun.perfcollector <> - PERF_STAT : "     1.048844881;CPU10;62908;;UNC_M_CAS_COUNT.RD[UNIT5];10246087;100.00;;"
7605 [140461632403136] INFO perfrun.perfcollector <> - PERF_STAT : "     1.048844881;CPU0;28360;;UNC_M_CAS_COUNT.WR[UNIT0];10245574;100.00;;"
7605 [140461632403136] INFO perfrun.perfcollector <> - PERF_STAT : "     1.048844881;CPU10;14341;;UNC_M_CAS_COUNT.WR[UNIT0];10246049;100.00;;"
7605 [140461632403136] INFO perfrun.perfcollector <> - PERF_STAT : "     1.048844881;CPU0;27700;;UNC_M_CAS_COUNT.WR[UNIT1];10245429;100.00;;"
7605 [140461632403136] INFO perfrun.perfcollector <> - PERF_STAT : "     1.048844881;CPU10;13732;;UNC_M_CAS_COUNT.WR[UNIT1];10246046;100.00;;"
7605 [140461632403136] INFO perfrun.perfcollector <> - PERF_STAT : "     1.048844881;CPU0;28354;;UNC_M_CAS_COUNT.WR[UNIT4];10245243;100.00;;"
7605 [140461632403136] INFO perfrun.perfcollector <> - PERF_STAT : "     1.048844881;CPU10;14251;;UNC_M_CAS_COUNT.WR[UNIT4];10246151;100.00;;"
7605 [140461632403136] INFO perfrun.perfcollector <> - PERF_STAT : "     1.048844881;CPU0;27847;;UNC_M_CAS_COUNT.WR[UNIT5];10245107;100.00;;"
7605 [140461632403136] INFO perfrun.perfcollector <> - PERF_STAT : "     1.048844881;CPU10;13789;;UNC_M_CAS_COUNT.WR[UNIT5];10246153;100.00;;"
7615 [140461632403136] INFO perfrun.perfcollector <> - PERF_STAT : "     1.059090060;CPU0;156461;;UNC_M_CAS_COUNT.RD[UNIT0];10244146;100.00;;"
7615 [140461632403136] INFO perfrun.perfcollector <> - PERF_STAT : "     1.059090060;CPU10;63187;;UNC_M_CAS_COUNT.RD[UNIT0];10243919;100.00;;"
7615 [140461632403136] INFO perfrun.perfcollector <> - PERF_STAT : "     1.059090060;CPU0;155969;;UNC_M_CAS_COUNT.RD[UNIT1];10244290;100.00;;"
7615 [140461632403136] INFO perfrun.perfcollector <> - PERF_STAT : "     1.059090060;CPU10;62361;;UNC_M_CAS_COUNT.RD[UNIT1];10243879;100.00;;"
7615 [140461632403136] INFO perfrun.perfcollector <> - PERF_STAT : "     1.059090060;CPU0;156728;;UNC_M_CAS_COUNT.RD[UNIT4];10244271;100.00;;"
7615 [140461632403136] INFO perfrun.perfcollector <> - PERF_STAT : "     1.059090060;CPU10;62834;;UNC_M_CAS_COUNT.RD[UNIT4];10243868;100.00;;"
7615 [140461632403136] INFO perfrun.perfcollector <> - PERF_STAT : "     1.059090060;CPU0;156066;;UNC_M_CAS_COUNT.RD[UNIT5];10244298;100.00;;"
7615 [140461632403136] INFO perfrun.perfcollector <> - PERF_STAT : "     1.059090060;CPU10;62644;;UNC_M_CAS_COUNT.RD[UNIT5];10244088;100.00;;"
7615 [140461632403136] INFO perfrun.perfcollector <> - PERF_STAT : "     1.059090060;CPU0;32347;;UNC_M_CAS_COUNT.WR[UNIT0];10244166;100.00;;"
7615 [140461632403136] INFO perfrun.perfcollector <> - PERF_STAT : "     1.059090060;CPU10;11694;;UNC_M_CAS_COUNT.WR[UNIT0];10244212;100.00;;"
7615 [140461632403136] INFO perfrun.perfcollector <> - PERF_STAT : "     1.059090060;CPU0;31840;;UNC_M_CAS_COUNT.WR[UNIT1];10244174;100.00;;"
7615 [140461632403136] INFO perfrun.perfcollector <> - PERF_STAT : "     1.059090060;CPU10;11107;;UNC_M_CAS_COUNT.WR[UNIT1];10244107;100.00;;"
7615 [140461632403136] INFO perfrun.perfcollector <> - PERF_STAT : "     1.059090060;CPU0;32214;;UNC_M_CAS_COUNT.WR[UNIT4];10244295;100.00;;"
7615 [140461632403136] INFO perfrun.perfcollector <> - PERF_STAT : "     1.059090060;CPU10;11620;;UNC_M_CAS_COUNT.WR[UNIT4];10244029;100.00;;"
7615 [140461632403136] INFO perfrun.perfcollector <> - PERF_STAT : "     1.059090060;CPU0;31796;;UNC_M_CAS_COUNT.WR[UNIT5];10244277;100.00;;"
7615 [140461632403136] INFO perfrun.perfcollector <> - PERF_STAT : "     1.059090060;CPU10;11150;;UNC_M_CAS_COUNT.WR[UNIT5];10244005;100.00;;"
7625 [140461632403136] INFO perfrun.perfcollector <> - PERF_STAT : "     1.069336338;CPU0;158786;;UNC_M_CAS_COUNT.RD[UNIT0];10249599;100.00;;"
7625 [140461632403136] INFO perfrun.perfcollector <> - PERF_STAT : "     1.069336338;CPU10;62402;;UNC_M_CAS_COUNT.RD[UNIT0];10252469;100.00;;"
7625 [140461632403136] INFO perfrun.perfcollector <> - PERF_STAT : "     1.069336338;CPU0;158332;;UNC_M_CAS_COUNT.RD[UNIT1];10249664;100.00;;"
7625 [140461632403136] INFO perfrun.perfcollector <> - PERF_STAT : "     1.069336338;CPU10;62046;;UNC_M_CAS_COUNT.RD[UNIT1];10252801;100.00;;"
7625 [140461632403136] INFO perfrun.perfcollector <> - PERF_STAT : "     1.069336338;CPU0;159124;;UNC_M_CAS_COUNT.RD[UNIT4];10249524;100.00;;"
7625 [140461632403136] INFO perfrun.perfcollector <> - PERF_STAT : "     1.069336338;CPU10;62481;;UNC_M_CAS_COUNT.RD[UNIT4];10252814;100.00;;"
7625 [140461632403136] INFO perfrun.perfcollector <> - PERF_STAT : "     1.069336338;CPU0;158401;;UNC_M_CAS_COUNT.RD[UNIT5];10249699;100.00;;"
7625 [140461632403136] INFO perfrun.perfcollector <> - PERF_STAT : "     1.069336338;CPU10;61780;;UNC_M_CAS_COUNT.RD[UNIT5];10252583;100.00;;"
7625 [140461632403136] INFO perfrun.perfcollector <> - PERF_STAT : "     1.069336338;CPU0;31206;;UNC_M_CAS_COUNT.WR[UNIT0];10249715;100.00;;"
7625 [140461632403136] INFO perfrun.perfcollector <> - PERF_STAT : "     1.069336338;CPU10;12574;;UNC_M_CAS_COUNT.WR[UNIT0];10252702;100.00;;"
7625 [140461632403136] INFO perfrun.perfcollector <> - PERF_STAT : "     1.069336338;CPU0;30545;;UNC_M_CAS_COUNT.WR[UNIT1];10250005;100.00;;"
7625 [140461632403136] INFO perfrun.perfcollector <> - PERF_STAT : "     1.069336338;CPU10;12064;;UNC_M_CAS_COUNT.WR[UNIT1];10252769;100.00;;"
7625 [140461632403136] INFO perfrun.perfcollector <> - PERF_STAT : "     1.069336338;CPU0;31127;;UNC_M_CAS_COUNT.WR[UNIT4];10249976;100.00;;"
7625 [140461632403136] INFO perfrun.perfcollector <> - PERF_STAT : "     1.069336338;CPU10;12602;;UNC_M_CAS_COUNT.WR[UNIT4];10252771;100.00;;"
7625 [140461632403136] INFO perfrun.perfcollector <> - PERF_STAT : "     1.069336338;CPU0;30571;;UNC_M_CAS_COUNT.WR[UNIT5];10250132;100.00;;"
7625 [140461632403136] INFO perfrun.perfcollector <> - PERF_STAT : "     1.069336338;CPU10;11917;;UNC_M_CAS_COUNT.WR[UNIT5];10252802;100.00;;"
7635 [140461632403136] INFO perfrun.perfcollector <> - PERF_STAT : "     1.079591126;CPU0;156019;;UNC_M_CAS_COUNT.RD[UNIT0];10253837;100.00;;"
7635 [140461632403136] INFO perfrun.perfcollector <> - PERF_STAT : "     1.079591126;CPU10;66318;;UNC_M_CAS_COUNT.RD[UNIT0];10252139;100.00;;"
7635 [140461632403136] INFO perfrun.perfcollector <> - PERF_STAT : "     1.079591126;CPU0;154945;;UNC_M_CAS_COUNT.RD[UNIT1];10253731;100.00;;"
7635 [140461632403136] INFO perfrun.perfcollector <> - PERF_STAT : "     1.079591126;CPU10;65383;;UNC_M_CAS_COUNT.RD[UNIT1];10251907;100.00;;"
7635 [140461632403136] INFO perfrun.perfcollector <> - PERF_STAT : "     1.079591126;CPU0;156004;;UNC_M_CAS_COUNT.RD[UNIT4];10253722;100.00;;"
7636 [140461632403136] INFO perfrun.perfcollector <> - PERF_STAT : "     1.079591126;CPU10;66098;;UNC_M_CAS_COUNT.RD[UNIT4];10251763;100.00;;"
7636 [140461632403136] INFO perfrun.perfcollector <> - PERF_STAT : "     1.079591126;CPU0;155487;;UNC_M_CAS_COUNT.RD[UNIT5];10253653;100.00;;"
7636 [140461632403136] INFO perfrun.perfcollector <> - PERF_STAT : "     1.079591126;CPU10;65729;;UNC_M_CAS_COUNT.RD[UNIT5];10251744;100.00;;"
7636 [140461632403136] INFO perfrun.perfcollector <> - PERF_STAT : "     1.079591126;CPU0;30040;;UNC_M_CAS_COUNT.WR[UNIT0];10253758;100.00;;"
7636 [140461632403136] INFO perfrun.perfcollector <> - PERF_STAT : "     1.079591126;CPU10;14858;;UNC_M_CAS_COUNT.WR[UNIT0];10251532;100.00;;"
7636 [140461632403136] INFO perfrun.perfcollector <> - PERF_STAT : "     1.079591126;CPU0;29349;;UNC_M_CAS_COUNT.WR[UNIT1];10253366;100.00;;"
7636 [140461632403136] INFO perfrun.perfcollector <> - PERF_STAT : "     1.079591126;CPU10;14261;;UNC_M_CAS_COUNT.WR[UNIT1];10251477;100.00;;"
7636 [140461632403136] INFO perfrun.perfcollector <> - PERF_STAT : "     1.079591126;CPU0;29861;;UNC_M_CAS_COUNT.WR[UNIT4];10253272;100.00;;"
7636 [140461632403136] INFO perfrun.perfcollector <> - PERF_STAT : "     1.079591126;CPU10;14886;;UNC_M_CAS_COUNT.WR[UNIT4];10251432;100.00;;"
7636 [140461632403136] INFO perfrun.perfcollector <> - PERF_STAT : "     1.079591126;CPU0;29561;;UNC_M_CAS_COUNT.WR[UNIT5];10253060;100.00;;"
7636 [140461632403136] INFO perfrun.perfcollector <> - PERF_STAT : "     1.079591126;CPU10;14382;;UNC_M_CAS_COUNT.WR[UNIT5];10251430;100.00;;"
7646 [140461632403136] INFO perfrun.perfcollector <> - PERF_STAT : "     1.089839778;CPU0;159437;;UNC_M_CAS_COUNT.RD[UNIT0];10248056;100.00;;"
7646 [140461632403136] INFO perfrun.perfcollector <> - PERF_STAT : "     1.089839778;CPU10;62113;;UNC_M_CAS_COUNT.RD[UNIT0];10247475;100.00;;"
7646 [140461632403136] INFO perfrun.perfcollector <> - PERF_STAT : "     1.089839778;CPU0;159318;;UNC_M_CAS_COUNT.RD[UNIT1];10248242;100.00;;"
7646 [140461632403136] INFO perfrun.perfcollector <> - PERF_STAT : "     1.089839778;CPU10;61205;;UNC_M_CAS_COUNT.RD[UNIT1];10247721;100.00;;"
7646 [140461632403136] INFO perfrun.perfcollector <> - PERF_STAT : "     1.089839778;CPU0;160142;;UNC_M_CAS_COUNT.RD[UNIT4];10248269;100.00;;"
7646 [140461632403136] INFO perfrun.perfcollector <> - PERF_STAT : "     1.089839778;CPU10;61753;;UNC_M_CAS_COUNT.RD[UNIT4];10247757;100.00;;"
7646 [140461632403136] INFO perfrun.perfcollector <> - PERF_STAT : "     1.089839778;CPU0;159123;;UNC_M_CAS_COUNT.RD[UNIT5];10248381;100.00;;"
7646 [140461632403136] INFO perfrun.perfcollector <> - PERF_STAT : "     1.089839778;CPU10;61198;;UNC_M_CAS_COUNT.RD[UNIT5];10247764;100.00;;"
7646 [140461632403136] INFO perfrun.perfcollector <> - PERF_STAT : "     1.089839778;CPU0;33469;;UNC_M_CAS_COUNT.WR[UNIT0];10248284;100.00;;"
7646 [140461632403136] INFO perfrun.perfcollector <> - PERF_STAT : "     1.089839778;CPU10;11450;;UNC_M_CAS_COUNT.WR[UNIT0];10247816;100.00;;"
7646 [140461632403136] INFO perfrun.perfcollector <> - PERF_STAT : "     1.089839778;CPU0;32942;;UNC_M_CAS_COUNT.WR[UNIT1];10248394;100.00;;"
7646 [140461632403136] INFO perfrun.perfcollector <> - PERF_STAT : "     1.089839778;CPU10;10905;;UNC_M_CAS_COUNT.WR[UNIT1];10247815;100.00;;"
7646 [140461632403136] INFO perfrun.perfcollector <> - PERF_STAT : "     1.089839778;CPU0;33419;;UNC_M_CAS_COUNT.WR[UNIT4];10248774;100.00;;"
7646 [140461632403136] INFO perfrun.perfcollector <> - PERF_STAT : "     1.089839778;CPU10;11467;;UNC_M_CAS_COUNT.WR[UNIT4];10247819;100.00;;"
7646 [140461632403136] INFO perfrun.perfcollector <> - PERF_STAT : "     1.089839778;CPU0;32885;;UNC_M_CAS_COUNT.WR[UNIT5];10248868;100.00;;"
7646 [140461632403136] INFO perfrun.perfcollector <> - PERF_STAT : "     1.089839778;CPU10;10988;;UNC_M_CAS_COUNT.WR[UNIT5];10247860;100.00;;"
7656 [140461632403136] INFO perfrun.perfcollector <> - PERF_STAT : "     1.100087352;CPU0;156917;;UNC_M_CAS_COUNT.RD[UNIT0];10246782;100.00;;"
7656 [140461632403136] INFO perfrun.perfcollector <> - PERF_STAT : "     1.100087352;CPU10;63405;;UNC_M_CAS_COUNT.RD[UNIT0];10246822;100.00;;"
7656 [140461632403136] INFO perfrun.perfcollector <> - PERF_STAT : "     1.100087352;CPU0;156095;;UNC_M_CAS_COUNT.RD[UNIT1];10246737;100.00;;"
7656 [140461632403136] INFO perfrun.perfcollector <> - PERF_STAT : "     1.100087352;CPU10;62442;;UNC_M_CAS_COUNT.RD[UNIT1];10246719;100.00;;"
7656 [140461632403136] INFO perfrun.perfcollector <> - PERF_STAT : "     1.100087352;CPU0;157075;;UNC_M_CAS_COUNT.RD[UNIT4];10246770;100.00;;"
7656 [140461632403136] INFO perfrun.perfcollector <> - PERF_STAT : "     1.100087352;CPU10;62965;;UNC_M_CAS_COUNT.RD[UNIT4];10246837;100.00;;"
7656 [140461632403136] INFO perfrun.perfcollector <> - PERF_STAT : "     1.100087352;CPU0;156458;;UNC_M_CAS_COUNT.RD[UNIT5];10246617;100.00;;"
7656 [140461632403136] INFO perfrun.perfcollector <> - PERF_STAT : "     1.100087352;CPU10;62586;;UNC_M_CAS_COUNT.RD[UNIT5];10246855;100.00;;"
7656 [140461632403136] INFO perfrun.perfcollector <> - PERF_STAT : "     1.100087352;CPU0;28868;;UNC_M_CAS_COUNT.WR[UNIT0];10246787;100.00;;"
7656 [140461632403136] INFO perfrun.perfcollector <> - PERF_STAT : "     1.100087352;CPU10;14485;;UNC_M_CAS_COUNT.WR[UNIT0];10246896;100.00;;"
7656 [140461632403136] INFO perfrun.perfcollector <> - PERF_STAT : "     1.100087352;CPU0;28355;;UNC_M_CAS_COUNT.WR[UNIT1];10246703;100.00;;"
7656 [140461632403136] INFO perfrun.perfcollector <> - PERF_STAT : "     1.100087352;CPU10;13927;;UNC_M_CAS_COUNT.WR[UNIT1];10247036;100.00;;"
7656 [140461632403136] INFO perfrun.perfcollector <> - PERF_STAT : "     1.100087352;CPU0;28826;;UNC_M_CAS_COUNT.WR[UNIT4];10246356;100.00;;"
7656 [140461632403136] INFO perfrun.perfcollector <> - PERF_STAT : "     1.100087352;CPU10;14502;;UNC_M_CAS_COUNT.WR[UNIT4];10247020;100.00;;"
7656 [140461632403136] INFO perfrun.perfcollector <> - PERF_STAT : "     1.100087352;CPU0;28389;;UNC_M_CAS_COUNT.WR[UNIT5];10246352;100.00;;"
7656 [140461632403136] INFO perfrun.perfcollector <> - PERF_STAT : "     1.100087352;CPU10;13937;;UNC_M_CAS_COUNT.WR[UNIT5];10247096;100.00;;"
7666 [140461632403136] INFO perfrun.perfcollector <> - PERF_STAT : "     1.110334898;CPU0;159147;;UNC_M_CAS_COUNT.RD[UNIT0];10248193;100.00;;"
7666 [140461632403136] INFO perfrun.perfcollector <> - PERF_STAT : "     1.110334898;CPU10;64959;;UNC_M_CAS_COUNT.RD[UNIT0];10246688;100.00;;"
7666 [140461632403136] INFO perfrun.perfcollector <> - PERF_STAT : "     1.110334898;CPU0;158178;;UNC_M_CAS_COUNT.RD[UNIT1];10248070;100.00;;"
7666 [140461632403136] INFO perfrun.perfcollector <> - PERF_STAT : "     1.110334898;CPU10;64223;;UNC_M_CAS_COUNT.RD[UNIT1];10246441;100.00;;"
7666 [140461632403136] INFO perfrun.perfcollector <> - PERF_STAT : "     1.110334898;CPU0;159134;;UNC_M_CAS_COUNT.RD[UNIT4];10248036;100.00;;"
7666 [140461632403136] INFO perfrun.perfcollector <> - PERF_STAT : "     1.110334898;CPU10;64959;;UNC_M_CAS_COUNT.RD[UNIT4];10246603;100.00;;"
7666 [140461632403136] INFO perfrun.perfcollector <> - PERF_STAT : "     1.110334898;CPU0;158308;;UNC_M_CAS_COUNT.RD[UNIT5];10247999;100.00;;"
7666 [140461632403136] INFO perfrun.perfcollector <> - PERF_STAT : "     1.110334898;CPU10;64451;;UNC_M_CAS_COUNT.RD[UNIT5];10246585;100.00;;"
7666 [140461632403136] INFO perfrun.perfcollector <> - PERF_STAT : "     1.110334898;CPU0;32716;;UNC_M_CAS_COUNT.WR[UNIT0];10247900;100.00;;"
7666 [140461632403136] INFO perfrun.perfcollector <> - PERF_STAT : "     1.110334898;CPU10;12450;;UNC_M_CAS_COUNT.WR[UNIT0];10246451;100.00;;"
7666 [140461632403136] INFO perfrun.perfcollector <> - PERF_STAT : "     1.110334898;CPU0;32004;;UNC_M_CAS_COUNT.WR[UNIT1];10247912;100.00;;"
7666 [140461632403136] INFO perfrun.perfcollector <> - PERF_STAT : "     1.110334898;CPU10;11873;;UNC_M_CAS_COUNT.WR[UNIT1];10246302;100.00;;"
7666 [140461632403136] INFO perfrun.perfcollector <> - PERF_STAT : "     1.110334898;CPU0;32646;;UNC_M_CAS_COUNT.WR[UNIT4];10247974;100.00;;"
7666 [140461632403136] INFO perfrun.perfcollector <> - PERF_STAT : "     1.110334898;CPU10;12476;;UNC_M_CAS_COUNT.WR[UNIT4];10246296;100.00;;"
7666 [140461632403136] INFO perfrun.perfcollector <> - PERF_STAT : "     1.110334898;CPU0;32074;;UNC_M_CAS_COUNT.WR[UNIT5];10247998;100.00;;"
7666 [140461632403136] INFO perfrun.perfcollector <> - PERF_STAT : "     1.110334898;CPU10;11900;;UNC_M_CAS_COUNT.WR[UNIT5];10246069;100.00;;"
7676 [140461632403136] INFO perfrun.perfcollector <> - PERF_STAT : "     1.120580027;CPU0;157754;;UNC_M_CAS_COUNT.RD[UNIT0];10244669;100.00;;"
7676 [140461632403136] INFO perfrun.perfcollector <> - PERF_STAT : "     1.120580027;CPU10;60037;;UNC_M_CAS_COUNT.RD[UNIT0];10245336;100.00;;"
7676 [140461632403136] INFO perfrun.perfcollector <> - PERF_STAT : "     1.120580027;CPU0;157555;;UNC_M_CAS_COUNT.RD[UNIT1];10244830;100.00;;"
7676 [140461632403136] INFO perfrun.perfcollector <> - PERF_STAT : "     1.120580027;CPU10;59157;;UNC_M_CAS_COUNT.RD[UNIT1];10245495;100.00;;"
7676 [140461632403136] INFO perfrun.perfcollector <> - PERF_STAT : "     1.120580027;CPU0;158383;;UNC_M_CAS_COUNT.RD[UNIT4];10244996;100.00;;"
7677 [140461632403136] INFO perfrun.perfcollector <> - PERF_STAT : "     1.120580027;CPU10;59767;;UNC_M_CAS_COUNT.RD[UNIT4];10245322;100.00;;"
7677 [140461632403136] INFO perfrun.perfcollector <> - PERF_STAT : "     1.120580027;CPU0;157709;;UNC_M_CAS_COUNT.RD[UNIT5];10244978;100.00;;"
7677 [140461632403136] INFO perfrun.perfcollector <> - PERF_STAT : "     1.120580027;CPU10;59421;;UNC_M_CAS_COUNT.RD[UNIT5];10245484;100.00;;"
7677 [140461632403136] INFO perfrun.perfcollector <> - PERF_STAT : "     1.120580027;CPU0;31336;;UNC_M_CAS_COUNT.WR[UNIT0];10244883;100.00;;"
7677 [140461632403136] INFO perfrun.perfcollector <> - PERF_STAT : "     1.120580027;CPU10;12481;;UNC_M_CAS_COUNT.WR[UNIT0];10245633;100.00;;"
7677 [140461632403136] INFO perfrun.perfcollector <> - PERF_STAT : "     1.120580027;CPU0;30917;;UNC_M_CAS_COUNT.WR[UNIT1];10244970;100.00;;"
7677 [140461632403136] INFO perfrun.perfcollector <> - PERF_STAT : "     1.120580027;CPU10;11817;;UNC_M_CAS_COUNT.WR[UNIT1];10245644;100.00;;"
7677 [140461632403136] INFO perfrun.perfcollector <> - PERF_STAT : "     1.120580027;CPU0;31312;;UNC_M_CAS_COUNT.WR[UNIT4];10244858;100.00;;"
7677 [140461632403136] INFO perfrun.perfcollector <> - PERF_STAT : "     1.120580027;CPU10;12384;;UNC_M_CAS_COUNT.WR[UNIT4];10245863;100.00;;"
7677 [140461632403136] INFO perfrun.perfcollector <> - PERF_STAT : "     1.120580027;CPU0;30914;;UNC_M_CAS_COUNT.WR[UNIT5];10244835;100.00;;"
7677 [140461632403136] INFO perfrun.perfcollector <> - PERF_STAT : "     1.120580027;CPU10;11917;;UNC_M_CAS_COUNT.WR[UNIT5];10245972;100.00;;"
7687 [140461632403136] INFO perfrun.perfcollector <> - PERF_STAT : "     1.130826560;CPU0;151808;;UNC_M_CAS_COUNT.RD[UNIT0];10247159;100.00;;"
7687 [140461632403136] INFO perfrun.perfcollector <> - PERF_STAT : "     1.130826560;CPU10;62852;;UNC_M_CAS_COUNT.RD[UNIT0];10246027;100.00;;"
7687 [140461632403136] INFO perfrun.perfcollector <> - PERF_STAT : "     1.130826560;CPU0;151023;;UNC_M_CAS_COUNT.RD[UNIT1];10246701;100.00;;"
7687 [140461632403136] INFO perfrun.perfcollector <> - PERF_STAT : "     1.130826560;CPU10;62318;;UNC_M_CAS_COUNT.RD[UNIT1];10245866;100.00;;"
7687 [140461632403136] INFO perfrun.perfcollector <> - PERF_STAT : "     1.130826560;CPU0;152471;;UNC_M_CAS_COUNT.RD[UNIT4];10246399;100.00;;"
7687 [140461632403136] INFO perfrun.perfcollector <> - PERF_STAT : "     1.130826560;CPU10;62750;;UNC_M_CAS_COUNT.RD[UNIT4];10245810;100.00;;"
7687 [140461632403136] INFO perfrun.perfcollector <> - PERF_STAT : "     1.130826560;CPU0;151370;;UNC_M_CAS_COUNT.RD[UNIT5];10246452;100.00;;"
7687 [140461632403136] INFO perfrun.perfcollector <> - PERF_STAT : "     1.130826560;CPU10;62331;;UNC_M_CAS_COUNT.RD[UNIT5];10245744;100.00;;"
7687 [140461632403136] INFO perfrun.perfcollector <> - PERF_STAT : "     1.130826560;CPU0;29298;;UNC_M_CAS_COUNT.WR[UNIT0];10246448;100.00;;"
7687 [140461632403136] INFO perfrun.perfcollector <> - PERF_STAT : "     1.130826560;CPU10;13703;;UNC_M_CAS_COUNT.WR[UNIT0];10245852;100.00;;"
7687 [140461632403136] INFO perfrun.perfcollector <> - PERF_STAT : "     1.130826560;CPU0;28770;;UNC_M_CAS_COUNT.WR[UNIT1];10246266;100.00;;"
7687 [140461632403136] INFO perfrun.perfcollector <> - PERF_STAT : "     1.130826560;CPU10;13195;;UNC_M_CAS_COUNT.WR[UNIT1];10245803;100.00;;"
7687 [140461632403136] INFO perfrun.perfcollector <> - PERF_STAT : "     1.130826560;CPU0;29316;;UNC_M_CAS_COUNT.WR[UNIT4];10246520;100.00;;"
7687 [140461632403136] INFO perfrun.perfcollector <> - PERF_STAT : "     1.130826560;CPU10;13740;;UNC_M_CAS_COUNT.WR[UNIT4];10245509;100.00;;"
7687 [140461632403136] INFO perfrun.perfcollector <> - PERF_STAT : "     1.130826560;CPU0;28861;;UNC_M_CAS_COUNT.WR[UNIT5];10246528;100.00;;"
7687 [140461632403136] INFO perfrun.perfcollector <> - PERF_STAT : "     1.130826560;CPU10;13190;;UNC_M_CAS_COUNT.WR[UNIT5];10245351;100.00;;"
7697 [140461632403136] INFO perfrun.perfcollector <> - PERF_STAT : "     1.141070261;CPU0;153431;;UNC_M_CAS_COUNT.RD[UNIT0];10241868;100.00;;"
7697 [140461632403136] INFO perfrun.perfcollector <> - PERF_STAT : "     1.141070261;CPU10;58452;;UNC_M_CAS_COUNT.RD[UNIT0];10242468;100.00;;"
7697 [140461632403136] INFO perfrun.perfcollector <> - PERF_STAT : "     1.141070261;CPU0;151867;;UNC_M_CAS_COUNT.RD[UNIT1];10242380;100.00;;"
7697 [140461632403136] INFO perfrun.perfcollector <> - PERF_STAT : "     1.141070261;CPU10;57702;;UNC_M_CAS_COUNT.RD[UNIT1];10242351;100.00;;"
7697 [140461632403136] INFO perfrun.perfcollector <> - PERF_STAT : "     1.141070261;CPU0;153669;;UNC_M_CAS_COUNT.RD[UNIT4];10242450;100.00;;"
7697 [140461632403136] INFO perfrun.perfcollector <> - PERF_STAT : "     1.141070261;CPU10;58312;;UNC_M_CAS_COUNT.RD[UNIT4];10242357;100.00;;"
7697 [140461632403136] INFO perfrun.perfcollector <> - PERF_STAT : "     1.141070261;CPU0;152202;;UNC_M_CAS_COUNT.RD[UNIT5];10242513;100.00;;"
7697 [140461632403136] INFO perfrun.perfcollector <> - PERF_STAT : "     1.141070261;CPU10;57638;;UNC_M_CAS_COUNT.RD[UNIT5];10242287;100.00;;"
7697 [140461632403136] INFO perfrun.perfcollector <> - PERF_STAT : "     1.141070261;CPU0;31246;;UNC_M_CAS_COUNT.WR[UNIT0];10242628;100.00;;"
7697 [140461632403136] INFO perfrun.perfcollector <> - PERF_STAT : "     1.141070261;CPU10;9824;;UNC_M_CAS_COUNT.WR[UNIT0];10242055;100.00;;"
7697 [140461632403136] INFO perfrun.perfcollector <> - PERF_STAT : "     1.141070261;CPU0;30569;;UNC_M_CAS_COUNT.WR[UNIT1];10242857;100.00;;"
7697 [140461632403136] INFO perfrun.perfcollector <> - PERF_STAT : "     1.141070261;CPU10;9290;;UNC_M_CAS_COUNT.WR[UNIT1];10242065;100.00;;"
7697 [140461632403136] INFO perfrun.perfcollector <> - PERF_STAT : "     1.141070261;CPU0;31110;;UNC_M_CAS_COUNT.WR[UNIT4];10242632;100.00;;"
7697 [140461632403136] INFO perfrun.perfcollector <> - PERF_STAT : "     1.141070261;CPU10;9798;;UNC_M_CAS_COUNT.WR[UNIT4];10242150;100.00;;"
7697 [140461632403136] INFO perfrun.perfcollector <> - PERF_STAT : "     1.141070261;CPU0;30674;;UNC_M_CAS_COUNT.WR[UNIT5];10242646;100.00;;"
7697 [140461632403136] INFO perfrun.perfcollector <> - PERF_STAT : "     1.141070261;CPU10;9294;;UNC_M_CAS_COUNT.WR[UNIT5];10242271;100.00;;"
7707 [140461632403136] INFO perfrun.perfcollector <> - PERF_STAT : "     1.151312962;CPU0;150647;;UNC_M_CAS_COUNT.RD[UNIT0];10243487;100.00;;"
7707 [140461632403136] INFO perfrun.perfcollector <> - PERF_STAT : "     1.151312962;CPU10;62678;;UNC_M_CAS_COUNT.RD[UNIT0];10242928;100.00;;"
7707 [140461632403136] INFO perfrun.perfcollector <> - PERF_STAT : "     1.151312962;CPU0;150581;;UNC_M_CAS_COUNT.RD[UNIT1];10243564;100.00;;"
7707 [140461632403136] INFO perfrun.perfcollector <> - PERF_STAT : "     1.151312962;CPU10;61591;;UNC_M_CAS_COUNT.RD[UNIT1];10243114;100.00;;"
7707 [140461632403136] INFO perfrun.perfcollector <> - PERF_STAT : "     1.151312962;CPU0;151539;;UNC_M_CAS_COUNT.RD[UNIT4];10243581;100.00;;"
7707 [140461632403136] INFO perfrun.perfcollector <> - PERF_STAT : "     1.151312962;CPU10;62362;;UNC_M_CAS_COUNT.RD[UNIT4];10243266;100.00;;"
7707 [140461632403136] INFO perfrun.perfcollector <> - PERF_STAT : "     1.151312962;CPU0;150453;;UNC_M_CAS_COUNT.RD[UNIT5];10243416;100.00;;"
7707 [140461632403136] INFO perfrun.perfcollector <> - PERF_STAT : "     1.151312962;CPU10;62005;;UNC_M_CAS_COUNT.RD[UNIT5];10243269;100.00;;"
7707 [140461632403136] INFO perfrun.perfcollector <> - PERF_STAT : "     1.151312962;CPU0;26901;;UNC_M_CAS_COUNT.WR[UNIT0];10243232;100.00;;"
7707 [140461632403136] INFO perfrun.perfcollector <> - PERF_STAT : "     1.151312962;CPU10;14226;;UNC_M_CAS_COUNT.WR[UNIT0];10243288;100.00;;"
7707 [140461632403136] INFO perfrun.perfcollector <> - PERF_STAT : "     1.151312962;CPU0;26556;;UNC_M_CAS_COUNT.WR[UNIT1];10243003;100.00;;"
7707 [140461632403136] INFO perfrun.perfcollector <> - PERF_STAT : "     1.151312962;CPU10;13561;;UNC_M_CAS_COUNT.WR[UNIT1];10243610;100.00;;"
7707 [140461632403136] INFO perfrun.perfcollector <> - PERF_STAT : "     1.151312962;CPU0;26924;;UNC_M_CAS_COUNT.WR[UNIT4];10243132;100.00;;"
7707 [140461632403136] INFO perfrun.perfcollector <> - PERF_STAT : "     1.151312962;CPU10;14157;;UNC_M_CAS_COUNT.WR[UNIT4];10243626;100.00;;"
7707 [140461632403136] INFO perfrun.perfcollector <> - PERF_STAT : "     1.151312962;CPU0;26567;;UNC_M_CAS_COUNT.WR[UNIT5];10243083;100.00;;"
7707 [140461632403136] INFO perfrun.perfcollector <> - PERF_STAT : "     1.151312962;CPU10;13652;;UNC_M_CAS_COUNT.WR[UNIT5];10243605;100.00;;"
7717 [140461632403136] INFO perfrun.perfcollector <> - PERF_STAT : "     1.161555234;CPU0;155912;;UNC_M_CAS_COUNT.RD[UNIT0];10243425;100.00;;"
7717 [140461632403136] INFO perfrun.perfcollector <> - PERF_STAT : "     1.161555234;CPU10;62477;;UNC_M_CAS_COUNT.RD[UNIT0];10244560;100.00;;"
7717 [140461632403136] INFO perfrun.perfcollector <> - PERF_STAT : "     1.161555234;CPU0;155651;;UNC_M_CAS_COUNT.RD[UNIT1];10243127;100.00;;"
7717 [140461632403136] INFO perfrun.perfcollector <> - PERF_STAT : "     1.161555234;CPU10;61592;;UNC_M_CAS_COUNT.RD[UNIT1];10244569;100.00;;"
7717 [140461632403136] INFO perfrun.perfcollector <> - PERF_STAT : "     1.161555234;CPU0;156164;;UNC_M_CAS_COUNT.RD[UNIT4];10243442;100.00;;"
7717 [140461632403136] INFO perfrun.perfcollector <> - PERF_STAT : "     1.161555234;CPU10;62229;;UNC_M_CAS_COUNT.RD[UNIT4];10244455;100.00;;"
7717 [140461632403136] INFO perfrun.perfcollector <> - PERF_STAT : "     1.161555234;CPU0;155332;;UNC_M_CAS_COUNT.RD[UNIT5];10243699;100.00;;"
7718 [140461632403136] INFO perfrun.perfcollector <> - PERF_STAT : "     1.161555234;CPU10;61742;;UNC_M_CAS_COUNT.RD[UNIT5];10244409;100.00;;"
7718 [140461632403136] INFO perfrun.perfcollector <> - PERF_STAT : "     1.161555234;CPU0;32109;;UNC_M_CAS_COUNT.WR[UNIT0];10243916;100.00;;"
7718 [140461632403136] INFO perfrun.perfcollector <> - PERF_STAT : "     1.161555234;CPU10;10880;;UNC_M_CAS_COUNT.WR[UNIT0];10244592;100.00;;"
7718 [140461632403136] INFO perfrun.perfcollector <> - PERF_STAT : "     1.161555234;CPU0;31443;;UNC_M_CAS_COUNT.WR[UNIT1];10243957;100.00;;"
7718 [140461632403136] INFO perfrun.perfcollector <> - PERF_STAT : "     1.161555234;CPU10;10243;;UNC_M_CAS_COUNT.WR[UNIT1];10244300;100.00;;"
7718 [140461632403136] INFO perfrun.perfcollector <> - PERF_STAT : "     1.161555234;CPU0;32005;;UNC_M_CAS_COUNT.WR[UNIT4];10243961;100.00;;"
7718 [140461632403136] INFO perfrun.perfcollector <> - PERF_STAT : "     1.161555234;CPU10;10890;;UNC_M_CAS_COUNT.WR[UNIT4];10244540;100.00;;"
7718 [140461632403136] INFO perfrun.perfcollector <> - PERF_STAT : "     1.161555234;CPU0;31515;;UNC_M_CAS_COUNT.WR[UNIT5];10244029;100.00;;"
7718 [140461632403136] INFO perfrun.perfcollector <> - PERF_STAT : "     1.161555234;CPU10;10308;;UNC_M_CAS_COUNT.WR[UNIT5];10244714;100.00;;"
7728 [140461632403136] INFO perfrun.perfcollector <> - PERF_STAT : "     1.171801496;CPU0;155556;;UNC_M_CAS_COUNT.RD[UNIT0];10249899;100.00;;"
7728 [140461632403136] INFO perfrun.perfcollector <> - PERF_STAT : "     1.171801496;CPU10;61195;;UNC_M_CAS_COUNT.RD[UNIT0];10253872;100.00;;"
7728 [140461632403136] INFO perfrun.perfcollector <> - PERF_STAT : "     1.171801496;CPU0;154780;;UNC_M_CAS_COUNT.RD[UNIT1];10250206;100.00;;"
7728 [140461632403136] INFO perfrun.perfcollector <> - PERF_STAT : "     1.171801496;CPU10;60394;;UNC_M_CAS_COUNT.RD[UNIT1];10254047;100.00;;"
7728 [140461632403136] INFO perfrun.perfcollector <> - PERF_STAT : "     1.171801496;CPU0;155820;;UNC_M_CAS_COUNT.RD[UNIT4];10249997;100.00;;"
7728 [140461632403136] INFO perfrun.perfcollector <> - PERF_STAT : "     1.171801496;CPU10;60819;;UNC_M_CAS_COUNT.RD[UNIT4];10253986;100.00;;"
7728 [140461632403136] INFO perfrun.perfcollector <> - PERF_STAT : "     1.171801496;CPU0;155017;;UNC_M_CAS_COUNT.RD[UNIT5];10249853;100.00;;"
7728 [140461632403136] INFO perfrun.perfcollector <> - PERF_STAT : "     1.171801496;CPU10;60508;;UNC_M_CAS_COUNT.RD[UNIT5];10254078;100.00;;"
7728 [140461632403136] INFO perfrun.perfcollector <> - PERF_STAT : "     1.171801496;CPU0;29742;;UNC_M_CAS_COUNT.WR[UNIT0];10249781;100.00;;"
7728 [140461632403136] INFO perfrun.perfcollector <> - PERF_STAT : "     1.171801496;CPU10;13530;;UNC_M_CAS_COUNT.WR[UNIT0];10253851;100.00;;"
7728 [140461632403136] INFO perfrun.perfcollector <> - PERF_STAT : "     1.171801496;CPU0;29329;;UNC_M_CAS_COUNT.WR[UNIT1];10249941;100.00;;"
7728 [140461632403136] INFO perfrun.perfcollector <> - PERF_STAT : "     1.171801496;CPU10;12948;;UNC_M_CAS_COUNT.WR[UNIT1];10253913;100.00;;"
7728 [140461632403136] INFO perfrun.perfcollector <> - PERF_STAT : "     1.171801496;CPU0;29817;;UNC_M_CAS_COUNT.WR[UNIT4];10249905;100.00;;"
7728 [140461632403136] INFO perfrun.perfcollector <> - PERF_STAT : "     1.171801496;CPU10;13414;;UNC_M_CAS_COUNT.WR[UNIT4];10253677;100.00;;"
7728 [140461632403136] INFO perfrun.perfcollector <> - PERF_STAT : "     1.171801496;CPU0;29388;;UNC_M_CAS_COUNT.WR[UNIT5];10249989;100.00;;"
7728 [140461632403136] INFO perfrun.perfcollector <> - PERF_STAT : "     1.171801496;CPU10;12990;;UNC_M_CAS_COUNT.WR[UNIT5];10253534;100.00;;"
7738 [140461632403136] INFO perfrun.perfcollector <> - PERF_STAT : "     1.182058427;CPU0;158746;;UNC_M_CAS_COUNT.RD[UNIT0];10253786;100.00;;"
7738 [140461632403136] INFO perfrun.perfcollector <> - PERF_STAT : "     1.182058427;CPU10;67465;;UNC_M_CAS_COUNT.RD[UNIT0];10251335;100.00;;"
7738 [140461632403136] INFO perfrun.perfcollector <> - PERF_STAT : "     1.182058427;CPU0;158146;;UNC_M_CAS_COUNT.RD[UNIT1];10253604;100.00;;"
7738 [140461632403136] INFO perfrun.perfcollector <> - PERF_STAT : "     1.182058427;CPU10;66275;;UNC_M_CAS_COUNT.RD[UNIT1];10251140;100.00;;"
7738 [140461632403136] INFO perfrun.perfcollector <> - PERF_STAT : "     1.182058427;CPU0;159327;;UNC_M_CAS_COUNT.RD[UNIT4];10253588;100.00;;"
7738 [140461632403136] INFO perfrun.perfcollector <> - PERF_STAT : "     1.182058427;CPU10;66977;;UNC_M_CAS_COUNT.RD[UNIT4];10251094;100.00;;"
7738 [140461632403136] INFO perfrun.perfcollector <> - PERF_STAT : "     1.182058427;CPU0;158445;;UNC_M_CAS_COUNT.RD[UNIT5];10253542;100.00;;"
7738 [140461632403136] INFO perfrun.perfcollector <> - PERF_STAT : "     1.182058427;CPU10;66558;;UNC_M_CAS_COUNT.RD[UNIT5];10251165;100.00;;"
7738 [140461632403136] INFO perfrun.perfcollector <> - PERF_STAT : "     1.182058427;CPU0;31706;;UNC_M_CAS_COUNT.WR[UNIT0];10253767;100.00;;"
7738 [140461632403136] INFO perfrun.perfcollector <> - PERF_STAT : "     1.182058427;CPU10;14220;;UNC_M_CAS_COUNT.WR[UNIT0];10251176;100.00;;"
7738 [140461632403136] INFO perfrun.perfcollector <> - PERF_STAT : "     1.182058427;CPU0;31119;;UNC_M_CAS_COUNT.WR[UNIT1];10253740;100.00;;"
7738 [140461632403136] INFO perfrun.perfcollector <> - PERF_STAT : "     1.182058427;CPU10;13479;;UNC_M_CAS_COUNT.WR[UNIT1];10251080;100.00;;"
7738 [140461632403136] INFO perfrun.perfcollector <> - PERF_STAT : "     1.182058427;CPU0;31656;;UNC_M_CAS_COUNT.WR[UNIT4];10253634;100.00;;"
7738 [140461632403136] INFO perfrun.perfcollector <> - PERF_STAT : "     1.182058427;CPU10;14036;;UNC_M_CAS_COUNT.WR[UNIT4];10251020;100.00;;"
7738 [140461632403136] INFO perfrun.perfcollector <> - PERF_STAT : "     1.182058427;CPU0;31217;;UNC_M_CAS_COUNT.WR[UNIT5];10253527;100.00;;"
7738 [140461632403136] INFO perfrun.perfcollector <> - PERF_STAT : "     1.182058427;CPU10;13656;;UNC_M_CAS_COUNT.WR[UNIT5];10250933;100.00;;"
7748 [140461632403136] INFO perfrun.perfcollector <> - PERF_STAT : "     1.192305306;CPU0;161075;;UNC_M_CAS_COUNT.RD[UNIT0];10246528;100.00;;"
7748 [140461632403136] INFO perfrun.perfcollector <> - PERF_STAT : "     1.192305306;CPU10;62929;;UNC_M_CAS_COUNT.RD[UNIT0];10245578;100.00;;"
7748 [140461632403136] INFO perfrun.perfcollector <> - PERF_STAT : "     1.192305306;CPU0;160909;;UNC_M_CAS_COUNT.RD[UNIT1];10246328;100.00;;"
7748 [140461632403136] INFO perfrun.perfcollector <> - PERF_STAT : "     1.192305306;CPU10;62277;;UNC_M_CAS_COUNT.RD[UNIT1];10245396;100.00;;"
7748 [140461632403136] INFO perfrun.perfcollector <> - PERF_STAT : "     1.192305306;CPU0;161679;;UNC_M_CAS_COUNT.RD[UNIT4];10246652;100.00;;"
7748 [140461632403136] INFO perfrun.perfcollector <> - PERF_STAT : "     1.192305306;CPU10;62868;;UNC_M_CAS_COUNT.RD[UNIT4];10245470;100.00;;"
7748 [140461632403136] INFO perfrun.perfcollector <> - PERF_STAT : "     1.192305306;CPU0;160985;;UNC_M_CAS_COUNT.RD[UNIT5];10246702;100.00;;"
7748 [140461632403136] INFO perfrun.perfcollector <> - PERF_STAT : "     1.192305306;CPU10;62384;;UNC_M_CAS_COUNT.RD[UNIT5];10245305;100.00;;"
7748 [140461632403136] INFO perfrun.perfcollector <> - PERF_STAT : "     1.192305306;CPU0;33547;;UNC_M_CAS_COUNT.WR[UNIT0];10246562;100.00;;"
7748 [140461632403136] INFO perfrun.perfcollector <> - PERF_STAT : "     1.192305306;CPU10;11886;;UNC_M_CAS_COUNT.WR[UNIT0];10245609;100.00;;"
7748 [140461632403136] INFO perfrun.perfcollector <> - PERF_STAT : "     1.192305306;CPU0;33009;;UNC_M_CAS_COUNT.WR[UNIT1];10246549;100.00;;"
7748 [140461632403136] INFO perfrun.perfcollector <> - PERF_STAT : "     1.192305306;CPU10;11338;;UNC_M_CAS_COUNT.WR[UNIT1];10245642;100.00;;"
7748 [140461632403136] INFO perfrun.perfcollector <> - PERF_STAT : "     1.192305306;CPU0;33492;;UNC_M_CAS_COUNT.WR[UNIT4];10246541;100.00;;"
7748 [140461632403136] INFO perfrun.perfcollector <> - PERF_STAT : "     1.192305306;CPU10;11831;;UNC_M_CAS_COUNT.WR[UNIT4];10245670;100.00;;"
7748 [140461632403136] INFO perfrun.perfcollector <> - PERF_STAT : "     1.192305306;CPU0;33122;;UNC_M_CAS_COUNT.WR[UNIT5];10246556;100.00;;"
7748 [140461632403136] INFO perfrun.perfcollector <> - PERF_STAT : "     1.192305306;CPU10;11358;;UNC_M_CAS_COUNT.WR[UNIT5];10245623;100.00;;"
7758 [140461632403136] INFO perfrun.perfcollector <> - PERF_STAT : "     1.202543776;CPU0;156100;;UNC_M_CAS_COUNT.RD[UNIT0];10238652;100.00;;"
7758 [140461632403136] INFO perfrun.perfcollector <> - PERF_STAT : "     1.202543776;CPU10;65411;;UNC_M_CAS_COUNT.RD[UNIT0];10244262;100.00;;"
7758 [140461632403136] INFO perfrun.perfcollector <> - PERF_STAT : "     1.202543776;CPU0;155781;;UNC_M_CAS_COUNT.RD[UNIT1];10238656;100.00;;"
7758 [140461632403136] INFO perfrun.perfcollector <> - PERF_STAT : "     1.202543776;CPU10;64739;;UNC_M_CAS_COUNT.RD[UNIT1];10244619;100.00;;"
7758 [140461632403136] INFO perfrun.perfcollector <> - PERF_STAT : "     1.202543776;CPU0;156514;;UNC_M_CAS_COUNT.RD[UNIT4];10238274;100.00;;"
7758 [140461632403136] INFO perfrun.perfcollector <> - PERF_STAT : "     1.202543776;CPU10;65200;;UNC_M_CAS_COUNT.RD[UNIT4];10244607;100.00;;"
7758 [140461632403136] INFO perfrun.perfcollector <> - PERF_STAT : "     1.202543776;CPU0;155867;;UNC_M_CAS_COUNT.RD[UNIT5];10238258;100.00;;"
7759 [140461632403136] INFO perfrun.perfcollector <> - PERF_STAT : "     1.202543776;CPU10;64726;;UNC_M_CAS_COUNT.RD[UNIT5];10244577;100.00;;"
7759 [140461632403136] INFO perfrun.perfcollector <> - PERF_STAT : "     1.202543776;CPU0;27853;;UNC_M_CAS_COUNT.WR[UNIT0];10238267;100.00;;"
7759 [140461632403136] INFO perfrun.perfcollector <> - PERF_STAT : "     1.202543776;CPU10;14729;;UNC_M_CAS_COUNT.WR[UNIT0];10244282;100.00;;"
7759 [140461632403136] INFO perfrun.perfcollector <> - PERF_STAT : "     1.202543776;CPU0;27359;;UNC_M_CAS_COUNT.WR[UNIT1];10238394;100.00;;"
7759 [140461632403136] INFO perfrun.perfcollector <> - PERF_STAT : "     1.202543776;CPU10;14225;;UNC_M_CAS_COUNT.WR[UNIT1];10244312;100.00;;"
7759 [140461632403136] INFO perfrun.perfcollector <> - PERF_STAT : "     1.202543776;CPU0;27829;;UNC_M_CAS_COUNT.WR[UNIT4];10238401;100.00;;"
7759 [140461632403136] INFO perfrun.perfcollector <> - PERF_STAT : "     1.202543776;CPU10;14708;;UNC_M_CAS_COUNT.WR[UNIT4];10244327;100.00;;"
7759 [140461632403136] INFO perfrun.perfcollector <> - PERF_STAT : "     1.202543776;CPU0;27356;;UNC_M_CAS_COUNT.WR[UNIT5];10238363;100.00;;"
7759 [140461632403136] INFO perfrun.perfcollector <> - PERF_STAT : "     1.202543776;CPU10;14185;;UNC_M_CAS_COUNT.WR[UNIT5];10244410;100.00;;"
7769 [140461632403136] INFO perfrun.perfcollector <> - PERF_STAT : "     1.212795578;CPU0;159884;;UNC_M_CAS_COUNT.RD[UNIT0];10251242;100.00;;"
7769 [140461632403136] INFO perfrun.perfcollector <> - PERF_STAT : "     1.212795578;CPU10;65344;;UNC_M_CAS_COUNT.RD[UNIT0];10245629;100.00;;"
7769 [140461632403136] INFO perfrun.perfcollector <> - PERF_STAT : "     1.212795578;CPU0;159320;;UNC_M_CAS_COUNT.RD[UNIT1];10251303;100.00;;"
7769 [140461632403136] INFO perfrun.perfcollector <> - PERF_STAT : "     1.212795578;CPU10;64683;;UNC_M_CAS_COUNT.RD[UNIT1];10245414;100.00;;"
7769 [140461632403136] INFO perfrun.perfcollector <> - PERF_STAT : "     1.212795578;CPU0;160310;;UNC_M_CAS_COUNT.RD[UNIT4];10251334;100.00;;"
7769 [140461632403136] INFO perfrun.perfcollector <> - PERF_STAT : "     1.212795578;CPU10;65200;;UNC_M_CAS_COUNT.RD[UNIT4];10245438;100.00;;"
7769 [140461632403136] INFO perfrun.perfcollector <> - PERF_STAT : "     1.212795578;CPU0;159750;;UNC_M_CAS_COUNT.RD[UNIT5];10251329;100.00;;"
7769 [140461632403136] INFO perfrun.perfcollector <> - PERF_STAT : "     1.212795578;CPU10;64807;;UNC_M_CAS_COUNT.RD[UNIT5];10245836;100.00;;"
7769 [140461632403136] INFO perfrun.perfcollector <> - PERF_STAT : "     1.212795578;CPU0;32490;;UNC_M_CAS_COUNT.WR[UNIT0];10251295;100.00;;"
7769 [140461632403136] INFO perfrun.perfcollector <> - PERF_STAT : "     1.212795578;CPU10;12066;;UNC_M_CAS_COUNT.WR[UNIT0];10245803;100.00;;"
7769 [140461632403136] INFO perfrun.perfcollector <> - PERF_STAT : "     1.212795578;CPU0;31885;;UNC_M_CAS_COUNT.WR[UNIT1];10251093;100.00;;"
7769 [140461632403136] INFO perfrun.perfcollector <> - PERF_STAT : "     1.212795578;CPU10;11443;;UNC_M_CAS_COUNT.WR[UNIT1];10245776;100.00;;"
7769 [140461632403136] INFO perfrun.perfcollector <> - PERF_STAT : "     1.212795578;CPU0;32501;;UNC_M_CAS_COUNT.WR[UNIT4];10251272;100.00;;"
7769 [140461632403136] INFO perfrun.perfcollector <> - PERF_STAT : "     1.212795578;CPU10;11995;;UNC_M_CAS_COUNT.WR[UNIT4];10245801;100.00;;"
7769 [140461632403136] INFO perfrun.perfcollector <> - PERF_STAT : "     1.212795578;CPU0;32067;;UNC_M_CAS_COUNT.WR[UNIT5];10251281;100.00;;"
7769 [140461632403136] INFO perfrun.perfcollector <> - PERF_STAT : "     1.212795578;CPU10;11573;;UNC_M_CAS_COUNT.WR[UNIT5];10245840;100.00;;"
7779 [140461632403136] INFO perfrun.perfcollector <> - PERF_STAT : "     1.223040959;CPU0;154560;;UNC_M_CAS_COUNT.RD[UNIT0];10246630;100.00;;"
7779 [140461632403136] INFO perfrun.perfcollector <> - PERF_STAT : "     1.223040959;CPU10;61198;;UNC_M_CAS_COUNT.RD[UNIT0];10248053;100.00;;"
7779 [140461632403136] INFO perfrun.perfcollector <> - PERF_STAT : "     1.223040959;CPU0;154090;;UNC_M_CAS_COUNT.RD[UNIT1];10246982;100.00;;"
7779 [140461632403136] INFO perfrun.perfcollector <> - PERF_STAT : "     1.223040959;CPU10;60720;;UNC_M_CAS_COUNT.RD[UNIT1];10248136;100.00;;"
7779 [140461632403136] INFO perfrun.perfcollector <> - PERF_STAT : "     1.223040959;CPU0;155142;;UNC_M_CAS_COUNT.RD[UNIT4];10247019;100.00;;"
7779 [140461632403136] INFO perfrun.perfcollector <> - PERF_STAT : "     1.223040959;CPU10;61186;;UNC_M_CAS_COUNT.RD[UNIT4];10248206;100.00;;"
7779 [140461632403136] INFO perfrun.perfcollector <> - PERF_STAT : "     1.223040959;CPU0;154144;;UNC_M_CAS_COUNT.RD[UNIT5];10247063;100.00;;"
7779 [140461632403136] INFO perfrun.perfcollector <> - PERF_STAT : "     1.223040959;CPU10;60813;;UNC_M_CAS_COUNT.RD[UNIT5];10247902;100.00;;"
7779 [140461632403136] INFO perfrun.perfcollector <> - PERF_STAT : "     1.223040959;CPU0;29545;;UNC_M_CAS_COUNT.WR[UNIT0];10247211;100.00;;"
7779 [140461632403136] INFO perfrun.perfcollector <> - PERF_STAT : "     1.223040959;CPU10;13368;;UNC_M_CAS_COUNT.WR[UNIT0];10248028;100.00;;"
7779 [140461632403136] INFO perfrun.perfcollector <> - PERF_STAT : "     1.223040959;CPU0;29059;;UNC_M_CAS_COUNT.WR[UNIT1];10247300;100.00;;"
7779 [140461632403136] INFO perfrun.perfcollector <> - PERF_STAT : "     1.223040959;CPU10;12756;;UNC_M_CAS_COUNT.WR[UNIT1];10248231;100.00;;"
7779 [140461632403136] INFO perfrun.perfcollector <> - PERF_STAT : "     1.223040959;CPU0;29465;;UNC_M_CAS_COUNT.WR[UNIT4];10247182;100.00;;"
7779 [140461632403136] INFO perfrun.perfcollector <> - PERF_STAT : "     1.223040959;CPU10;13311;;UNC_M_CAS_COUNT.WR[UNIT4];10248198;100.00;;"
7779 [140461632403136] INFO perfrun.perfcollector <> - PERF_STAT : "     1.223040959;CPU0;28943;;UNC_M_CAS_COUNT.WR[UNIT5];10247231;100.00;;"
7779 [140461632403136] INFO perfrun.perfcollector <> - PERF_STAT : "     1.223040959;CPU10;12773;;UNC_M_CAS_COUNT.WR[UNIT5];10248223;100.00;;"
7789 [140461632403136] INFO perfrun.perfcollector <> - PERF_STAT : "     1.233289828;CPU0;152198;;UNC_M_CAS_COUNT.RD[UNIT0];10247862;100.00;;"
7789 [140461632403136] INFO perfrun.perfcollector <> - PERF_STAT : "     1.233289828;CPU10;64015;;UNC_M_CAS_COUNT.RD[UNIT0];10245788;100.00;;"
7789 [140461632403136] INFO perfrun.perfcollector <> - PERF_STAT : "     1.233289828;CPU0;151341;;UNC_M_CAS_COUNT.RD[UNIT1];10247546;100.00;;"
7789 [140461632403136] INFO perfrun.perfcollector <> - PERF_STAT : "     1.233289828;CPU10;63089;;UNC_M_CAS_COUNT.RD[UNIT1];10245659;100.00;;"
7789 [140461632403136] INFO perfrun.perfcollector <> - PERF_STAT : "     1.233289828;CPU0;152253;;UNC_M_CAS_COUNT.RD[UNIT4];10247736;100.00;;"
7789 [140461632403136] INFO perfrun.perfcollector <> - PERF_STAT : "     1.233289828;CPU10;63815;;UNC_M_CAS_COUNT.RD[UNIT4];10245702;100.00;;"
7789 [140461632403136] INFO perfrun.perfcollector <> - PERF_STAT : "     1.233289828;CPU0;151277;;UNC_M_CAS_COUNT.RD[UNIT5];10247656;100.00;;"
7789 [140461632403136] INFO perfrun.perfcollector <> - PERF_STAT : "     1.233289828;CPU10;63387;;UNC_M_CAS_COUNT.RD[UNIT5];10245667;100.00;;"
7789 [140461632403136] INFO perfrun.perfcollector <> - PERF_STAT : "     1.233289828;CPU0;29921;;UNC_M_CAS_COUNT.WR[UNIT0];10247398;100.00;;"
7789 [140461632403136] INFO perfrun.perfcollector <> - PERF_STAT : "     1.233289828;CPU10;13287;;UNC_M_CAS_COUNT.WR[UNIT0];10245619;100.00;;"
7789 [140461632403136] INFO perfrun.perfcollector <> - PERF_STAT : "     1.233289828;CPU0;29434;;UNC_M_CAS_COUNT.WR[UNIT1];10247277;100.00;;"
7789 [140461632403136] INFO perfrun.perfcollector <> - PERF_STAT : "     1.233289828;CPU10;12733;;UNC_M_CAS_COUNT.WR[UNIT1];10245496;100.00;;"
7789 [140461632403136] INFO perfrun.perfcollector <> - PERF_STAT : "     1.233289828;CPU0;29856;;UNC_M_CAS_COUNT.WR[UNIT4];10247251;100.00;;"
7789 [140461632403136] INFO perfrun.perfcollector <> - PERF_STAT : "     1.233289828;CPU10;13362;;UNC_M_CAS_COUNT.WR[UNIT4];10245676;100.00;;"
7789 [140461632403136] INFO perfrun.perfcollector <> - PERF_STAT : "     1.233289828;CPU0;29298;;UNC_M_CAS_COUNT.WR[UNIT5];10247168;100.00;;"
7789 [140461632403136] INFO perfrun.perfcollector <> - PERF_STAT : "     1.233289828;CPU10;12765;;UNC_M_CAS_COUNT.WR[UNIT5];10245793;100.00;;"
7799 [140461632403136] INFO perfrun.perfcollector <> - PERF_STAT : "     1.243534515;CPU0;152761;;UNC_M_CAS_COUNT.RD[UNIT0];10244289;100.00;;"
7799 [140461632403136] INFO perfrun.perfcollector <> - PERF_STAT : "     1.243534515;CPU10;61066;;UNC_M_CAS_COUNT.RD[UNIT0];10244042;100.00;;"
7799 [140461632403136] INFO perfrun.perfcollector <> - PERF_STAT : "     1.243534515;CPU0;152326;;UNC_M_CAS_COUNT.RD[UNIT1];10244449;100.00;;"
7799 [140461632403136] INFO perfrun.perfcollector <> - PERF_STAT : "     1.243534515;CPU10;60185;;UNC_M_CAS_COUNT.RD[UNIT1];10244085;100.00;;"
7799 [140461632403136] INFO perfrun.perfcollector <> - PERF_STAT : "     1.243534515;CPU0;153793;;UNC_M_CAS_COUNT.RD[UNIT4];10244311;100.00;;"
7799 [140461632403136] INFO perfrun.perfcollector <> - PERF_STAT : "     1.243534515;CPU10;60857;;UNC_M_CAS_COUNT.RD[UNIT4];10243920;100.00;;"
7799 [140461632403136] INFO perfrun.perfcollector <> - PERF_STAT : "     1.243534515;CPU0;152136;;UNC_M_CAS_COUNT.RD[UNIT5];10244254;100.00;;"
7800 [140461632403136] INFO perfrun.perfcollector <> - PERF_STAT : "     1.243534515;CPU10;60196;;UNC_M_CAS_COUNT.RD[UNIT5];10243920;100.00;;"
7800 [140461632403136] INFO perfrun.perfcollector <> - PERF_STAT : "     1.243534515;CPU0;30143;;UNC_M_CAS_COUNT.WR[UNIT0];10244348;100.00;;"
7800 [140461632403136] INFO perfrun.perfcollector <> - PERF_STAT : "     1.243534515;CPU10;11443;;UNC_M_CAS_COUNT.WR[UNIT0];10243845;100.00;;"
7800 [140461632403136] INFO perfrun.perfcollector <> - PERF_STAT : "     1.243534515;CPU0;29869;;UNC_M_CAS_COUNT.WR[UNIT1];10244401;100.00;;"
7800 [140461632403136] INFO perfrun.perfcollector <> - PERF_STAT : "     1.243534515;CPU10;10903;;UNC_M_CAS_COUNT.WR[UNIT1];10243769;100.00;;"
7800 [140461632403136] INFO perfrun.perfcollector <> - PERF_STAT : "     1.243534515;CPU0;30321;;UNC_M_CAS_COUNT.WR[UNIT4];10244366;100.00;;"
7800 [140461632403136] INFO perfrun.perfcollector <> - PERF_STAT : "     1.243534515;CPU10;11466;;UNC_M_CAS_COUNT.WR[UNIT4];10243507;100.00;;"
7800 [140461632403136] INFO perfrun.perfcollector <> - PERF_STAT : "     1.243534515;CPU0;29914;;UNC_M_CAS_COUNT.WR[UNIT5];10244431;100.00;;"
7800 [140461632403136] INFO perfrun.perfcollector <> - PERF_STAT : "     1.243534515;CPU10;10897;;UNC_M_CAS_COUNT.WR[UNIT5];10243391;100.00;;"
7810 [140461632403136] INFO perfrun.perfcollector <> - PERF_STAT : "     1.253777083;CPU0;149583;;UNC_M_CAS_COUNT.RD[UNIT0];10241599;100.00;;"
7810 [140461632403136] INFO perfrun.perfcollector <> - PERF_STAT : "     1.253777083;CPU10;63594;;UNC_M_CAS_COUNT.RD[UNIT0];10241366;100.00;;"
7810 [140461632403136] INFO perfrun.perfcollector <> - PERF_STAT : "     1.253777083;CPU0;148939;;UNC_M_CAS_COUNT.RD[UNIT1];10241238;100.00;;"
7810 [140461632403136] INFO perfrun.perfcollector <> - PERF_STAT : "     1.253777083;CPU10;62767;;UNC_M_CAS_COUNT.RD[UNIT1];10241280;100.00;;"
7810 [140461632403136] INFO perfrun.perfcollector <> - PERF_STAT : "     1.253777083;CPU0;150202;;UNC_M_CAS_COUNT.RD[UNIT4];10241072;100.00;;"
7810 [140461632403136] INFO perfrun.perfcollector <> - PERF_STAT : "     1.253777083;CPU10;63496;;UNC_M_CAS_COUNT.RD[UNIT4];10241286;100.00;;"
7810 [140461632403136] INFO perfrun.perfcollector <> - PERF_STAT : "     1.253777083;CPU0;149010;;UNC_M_CAS_COUNT.RD[UNIT5];10241042;100.00;;"
7810 [140461632403136] INFO perfrun.perfcollector <> - PERF_STAT : "     1.253777083;CPU10;62911;;UNC_M_CAS_COUNT.RD[UNIT5];10241220;100.00;;"
7810 [140461632403136] INFO perfrun.perfcollector <> - PERF_STAT : "     1.253777083;CPU0;27690;;UNC_M_CAS_COUNT.WR[UNIT0];10241200;100.00;;"
7810 [140461632403136] INFO perfrun.perfcollector <> - PERF_STAT : "     1.253777083;CPU10;14210;;UNC_M_CAS_COUNT.WR[UNIT0];10241261;100.00;;"
7810 [140461632403136] INFO perfrun.perfcollector <> - PERF_STAT : "     1.253777083;CPU0;27178;;UNC_M_CAS_COUNT.WR[UNIT1];10241364;100.00;;"
7810 [140461632403136] INFO perfrun.perfcollector <> - PERF_STAT : "     1.253777083;CPU10;13662;;UNC_M_CAS_COUNT.WR[UNIT1];10241227;100.00;;"
7810 [140461632403136] INFO perfrun.perfcollector <> - PERF_STAT : "     1.253777083;CPU0;27579;;UNC_M_CAS_COUNT.WR[UNIT4];10241261;100.00;;"
7810 [140461632403136] INFO perfrun.perfcollector <> - PERF_STAT : "     1.253777083;CPU10;14203;;UNC_M_CAS_COUNT.WR[UNIT4];10241332;100.00;;"
7810 [140461632403136] INFO perfrun.perfcollector <> - PERF_STAT : "     1.253777083;CPU0;27103;;UNC_M_CAS_COUNT.WR[UNIT5];10241248;100.00;;"
7810 [140461632403136] INFO perfrun.perfcollector <> - PERF_STAT : "     1.253777083;CPU10;13702;;UNC_M_CAS_COUNT.WR[UNIT5];10241331;100.00;;"
7820 [140461632403136] INFO perfrun.perfcollector <> - PERF_STAT : "     1.264022351;CPU0;154441;;UNC_M_CAS_COUNT.RD[UNIT0];10251026;100.00;;"
7820 [140461632403136] INFO perfrun.perfcollector <> - PERF_STAT : "     1.264022351;CPU10;62889;;UNC_M_CAS_COUNT.RD[UNIT0];10255321;100.00;;"
7820 [140461632403136] INFO perfrun.perfcollector <> - PERF_STAT : "     1.264022351;CPU0;154402;;UNC_M_CAS_COUNT.RD[UNIT1];10251563;100.00;;"
7820 [140461632403136] INFO perfrun.perfcollector <> - PERF_STAT : "     1.264022351;CPU10;62015;;UNC_M_CAS_COUNT.RD[UNIT1];10255619;100.00;;"
7820 [140461632403136] INFO perfrun.perfcollector <> - PERF_STAT : "     1.264022351;CPU0;155164;;UNC_M_CAS_COUNT.RD[UNIT4];10251706;100.00;;"
7820 [140461632403136] INFO perfrun.perfcollector <> - PERF_STAT : "     1.264022351;CPU10;62745;;UNC_M_CAS_COUNT.RD[UNIT4];10255663;100.00;;"
7820 [140461632403136] INFO perfrun.perfcollector <> - PERF_STAT : "     1.264022351;CPU0;154556;;UNC_M_CAS_COUNT.RD[UNIT5];10251906;100.00;;"
7820 [140461632403136] INFO perfrun.perfcollector <> - PERF_STAT : "     1.264022351;CPU10;62503;;UNC_M_CAS_COUNT.RD[UNIT5];10255738;100.00;;"
7820 [140461632403136] INFO perfrun.perfcollector <> - PERF_STAT : "     1.264022351;CPU0;31306;;UNC_M_CAS_COUNT.WR[UNIT0];10251692;100.00;;"
7820 [140461632403136] INFO perfrun.perfcollector <> - PERF_STAT : "     1.264022351;CPU10;10687;;UNC_M_CAS_COUNT.WR[UNIT0];10255695;100.00;;"
7820 [140461632403136] INFO perfrun.perfcollector <> - PERF_STAT : "     1.264022351;CPU0;30934;;UNC_M_CAS_COUNT.WR[UNIT1];10251638;100.00;;"
7820 [140461632403136] INFO perfrun.perfcollector <> - PERF_STAT : "     1.264022351;CPU10;10079;;UNC_M_CAS_COUNT.WR[UNIT1];10255743;100.00;;"
7820 [140461632403136] INFO perfrun.perfcollector <> - PERF_STAT : "     1.264022351;CPU0;31261;;UNC_M_CAS_COUNT.WR[UNIT4];10251873;100.00;;"
7820 [140461632403136] INFO perfrun.perfcollector <> - PERF_STAT : "     1.264022351;CPU10;10632;;UNC_M_CAS_COUNT.WR[UNIT4];10255728;100.00;;"
7820 [140461632403136] INFO perfrun.perfcollector <> - PERF_STAT : "     1.264022351;CPU0;31026;;UNC_M_CAS_COUNT.WR[UNIT5];10251856;100.00;;"
7820 [140461632403136] INFO perfrun.perfcollector <> - PERF_STAT : "     1.264022351;CPU10;10209;;UNC_M_CAS_COUNT.WR[UNIT5];10255707;100.00;;"
7830 [140461632403136] INFO perfrun.perfcollector <> - PERF_STAT : "     1.274271202;CPU0;147455;;UNC_M_CAS_COUNT.RD[UNIT0];10246887;100.00;;"
7830 [140461632403136] INFO perfrun.perfcollector <> - PERF_STAT : "     1.274271202;CPU10;63136;;UNC_M_CAS_COUNT.RD[UNIT0];10242370;100.00;;"
7830 [140461632403136] INFO perfrun.perfcollector <> - PERF_STAT : "     1.274271202;CPU0;147262;;UNC_M_CAS_COUNT.RD[UNIT1];10246715;100.00;;"
7830 [140461632403136] INFO perfrun.perfcollector <> - PERF_STAT : "     1.274271202;CPU10;62008;;UNC_M_CAS_COUNT.RD[UNIT1];10242410;100.00;;"
7830 [140461632403136] INFO perfrun.perfcollector <> - PERF_STAT : "     1.274271202;CPU0;147859;;UNC_M_CAS_COUNT.RD[UNIT4];10246636;100.00;;"
7830 [140461632403136] INFO perfrun.perfcollector <> - PERF_STAT : "     1.274271202;CPU10;62724;;UNC_M_CAS_COUNT.RD[UNIT4];10242206;100.00;;"
7830 [140461632403136] INFO perfrun.perfcollector <> - PERF_STAT : "     1.274271202;CPU0;146837;;UNC_M_CAS_COUNT.RD[UNIT5];10246488;100.00;;"
7830 [140461632403136] INFO perfrun.perfcollector <> - PERF_STAT : "     1.274271202;CPU10;62191;;UNC_M_CAS_COUNT.RD[UNIT5];10242033;100.00;;"
7830 [140461632403136] INFO perfrun.perfcollector <> - PERF_STAT : "     1.274271202;CPU0;29264;;UNC_M_CAS_COUNT.WR[UNIT0];10246621;100.00;;"
7830 [140461632403136] INFO perfrun.perfcollector <> - PERF_STAT : "     1.274271202;CPU10;14853;;UNC_M_CAS_COUNT.WR[UNIT0];10242080;100.00;;"
7830 [140461632403136] INFO perfrun.perfcollector <> - PERF_STAT : "     1.274271202;CPU0;28972;;UNC_M_CAS_COUNT.WR[UNIT1];10246427;100.00;;"
7830 [140461632403136] INFO perfrun.perfcollector <> - PERF_STAT : "     1.274271202;CPU10;14273;;UNC_M_CAS_COUNT.WR[UNIT1];10242345;100.00;;"
7830 [140461632403136] INFO perfrun.perfcollector <> - PERF_STAT : "     1.274271202;CPU0;29408;;UNC_M_CAS_COUNT.WR[UNIT4];10246253;100.00;;"
7830 [140461632403136] INFO perfrun.perfcollector <> - PERF_STAT : "     1.274271202;CPU10;14785;;UNC_M_CAS_COUNT.WR[UNIT4];10242274;100.00;;"
7830 [140461632403136] INFO perfrun.perfcollector <> - PERF_STAT : "     1.274271202;CPU0;28839;;UNC_M_CAS_COUNT.WR[UNIT5];10246159;100.00;;"
7830 [140461632403136] INFO perfrun.perfcollector <> - PERF_STAT : "     1.274271202;CPU10;14292;;UNC_M_CAS_COUNT.WR[UNIT5];10242288;100.00;;"
7840 [140461632403136] INFO perfrun.perfcollector <> - PERF_STAT : "     1.284521226;CPU0;159791;;UNC_M_CAS_COUNT.RD[UNIT0];10248424;100.00;;"
7840 [140461632403136] INFO perfrun.perfcollector <> - PERF_STAT : "     1.284521226;CPU10;63180;;UNC_M_CAS_COUNT.RD[UNIT0];10248341;100.00;;"
7840 [140461632403136] INFO perfrun.perfcollector <> - PERF_STAT : "     1.284521226;CPU0;159438;;UNC_M_CAS_COUNT.RD[UNIT1];10248148;100.00;;"
7840 [140461632403136] INFO perfrun.perfcollector <> - PERF_STAT : "     1.284521226;CPU10;62225;;UNC_M_CAS_COUNT.RD[UNIT1];10248587;100.00;;"
7840 [140461632403136] INFO perfrun.perfcollector <> - PERF_STAT : "     1.284521226;CPU0;160369;;UNC_M_CAS_COUNT.RD[UNIT4];10248205;100.00;;"
7840 [140461632403136] INFO perfrun.perfcollector <> - PERF_STAT : "     1.284521226;CPU10;63062;;UNC_M_CAS_COUNT.RD[UNIT4];10248913;100.00;;"
7840 [140461632403136] INFO perfrun.perfcollector <> - PERF_STAT : "     1.284521226;CPU0;159484;;UNC_M_CAS_COUNT.RD[UNIT5];10248177;100.00;;"
7840 [140461632403136] INFO perfrun.perfcollector <> - PERF_STAT : "     1.284521226;CPU10;62299;;UNC_M_CAS_COUNT.RD[UNIT5];10249129;100.00;;"
7841 [140461632403136] INFO perfrun.perfcollector <> - PERF_STAT : "     1.284521226;CPU0;33040;;UNC_M_CAS_COUNT.WR[UNIT0];10248019;100.00;;"
7841 [140461632403136] INFO perfrun.perfcollector <> - PERF_STAT : "     1.284521226;CPU10;10891;;UNC_M_CAS_COUNT.WR[UNIT0];10249135;100.00;;"
7841 [140461632403136] INFO perfrun.perfcollector <> - PERF_STAT : "     1.284521226;CPU0;32708;;UNC_M_CAS_COUNT.WR[UNIT1];10248156;100.00;;"
7841 [140461632403136] INFO perfrun.perfcollector <> - PERF_STAT : "     1.284521226;CPU10;10344;;UNC_M_CAS_COUNT.WR[UNIT1];10248862;100.00;;"
7841 [140461632403136] INFO perfrun.perfcollector <> - PERF_STAT : "     1.284521226;CPU0;33049;;UNC_M_CAS_COUNT.WR[UNIT4];10248180;100.00;;"
7841 [140461632403136] INFO perfrun.perfcollector <> - PERF_STAT : "     1.284521226;CPU10;10934;;UNC_M_CAS_COUNT.WR[UNIT4];10249063;100.00;;"
7841 [140461632403136] INFO perfrun.perfcollector <> - PERF_STAT : "     1.284521226;CPU0;32855;;UNC_M_CAS_COUNT.WR[UNIT5];10248319;100.00;;"
7841 [140461632403136] INFO perfrun.perfcollector <> - PERF_STAT : "     1.284521226;CPU10;10405;;UNC_M_CAS_COUNT.WR[UNIT5];10249065;100.00;;"
7851 [140461632403136] INFO perfrun.perfcollector <> - PERF_STAT : "     1.294765488;CPU0;158364;;UNC_M_CAS_COUNT.RD[UNIT0];10243393;100.00;;"
7851 [140461632403136] INFO perfrun.perfcollector <> - PERF_STAT : "     1.294765488;CPU10;64294;;UNC_M_CAS_COUNT.RD[UNIT0];10244073;100.00;;"
7851 [140461632403136] INFO perfrun.perfcollector <> - PERF_STAT : "     1.294765488;CPU0;158059;;UNC_M_CAS_COUNT.RD[UNIT1];10243493;100.00;;"
7851 [140461632403136] INFO perfrun.perfcollector <> - PERF_STAT : "     1.294765488;CPU10;63466;;UNC_M_CAS_COUNT.RD[UNIT1];10243585;100.00;;"
7851 [140461632403136] INFO perfrun.perfcollector <> - PERF_STAT : "     1.294765488;CPU0;158805;;UNC_M_CAS_COUNT.RD[UNIT4];10243487;100.00;;"
7851 [140461632403136] INFO perfrun.perfcollector <> - PERF_STAT : "     1.294765488;CPU10;63795;;UNC_M_CAS_COUNT.RD[UNIT4];10243333;100.00;;"
7851 [140461632403136] INFO perfrun.perfcollector <> - PERF_STAT : "     1.294765488;CPU0;157807;;UNC_M_CAS_COUNT.RD[UNIT5];10243654;100.00;;"
7851 [140461632403136] INFO perfrun.perfcollector <> - PERF_STAT : "     1.294765488;CPU10;63515;;UNC_M_CAS_COUNT.RD[UNIT5];10243062;100.00;;"
7851 [140461632403136] INFO perfrun.perfcollector <> - PERF_STAT : "     1.294765488;CPU0;30657;;UNC_M_CAS_COUNT.WR[UNIT0];10243644;100.00;;"
7851 [140461632403136] INFO perfrun.perfcollector <> - PERF_STAT : "     1.294765488;CPU10;14241;;UNC_M_CAS_COUNT.WR[UNIT0];10243417;100.00;;"
7851 [140461632403136] INFO perfrun.perfcollector <> - PERF_STAT : "     1.294765488;CPU0;30332;;UNC_M_CAS_COUNT.WR[UNIT1];10243596;100.00;;"
7851 [140461632403136] INFO perfrun.perfcollector <> - PERF_STAT : "     1.294765488;CPU10;13690;;UNC_M_CAS_COUNT.WR[UNIT1];10243664;100.00;;"
7851 [140461632403136] INFO perfrun.perfcollector <> - PERF_STAT : "     1.294765488;CPU0;30693;;UNC_M_CAS_COUNT.WR[UNIT4];10243765;100.00;;"
7851 [140461632403136] INFO perfrun.perfcollector <> - PERF_STAT : "     1.294765488;CPU10;14127;;UNC_M_CAS_COUNT.WR[UNIT4];10243679;100.00;;"
7851 [140461632403136] INFO perfrun.perfcollector <> - PERF_STAT : "     1.294765488;CPU0;30220;;UNC_M_CAS_COUNT.WR[UNIT5];10243796;100.00;;"
7851 [140461632403136] INFO perfrun.perfcollector <> - PERF_STAT : "     1.294765488;CPU10;13640;;UNC_M_CAS_COUNT.WR[UNIT5];10243762;100.00;;"
7861 [140461632403136] INFO perfrun.perfcollector <> - PERF_STAT : "     1.305010582;CPU0;157028;;UNC_M_CAS_COUNT.RD[UNIT0];10246196;100.00;;"
7861 [140461632403136] INFO perfrun.perfcollector <> - PERF_STAT : "     1.305010582;CPU10;66792;;UNC_M_CAS_COUNT.RD[UNIT0];10246042;100.00;;"
7861 [140461632403136] INFO perfrun.perfcollector <> - PERF_STAT : "     1.305010582;CPU0;156838;;UNC_M_CAS_COUNT.RD[UNIT1];10246236;100.00;;"
7861 [140461632403136] INFO perfrun.perfcollector <> - PERF_STAT : "     1.305010582;CPU10;65960;;UNC_M_CAS_COUNT.RD[UNIT1];10246077;100.00;;"
7861 [140461632403136] INFO perfrun.perfcollector <> - PERF_STAT : "     1.305010582;CPU0;157239;;UNC_M_CAS_COUNT.RD[UNIT4];10246285;100.00;;"
7861 [140461632403136] INFO perfrun.perfcollector <> - PERF_STAT : "     1.305010582;CPU10;66536;;UNC_M_CAS_COUNT.RD[UNIT4];10246128;100.00;;"
7861 [140461632403136] INFO perfrun.perfcollector <> - PERF_STAT : "     1.305010582;CPU0;156835;;UNC_M_CAS_COUNT.RD[UNIT5];10246234;100.00;;"
7861 [140461632403136] INFO perfrun.perfcollector <> - PERF_STAT : "     1.305010582;CPU10;66099;;UNC_M_CAS_COUNT.RD[UNIT5];10246424;100.00;;"
7861 [140461632403136] INFO perfrun.perfcollector <> - PERF_STAT : "     1.305010582;CPU0;31494;;UNC_M_CAS_COUNT.WR[UNIT0];10246246;100.00;;"
7861 [140461632403136] INFO perfrun.perfcollector <> - PERF_STAT : "     1.305010582;CPU10;14194;;UNC_M_CAS_COUNT.WR[UNIT0];10246213;100.00;;"
7861 [140461632403136] INFO perfrun.perfcollector <> - PERF_STAT : "     1.305010582;CPU0;31000;;UNC_M_CAS_COUNT.WR[UNIT1];10246313;100.00;;"
7861 [140461632403136] INFO perfrun.perfcollector <> - PERF_STAT : "     1.305010582;CPU10;13670;;UNC_M_CAS_COUNT.WR[UNIT1];10246141;100.00;;"
7861 [140461632403136] INFO perfrun.perfcollector <> - PERF_STAT : "     1.305010582;CPU0;31352;;UNC_M_CAS_COUNT.WR[UNIT4];10246151;100.00;;"
7861 [140461632403136] INFO perfrun.perfcollector <> - PERF_STAT : "     1.305010582;CPU10;14181;;UNC_M_CAS_COUNT.WR[UNIT4];10246092;100.00;;"
7861 [140461632403136] INFO perfrun.perfcollector <> - PERF_STAT : "     1.305010582;CPU0;30988;;UNC_M_CAS_COUNT.WR[UNIT5];10246141;100.00;;"
7861 [140461632403136] INFO perfrun.perfcollector <> - PERF_STAT : "     1.305010582;CPU10;13712;;UNC_M_CAS_COUNT.WR[UNIT5];10246122;100.00;;"
7871 [140461632403136] INFO perfrun.perfcollector <> - PERF_STAT : "     1.315253157;CPU0;159757;;UNC_M_CAS_COUNT.RD[UNIT0];10240821;100.00;;"
7871 [140461632403136] INFO perfrun.perfcollector <> - PERF_STAT : "     1.315253157;CPU10;62533;;UNC_M_CAS_COUNT.RD[UNIT0];10239694;100.00;;"
7871 [140461632403136] INFO perfrun.perfcollector <> - PERF_STAT : "     1.315253157;CPU0;158854;;UNC_M_CAS_COUNT.RD[UNIT1];10240622;100.00;;"
7871 [140461632403136] INFO perfrun.perfcollector <> - PERF_STAT : "     1.315253157;CPU10;61843;;UNC_M_CAS_COUNT.RD[UNIT1];10239765;100.00;;"
7871 [140461632403136] INFO perfrun.perfcollector <> - PERF_STAT : "     1.315253157;CPU0;160033;;UNC_M_CAS_COUNT.RD[UNIT4];10240518;100.00;;"
7871 [140461632403136] INFO perfrun.perfcollector <> - PERF_STAT : "     1.315253157;CPU10;62399;;UNC_M_CAS_COUNT.RD[UNIT4];10239564;100.00;;"
7871 [140461632403136] INFO perfrun.perfcollector <> - PERF_STAT : "     1.315253157;CPU0;159185;;UNC_M_CAS_COUNT.RD[UNIT5];10240734;100.00;;"
7871 [140461632403136] INFO perfrun.perfcollector <> - PERF_STAT : "     1.315253157;CPU10;62065;;UNC_M_CAS_COUNT.RD[UNIT5];10239344;100.00;;"
7871 [140461632403136] INFO perfrun.perfcollector <> - PERF_STAT : "     1.315253157;CPU0;33461;;UNC_M_CAS_COUNT.WR[UNIT0];10240746;100.00;;"
7871 [140461632403136] INFO perfrun.perfcollector <> - PERF_STAT : "     1.315253157;CPU10;11687;;UNC_M_CAS_COUNT.WR[UNIT0];10239092;100.00;;"
7871 [140461632403136] INFO perfrun.perfcollector <> - PERF_STAT : "     1.315253157;CPU0;32866;;UNC_M_CAS_COUNT.WR[UNIT1];10240569;100.00;;"
7871 [140461632403136] INFO perfrun.perfcollector <> - PERF_STAT : "     1.315253157;CPU10;11126;;UNC_M_CAS_COUNT.WR[UNIT1];10238728;100.00;;"
7871 [140461632403136] INFO perfrun.perfcollector <> - PERF_STAT : "     1.315253157;CPU0;33519;;UNC_M_CAS_COUNT.WR[UNIT4];10240631;100.00;;"
7871 [140461632403136] INFO perfrun.perfcollector <> - PERF_STAT : "     1.315253157;CPU10;11691;;UNC_M_CAS_COUNT.WR[UNIT4];10238445;100.00;;"
7871 [140461632403136] INFO perfrun.perfcollector <> - PERF_STAT : "     1.315253157;CPU0;32983;;UNC_M_CAS_COUNT.WR[UNIT5];10240483;100.00;;"
7871 [140461632403136] INFO perfrun.perfcollector <> - PERF_STAT : "     1.315253157;CPU10;11124;;UNC_M_CAS_COUNT.WR[UNIT5];10238143;100.00;;"
7881 [140461632403136] INFO perfrun.perfcollector <> - PERF_STAT : "     1.325493257;CPU0;149633;;UNC_M_CAS_COUNT.RD[UNIT0];10241380;100.00;;"
7881 [140461632403136] INFO perfrun.perfcollector <> - PERF_STAT : "     1.325493257;CPU10;62795;;UNC_M_CAS_COUNT.RD[UNIT0];10242218;100.00;;"
7881 [140461632403136] INFO perfrun.perfcollector <> - PERF_STAT : "     1.325493257;CPU0;149937;;UNC_M_CAS_COUNT.RD[UNIT1];10241663;100.00;;"
7881 [140461632403136] INFO perfrun.perfcollector <> - PERF_STAT : "     1.325493257;CPU10;61978;;UNC_M_CAS_COUNT.RD[UNIT1];10242121;100.00;;"
7881 [140461632403136] INFO perfrun.perfcollector <> - PERF_STAT : "     1.325493257;CPU0;150174;;UNC_M_CAS_COUNT.RD[UNIT4];10241627;100.00;;"
7881 [140461632403136] INFO perfrun.perfcollector <> - PERF_STAT : "     1.325493257;CPU10;62763;;UNC_M_CAS_COUNT.RD[UNIT4];10242276;100.00;;"
7881 [140461632403136] INFO perfrun.perfcollector <> - PERF_STAT : "     1.325493257;CPU0;149511;;UNC_M_CAS_COUNT.RD[UNIT5];10241671;100.00;;"
7881 [140461632403136] INFO perfrun.perfcollector <> - PERF_STAT : "     1.325493257;CPU10;62037;;UNC_M_CAS_COUNT.RD[UNIT5];10242395;100.00;;"
7881 [140461632403136] INFO perfrun.perfcollector <> - PERF_STAT : "     1.325493257;CPU0;27437;;UNC_M_CAS_COUNT.WR[UNIT0];10241807;100.00;;"
7881 [140461632403136] INFO perfrun.perfcollector <> - PERF_STAT : "     1.325493257;CPU10;14724;;UNC_M_CAS_COUNT.WR[UNIT0];10242319;100.00;;"
7881 [140461632403136] INFO perfrun.perfcollector <> - PERF_STAT : "     1.325493257;CPU0;26950;;UNC_M_CAS_COUNT.WR[UNIT1];10241825;100.00;;"
7882 [140461632403136] INFO perfrun.perfcollector <> - PERF_STAT : "     1.325493257;CPU10;14181;;UNC_M_CAS_COUNT.WR[UNIT1];10242366;100.00;;"
7882 [140461632403136] INFO perfrun.perfcollector <> - PERF_STAT : "     1.325493257;CPU0;27305;;UNC_M_CAS_COUNT.WR[UNIT4];10241791;100.00;;"
7882 [140461632403136] INFO perfrun.perfcollector <> - PERF_STAT : "     1.325493257;CPU10;14770;;UNC_M_CAS_COUNT.WR[UNIT4];10242422;100.00;;"
7882 [140461632403136] INFO perfrun.perfcollector <> - PERF_STAT : "     1.325493257;CPU0;26927;;UNC_M_CAS_COUNT.WR[UNIT5];10241815;100.00;;"
7882 [140461632403136] INFO perfrun.perfcollector <> - PERF_STAT : "     1.325493257;CPU10;14177;;UNC_M_CAS_COUNT.WR[UNIT5];10242439;100.00;;"
7892 [140461632403136] INFO perfrun.perfcollector <> - PERF_STAT : "     1.335735728;CPU0;96236;;UNC_M_CAS_COUNT.RD[UNIT0];10257782;100.00;;"
7893 [140461632403136] INFO perfrun.perfcollector <> - PERF_STAT : "     1.335735728;CPU10;89788;;UNC_M_CAS_COUNT.RD[UNIT0];10257649;100.00;;"
7893 [140461632403136] INFO perfrun.perfcollector <> - PERF_STAT : "     1.335735728;CPU0;109239;;UNC_M_CAS_COUNT.RD[UNIT1];10257365;100.00;;"
7893 [140461835342528] INFO perfrun.launcher <> - Launcher: the profiled application was terminated  with exit code = 0
7893 [140461632403136] INFO perfrun.perfcollector <> - PERF_STAT : "     1.335735728;CPU10;87662;;UNC_M_CAS_COUNT.RD[UNIT1];10260831;100.00;;"
7893 [140461632403136] INFO perfrun.perfcollector <> - PERF_STAT : "     1.335735728;CPU0;115278;;UNC_M_CAS_COUNT.RD[UNIT4];10257018;100.00;;"
7893 [140461632403136] INFO perfrun.perfcollector <> - PERF_STAT : "     1.335735728;CPU10;95061;;UNC_M_CAS_COUNT.RD[UNIT4];10262543;100.00;;"
7893 [140461632403136] INFO perfrun.perfcollector <> - PERF_STAT : "     1.335735728;CPU0;107977;;UNC_M_CAS_COUNT.RD[UNIT5];10256216;100.00;;"
7893 [140461632403136] INFO perfrun.perfcollector <> - PERF_STAT : "     1.335735728;CPU10;89310;;UNC_M_CAS_COUNT.RD[UNIT5];10264055;100.00;;"
7893 [140461632403136] INFO perfrun.perfcollector <> - PERF_STAT : "     1.335735728;CPU0;32238;;UNC_M_CAS_COUNT.WR[UNIT0];10255685;100.00;;"
7893 [140461632403136] INFO perfrun.perfcollector <> - PERF_STAT : "     1.335735728;CPU10;20282;;UNC_M_CAS_COUNT.WR[UNIT0];10265659;100.00;;"
7893 [140461632403136] INFO perfrun.perfcollector <> - PERF_STAT : "     1.335735728;CPU0;31279;;UNC_M_CAS_COUNT.WR[UNIT1];10255255;100.00;;"
7893 [140461632403136] INFO perfrun.perfcollector <> - PERF_STAT : "     1.335735728;CPU10;19664;;UNC_M_CAS_COUNT.WR[UNIT1];10267145;100.00;;"
7893 [140461632403136] INFO perfrun.perfcollector <> - PERF_STAT : "     1.335735728;CPU0;32956;;UNC_M_CAS_COUNT.WR[UNIT4];10254738;100.00;;"
7893 [140461632403136] INFO perfrun.perfcollector <> - PERF_STAT : "     1.335735728;CPU10;21282;;UNC_M_CAS_COUNT.WR[UNIT4];10268587;100.00;;"
7893 [140461632403136] INFO perfrun.perfcollector <> - PERF_STAT : "     1.335735728;CPU0;32612;;UNC_M_CAS_COUNT.WR[UNIT5];10254299;100.00;;"
7893 [140461632403136] INFO perfrun.perfcollector <> - PERF_STAT : "     1.335735728;CPU10;19987;;UNC_M_CAS_COUNT.WR[UNIT5];10270028;100.00;;"
7903 [140461679306432] INFO perfrun.itt <> - stop itt controller
7903 [140461679306432] INFO perfrun.itt <> - detach itt controller
7906 [140461632403136] INFO perfrun.perfcollector <> - PERF_STAT : "     1.346018455;CPU0;11807;;UNC_M_CAS_COUNT.RD[UNIT0];14871966;100.00;;"
7906 [140461632403136] INFO perfrun.perfcollector <> - PERF_STAT : "     1.346018455;CPU10;8115;;UNC_M_CAS_COUNT.RD[UNIT0];14867678;100.00;;"
7906 [140461632403136] INFO perfrun.perfcollector <> - PERF_STAT : "     1.346018455;CPU0;10526;;UNC_M_CAS_COUNT.RD[UNIT1];14872072;100.00;;"
7906 [140461632403136] INFO perfrun.perfcollector <> - PERF_STAT : "     1.346018455;CPU10;8096;;UNC_M_CAS_COUNT.RD[UNIT1];14864581;100.00;;"
7906 [140461632403136] INFO perfrun.perfcollector <> - PERF_STAT : "     1.346018455;CPU0;11674;;UNC_M_CAS_COUNT.RD[UNIT4];14871906;100.00;;"
7906 [140461632403136] INFO perfrun.perfcollector <> - PERF_STAT : "     1.346018455;CPU10;7978;;UNC_M_CAS_COUNT.RD[UNIT4];14862513;100.00;;"
7907 [140461632403136] INFO perfrun.perfcollector <> - PERF_STAT : "     1.346018455;CPU0;10723;;UNC_M_CAS_COUNT.RD[UNIT5];14872050;100.00;;"
7907 [140461632403136] INFO perfrun.perfcollector <> - PERF_STAT : "     1.346018455;CPU10;7405;;UNC_M_CAS_COUNT.RD[UNIT5];14860539;100.00;;"
7907 [140461632403136] INFO perfrun.perfcollector <> - PERF_STAT : "     1.346018455;CPU0;10142;;UNC_M_CAS_COUNT.WR[UNIT0];14871905;100.00;;"
7907 [140461632403136] INFO perfrun.perfcollector <> - PERF_STAT : "     1.346018455;CPU10;4105;;UNC_M_CAS_COUNT.WR[UNIT0];14858577;100.00;;"
7907 [140461632403136] INFO perfrun.perfcollector <> - PERF_STAT : "     1.346018455;CPU0;9297;;UNC_M_CAS_COUNT.WR[UNIT1];14872140;100.00;;"
7907 [140461632403136] INFO perfrun.perfcollector <> - PERF_STAT : "     1.346018455;CPU10;3631;;UNC_M_CAS_COUNT.WR[UNIT1];14856893;100.00;;"
7907 [140461632403136] INFO perfrun.perfcollector <> - PERF_STAT : "     1.346018455;CPU0;10156;;UNC_M_CAS_COUNT.WR[UNIT4];14872240;100.00;;"
7907 [140461632403136] INFO perfrun.perfcollector <> - PERF_STAT : "     1.346018455;CPU10;4073;;UNC_M_CAS_COUNT.WR[UNIT4];14855088;100.00;;"
7907 [140461632403136] INFO perfrun.perfcollector <> - PERF_STAT : "     1.346018455;CPU0;9305;;UNC_M_CAS_COUNT.WR[UNIT5];14872282;100.00;;"
7907 [140461632403136] INFO perfrun.perfcollector <> - PERF_STAT : "     1.346018455;CPU10;3466;;UNC_M_CAS_COUNT.WR[UNIT5];14853297;100.00;;"
7917 [140461632403136] INFO perfrun.perfcollector <> - PERF_STAT : "     1.360838844;CPU0;9362;;UNC_M_CAS_COUNT.RD[UNIT0];10234295;100.00;;"
7917 [140461632403136] INFO perfrun.perfcollector <> - PERF_STAT : "     1.360838844;CPU10;5770;;UNC_M_CAS_COUNT.RD[UNIT0];10253834;100.00;;"
7917 [140461632403136] INFO perfrun.perfcollector <> - PERF_STAT : "     1.360838844;CPU0;8759;;UNC_M_CAS_COUNT.RD[UNIT1];10234554;100.00;;"
7917 [140461632403136] INFO perfrun.perfcollector <> - PERF_STAT : "     1.360838844;CPU10;5604;;UNC_M_CAS_COUNT.RD[UNIT1];10260024;100.00;;"
7917 [140461632403136] INFO perfrun.perfcollector <> - PERF_STAT : "     1.360838844;CPU0;9273;;UNC_M_CAS_COUNT.RD[UNIT4];10234654;100.00;;"
7917 [140461632403136] INFO perfrun.perfcollector <> - PERF_STAT : "     1.360838844;CPU10;5936;;UNC_M_CAS_COUNT.RD[UNIT4];10260037;100.00;;"
7917 [140461632403136] INFO perfrun.perfcollector <> - PERF_STAT : "     1.360838844;CPU0;8713;;UNC_M_CAS_COUNT.RD[UNIT5];10240148;100.00;;"
7917 [140461632403136] INFO perfrun.perfcollector <> - PERF_STAT : "     1.360838844;CPU10;5557;;UNC_M_CAS_COUNT.RD[UNIT5];10260022;100.00;;"
7917 [140461632403136] INFO perfrun.perfcollector <> - PERF_STAT : "     1.360838844;CPU0;4834;;UNC_M_CAS_COUNT.WR[UNIT0];10240310;100.00;;"
7917 [140461632403136] INFO perfrun.perfcollector <> - PERF_STAT : "     1.360838844;CPU10;2285;;UNC_M_CAS_COUNT.WR[UNIT0];10260015;100.00;;"
7917 [140461632403136] INFO perfrun.perfcollector <> - PERF_STAT : "     1.360838844;CPU0;4463;;UNC_M_CAS_COUNT.WR[UNIT1];10240116;100.00;;"
7917 [140461632403136] INFO perfrun.perfcollector <> - PERF_STAT : "     1.360838844;CPU10;2157;;UNC_M_CAS_COUNT.WR[UNIT1];10265607;100.00;;"
7917 [140461632403136] INFO perfrun.perfcollector <> - PERF_STAT : "     1.360838844;CPU0;4861;;UNC_M_CAS_COUNT.WR[UNIT4];10240117;100.00;;"
7917 [140461632403136] INFO perfrun.perfcollector <> - PERF_STAT : "     1.360838844;CPU10;2402;;UNC_M_CAS_COUNT.WR[UNIT4];10265659;100.00;;"
7917 [140461632403136] INFO perfrun.perfcollector <> - PERF_STAT : "     1.360838844;CPU0;4508;;UNC_M_CAS_COUNT.WR[UNIT5];10245619;100.00;;"
7917 [140461632403136] INFO perfrun.perfcollector <> - PERF_STAT : "     1.360838844;CPU10;2029;;UNC_M_CAS_COUNT.WR[UNIT5];10265661;100.00;;"
7920 [140460345517760] INFO perfrun.perfcollector <> - Monitor: runCmd RC = true
7921 [140461679306432] INFO perfrun.perfcollector <> - Monitor: state = 3, error = 1
7923 [140461632403136] INFO perfrun.perfcollector <> - PERF_STAT : "     1.366909497;CPU0;9451;;UNC_M_CAS_COUNT.RD[UNIT0];6043754;100.00;;"
7923 [140461632403136] INFO perfrun.perfcollector <> - PERF_STAT : "     1.366909497;CPU10;5953;;UNC_M_CAS_COUNT.RD[UNIT0];6020484;100.00;;"
7923 [140461632403136] INFO perfrun.perfcollector <> - PERF_STAT : "     1.366909497;CPU0;8883;;UNC_M_CAS_COUNT.RD[UNIT1];6043547;100.00;;"
7923 [140461632403136] INFO perfrun.perfcollector <> - PERF_STAT : "     1.366909497;CPU10;5880;;UNC_M_CAS_COUNT.RD[UNIT1];6013747;100.00;;"
7923 [140461632403136] INFO perfrun.perfcollector <> - PERF_STAT : "     1.366909497;CPU0;9310;;UNC_M_CAS_COUNT.RD[UNIT4];6043492;100.00;;"
7923 [140461632403136] INFO perfrun.perfcollector <> - PERF_STAT : "     1.366909497;CPU10;6116;;UNC_M_CAS_COUNT.RD[UNIT4];6013992;100.00;;"
7923 [140461632403136] INFO perfrun.perfcollector <> - PERF_STAT : "     1.366909497;CPU0;8933;;UNC_M_CAS_COUNT.RD[UNIT5];6037741;100.00;;"
7923 [140461632403136] INFO perfrun.perfcollector <> - PERF_STAT : "     1.366909497;CPU10;5717;;UNC_M_CAS_COUNT.RD[UNIT5];6014046;100.00;;"
7923 [140461632403136] INFO perfrun.perfcollector <> - PERF_STAT : "     1.366909497;CPU0;4192;;UNC_M_CAS_COUNT.WR[UNIT0];6037569;100.00;;"
7923 [140461632403136] INFO perfrun.perfcollector <> - PERF_STAT : "     1.366909497;CPU10;3042;;UNC_M_CAS_COUNT.WR[UNIT0];6014014;100.00;;"
7923 [140461632403136] INFO perfrun.perfcollector <> - PERF_STAT : "     1.366909497;CPU0;3922;;UNC_M_CAS_COUNT.WR[UNIT1];6037585;100.00;;"
7923 [140461632403136] INFO perfrun.perfcollector <> - PERF_STAT : "     1.366909497;CPU10;2766;;UNC_M_CAS_COUNT.WR[UNIT1];6008238;100.00;;"
7923 [140461632403136] INFO perfrun.perfcollector <> - PERF_STAT : "     1.366909497;CPU0;4143;;UNC_M_CAS_COUNT.WR[UNIT4];6037505;100.00;;"
7923 [140461632403136] INFO perfrun.perfcollector <> - PERF_STAT : "     1.366909497;CPU10;3276;;UNC_M_CAS_COUNT.WR[UNIT4];6008162;100.00;;"
7923 [140461632403136] INFO perfrun.perfcollector <> - PERF_STAT : "     1.366909497;CPU0;3855;;UNC_M_CAS_COUNT.WR[UNIT5];6032006;100.00;;"
7923 [140461632403136] INFO perfrun.perfcollector <> - PERF_STAT : "     1.366909497;CPU10;2784;;UNC_M_CAS_COUNT.WR[UNIT5];6008154;100.00;;"
7925 [140460337125056] INFO perfrun.perfcollector <> - Monitor: runCmd RC = true
7925 [140461679306432] INFO perfrun.perfcollector <> - Monitor: state = 3, error = 1
7925 [140461679306432] INFO perfrun.sdk <> - De-allocating TMU: /tmp/amplxe-tmp-phffleck/amplxe-res-1022884-57037543828959926/data.0/systemcollector-1022884-hype1.sc
7926 [140461679306432] INFO perfrun.system <> - closed the system trace file: /tmp/amplxe-tmp-phffleck/amplxe-res-1022884-57037543828959926/data.0/systemcollector-1022884-hype1.sc
7926 [140461835342528] INFO perfrun.launcher <> - Launcher: all plugins were stopped.
7926 [140461835342528] INFO perfrun.launcher <> - DeadlineTimer is going to be destroyed
7926 [140461835342528] INFO perfrun.launcher <> - DeadlineTimer was destroyed
7926 [140461835342528] INFO perfrun.launcher <> - DirectoryMonitor object was destroyed
7926 [140461835342528] WARN perfrun.launcher <> - Stop command is ignored because it is received when collection is already stopped, at file: vcs/perfrun1/launcher/src/command_handler.cpp:212
8068 [140461835342528] INFO perfrun.launcher <> - Application exit code: 0
8068 [140461835342528] INFO perfrun.launcher <> - Exit code: 0
